title;link;snippet
La Fundación Argentina de Nanotecnología visitará la UNCUYO ...;https://www.uncuyo.edu.ar/prensa/la-fundacion-argentina-de-nanotecnologia-visitara-la-uncuyo-para-un-networking-abierto;30 sept 2025 ... La Universidad Nacional de Cuyo (UNCUYO), a través de su Secretaría de ... La jornada, reunirá a especialistas, investigadores, emprendedores y ...
Mendoza será sede en 2026 del mayor encuentro de la industria ...;https://ecocuyo.com/nota/149161/mendoza-sera-sede-en-2026-del-mayor-encuentro-de-la-industria-turistica-argentina/;29 sept 2025 ... Nuestra provincia vivió una segunda jornada de gran relevancia en la Feria Internacional de Turismo (FIT), donde se confirmó uno de los anuncios más ...
Con aroma a expansión: Sandra Marzzan cumple 25 años y ...;https://ecocuyo.com/nota/149163/con-aroma-a-expansion-sandra-marzzan-cumple-25-anos-y-consolida-su-liderazgo-en-el-mercado-de-las-fragancias/;29 sept 2025 ... La empresa mendocina, referente en perfumería y aromatización de ambientes reunió a sus principales distribuidores en una jornada de celebración,
Escuelas de la UNCUYO: aspirantes repasaron cómo serán los ...;https://www.uncuyo.edu.ar/prensa/escuelas-de-la-uncuyo-aspirantes-repasaron-como-seran-los-examenes-de-ingreso;27 sept 2025 ... El encuentro presencial obligatorio para el ingreso a las secundarias de la Universidad Nacional de Cuyo (UNCUYO) ... Jornada Presencial Obligatoria. No ...
Comenzaron en la UNCUYO las Jornadas Nacionales de ...;https://www.uncuyo.edu.ar/prensa/comenzaron-en-la-uncuyo-las-jornadas-nacionales-de-educacion-especial;25 sept 2025 ... ... Universidad Nacional de Cuyo (UNCUYO). Durante dos días habrá conferencias ... Las jornadas se desarrollarán durante la doble jornada del jueves 25 y viernes 26 ...
Inversores frente a frente: así fue el debate que convocó al mundo ...;https://www.mdzol.com/dinero/inversores-frente-frente-asi-fue-el-debate-que-convoco-al-mundo-financiero-mendoza-n1346494;25 sept 2025 ... En una nueva edición del Ciclo de Charlas MDZ, Elena Alonso y Federico Giroldi debatieron en el Hotel Sheraton Mendoza sobre los perfiles de inversión.
Archivo Novedades UDA;https://www.uda.edu.ar/index.php/archivo-novedades-uda;25 sept 2025 ... En el marco del 60° Aniversario, la Universidad del Aconcagua llevó adelante la 1° Jornada del Comité de Discapacidad, un espacio de reflexión, interc... Leer ...
Villa Carlos Paz será sede de la primera Expo Coaching Ontológico ...;https://viapais.com.ar/carlos-paz/villa-carlos-paz-sera-sede-de-la-primera-expo-coaching-ontologico-2025-en-cordoba/;25 sept 2025 ... Villa Carlos Paz se prepara para una jornada de clima inestable y alerta meteorológica. Con el lema “Observar infinitas posibilidades”, la Expo Coaching ...
La Peatonal del Vino vuelve a la Ciudad de Mendoza con una ...;https://ecocuyo.com/nota/149132/la-peatonal-del-vino-vuelve-a-la-ciudad-de-mendoza-con-una-edicion-historica/;24 sept 2025 ... Todos los tickets incluyen copa de vidrio de regalo. Los mismos pueden obtenerse por la plataforma Venti, para la jornada del sábado y del domingo. Además, se ...
En qué conviene invertir: así fue el evento MDZ para saber qué ...;https://www.mdzol.com/dinero/en-que-conviene-invertir-asi-fue-el-evento-mdz-saber-que-camino-seguir-las-finanzas-n1346382;24 sept 2025 ... ... jornada. Entre saludos, fotos y primeras impresiones, ya se percibe el ... Agradecemos especialmente al Hotel Sheraton por recibirnos y a nuestros ...
Todos los Sociales de la inolvidable gala por el comienzo de la ...;https://www.mdzol.com/estilo/todos-los-sociales-la-inolvidable-gala-el-comienzo-la-feria-del-libro-mendoza-n1345612;24 sept 2025 ... La jornada inaugural no fue solo el inicio de once días de programación ... En el Teatro Independencia, aquel material cobró una nueva dimensión puesto ...
La Facultad - Facultad de Artes y Diseño;https://fad.uncuyo.edu.ar/categorias/index/la-facultad35;22 sept 2025 ... Puentes de sentido: Jornada sobre lenguas extranjeras, arte y cultura en la FAD ... El próximo 25 de septiembre, la Facultad de Artes y Diseño de la UNCUYO será ...
El festival Mood Primavera reunió lo mejor del rock mendocino ante ...;https://www.diariouno.com.ar/espectaculos/el-festival-mood-primavera-reunio-lo-mejor-del-rock-mendocino-25000-personas-n1479092;19 sept 2025 ... La jornada comenzó a las 15 y fue una verdadera fiesta de la convivencia ... Ini Ceverino celebra 30 años de música y arte en el Teatro Independencia.
Tango + vino = Mendoza con más de 20 conciertos en toda la ...;https://www.mdzol.com/estilo/tango-vino-mendoza-mas-20-conciertos-toda-la-provincia-n1338862;18 sept 2025 ... La Orquesta Filarmónica de Mendoza dará inicio al festival el sábado 20 de septiembre, a las 21, en el Teatro Independencia. ... jornada en distintos ...
Cultura y Turismo archivos - Guaymallén;https://www.guaymallen.gob.ar/category/prensa/cultura/;11 sept 2025 ... Una jornada que combina deporte, cultura y recreación para celebrar, en comunidad, los 21 años de esta tradicional fiesta en. La obra “Festival del Camote ...
Viernes 12 de septiembre – mendoza.edu.ar;https://www.mendoza.edu.ar/viernes-12-de-septiembre/;8 sept 2025 ... Teatro Independencia, ciudad Mendoza. 21H. El Cuarto Soda La banda El Cuarto ... Domingo 14 de septiembre – Jornada gratuita en el Patio del Le Parc y en la Carpa ...
Se vienen tres días de circo, humor y poesía corporal en el Le Parc ...;https://www.mendovoz.com/eskpe/2025/9/5/se-vienen-tres-dias-de-circo-humor-poesia-corporal-en-el-le-parc-160881.html;4 sept 2025 ... Leer también “Cuentos sinfónicos” en el Teatro Independencia: una propuesta original y distinta ... Domingo 14 de septiembre – Jornada gratuita en el patio del Le ...
La Fundación Argentina de Nanotecnología visitará la UNCUYO ...;https://www.uncuyo.edu.ar/prensa/la-fundacion-argentina-de-nanotecnologia-visitara-la-uncuyo-para-un-networking-abierto;30 sept 2025 ... La Universidad Nacional de Cuyo (UNCUYO), a través de su Secretaría de ... La jornada, reunirá a especialistas, investigadores, emprendedores y ...
Apertura de inscripciones para el Taller “Territorio Emprendedor” en ...;https://www.elcucodigital.com/apertura-de-inscripciones-para-el-taller-territorio-emprendedor-en-tupungato/;29 sept 2025 ... La Municipalidad de Tupungato junto a la Universidad Nacional de Cuyo (UNCuyo) ... Continuidad: Los siguientes miércoles, con doble jornada: 14 a 17h ...
El comunicado del Banco Central luego de que Mercado Pago y ...;https://www.elsol.com.ar/el-pais/el-comunicado-del-banco-central-luego-de-que-mercado-pago-y-otras-fintech-dejaran-de-vender-dolar-oficial/;29 sept 2025 ... En medio de otra jornada de tensión cambiaria, que cerró con el dólar ... Teatro Plaza septiembre 30, 2025 9:45 pm. Histórico debut de San José en la ...
Escuelas de la UNCUYO: aspirantes repasaron cómo serán los ...;https://www.uncuyo.edu.ar/prensa/escuelas-de-la-uncuyo-aspirantes-repasaron-como-seran-los-examenes-de-ingreso;27 sept 2025 ... El encuentro presencial obligatorio para el ingreso a las secundarias de la Universidad Nacional de Cuyo (UNCUYO) ... Jornada Presencial Obligatoria. No ...
Más de mil jóvenes participaron en la feria laboral y educativa en el ...;https://www.godoycruz.gob.ar/mas-mil-jovenes-participaron-la-feria-laboral-educativa-espacio-arizu/;25 sept 2025 ... La jornada comenzó con una charla central que abordó temas claves. Por lo ... El conjunto Ave Fénix hace vibrar el Teatro Plaza con su nuevo recital. 2.
Comenzaron en la UNCUYO las Jornadas Nacionales de ...;https://www.uncuyo.edu.ar/prensa/comenzaron-en-la-uncuyo-las-jornadas-nacionales-de-educacion-especial;25 sept 2025 ... ... Universidad Nacional de Cuyo (UNCUYO). Durante dos días habrá conferencias ... Las jornadas se desarrollarán durante la doble jornada del jueves 25 y viernes 26 ...
¡Apurate! Últimos días para inscribirse a las carreras de Cerámica ...;https://www.elsol.com.ar/educacion/apurate-ultimos-dias-para-inscribirse-a-las-carreras-de-ceramica-en-la-uncuyo/;24 sept 2025 ... La Facultad de Artes y Diseño de la Universidad Nacional de Cuyo (UNCuyo) tiene abiertas, junto con sus demás propuestas educativas de nivel superior,
Vuelve Mendociencia, la muestra interactiva para aprender ...;https://www.uncuyo.edu.ar/prensa/vuelve-mendociencia-la-muestra-interactiva-para-aprender-experimentando;23 sept 2025 ... La Facultad de Ciencias Exactas y Naturales (FCEN) de la Universidad Nacional de Cuyo (UNCUYO) ... Asimismo, está prevista una jornada para público en general, el ...
Escuelas de la UNCUYO: dónde le toca a cada estudiante la ...;https://www.uncuyo.edu.ar/academica/escuelas-de-la-uncuyo-donde-le-toca-a-cada-estudiante-la-jornada-presencial-obligatoria-y-los-examenes;22 sept 2025 ... Escuelas de la UNCUYO: dónde le toca a cada estudiante la jornada presencial obligatoria y los exámenes ... Universidad Nacional de Cuyo (UNCUYO) para ...
Jornada de Transición Energética en la FCE-UNCuyo: empresas ...;https://www.elsol.com.ar/educacion/jornada-de-transicion-energetica-en-la-fce-uncuyo-empresas-energia-y-sostenibilidad/;21 sept 2025 ... La Facultad de Ciencias Económicas de la Universidad Nacional de Cuyo (UNCuyo) organiza su primera Jornada sobre Transición Energética el miércoles 1° de.
Día de la Condena Errada: un llamado internacional a repensar la ...;https://um.edu.ar/noticias/dia-de-la-condena-errada-un-llamado-internacional-a-repensar-la-justicia-penal/;30 sept 2025 ... ... Universidad de Mendoza el Día de la Condena Errada, una jornada internacional dedicada a comprender y prevenir los errores judiciales en el ámbito penal.
FM 94.5 Municipal – Sitio oficial;https://www.malargue.gov.ar/tag/fm-94-5-municipal/;29 sept 2025 ... La Municipalidad de Malargüe oficializó la inauguración de la primera planta ... Durante la jornada, el director de Relaciones con la Comunidad Hector ...
Formación práctica en apicultura: La Planta Apícola fortalece el ...;https://www.malargue.gov.ar/formacion-practica-en-apicultura-la-planta-apicola-fortalece-el-aprendizaje-de-nuevos-productores/;29 sept 2025 ... El pasado sábado, el Área de la Incubadora de Empresas de la Municipalidad de Malargüe ... Durante la jornada, los asistentes participaron de prácticas ...
“La receta de la abuela”: Guaymallén ya tiene su representante para ...;https://www.guaymallen.gob.ar/la-receta-de-la-abuela-guaymallen-ya-tiene-su-representante-para-la-final-provincial/;29 sept 2025 ... En esta edición, María Cristina Gómez– representante del Centro de Jubilados Ríos de Agua Viva- resultó la ganadora de la jornada ... Polideportivo Municipal de ...
Día del Diseñador en Indumentaria - Universidad de Mendoza;https://um.edu.ar/noticias/dia-del-disenador-en-indumentaria/;28 sept 2025 ... Desde 2012, se celebra oficialmente como jornada nacional en homenaje a los diseñadores de indumentaria y textil. En la Universidad de Mendoza, nos ...
Octubre es diseño: UM celebra el Mes del Diseño con talleres ...;https://um.edu.ar/noticias/octubre-es-diseno-um-celebra-el-mes-del-diseno-con-talleres-desfiles-y-una-jornada-de-materiales/;28 sept 2025 ... 🛠️ 3 de octubre: Workshop para estudiantes de primer año, una jornada de inmersión creativa que promueve el trabajo interdisciplinario desde el inicio de la ...
Agua Escondida recibió la primavera con fiesta, música y tradiciones;https://www.malargue.gov.ar/agua-escondida-recibio-la-primavera-con-fiesta-musica-y-tradiciones/;28 sept 2025 ... El cierre estuvo marcado por un gran baile popular, coronando una jornada donde la comunidad, junto al apoyo de la Municipalidad de Malargüe, reafirmó sus lazos ...
Valle Hermoso se prepara para la Gran Peña del Valle;https://viapais.com.ar/carlos-paz/valle-hermoso-se-prepara-para-la-gran-pena-del-valle/;26 sept 2025 ... El próximo sábado 4 de octubre, la localidad de Valle Hermoso vivirá una jornada ... El evento se llevará a cabo desde el mediodía en el Polideportivo Municipal ...
Archivo Novedades UDA;https://www.uda.edu.ar/index.php/archivo-novedades-uda;25 sept 2025 ... En el marco del 60° Aniversario, la Universidad del Aconcagua llevó adelante la 1° Jornada del Comité de Discapacidad, un espacio de reflexión, interc...
Reprogramación de actividades por condiciones climáticas ...;https://www.tunuyan.gov.ar/site/reprogramacion-de-actividades-por-condiciones-climaticas/;25 sept 2025 ... La jornada, será en el Auditorio Municipal, a las 17 horas y se presentarán ... : a partir de las 18 hs Finales deportivas, Polideportivo Municipal.
Noticias – FEM | Federación Económica de Mendoza;https://femza.org.ar/noticias/;28 sept 2025 ... La FEM impulsa una agenda conjunta con el Consejo Profesional de Ciencias Económicas ... 3ra Jornada de Actualización Empresaria 29 agosto, 2025 El pasado jueves ...
Vuelven el Zonda y las tormentas con granizo: qué zonas se verán ...;https://www.elsol.com.ar/mendoza/vuelven-viento-zonda-y-tormentas-con-caida-de-granizo-que-zonas-se-veran-afectadas/;23 sept 2025 ... El viento Zonda volverá a sentirse en Mendoza el viernes en un amplio sector de la cordillera de los Andes. ... jornada del viernes. En la misma línea, el ...
Consejo Profesional de Ciencias Económicas de Mendoza ...;https://cpcemza.org.ar/C1018_mendoza-finance-prep-workshop;22 sept 2025 ... Esta jornada de trabajomarca el inicio del camino hacia el Finance Day & Roadshow de noviembre, el evento insignia para el futuro del financiamiento minero ...
El temporal en alta montaña no permitió reabrir el paso Cristo ...;https://diariosanrafael.com.ar/el-temporal-en-alta-montana-no-permitio-reabrir-el-paso-cristo-redentor-que-continuara-cerrado-al-menos-hasta-el-lunes/;20 sept 2025 ... Autoridades fundamentaron la decisión en que continúa “la inestabilidad con nevadas en cordillera durante la jornada”. ... cordillera de los Andes por el fin de ...
El temporal en alta montaña no permitió reabrir el paso a Chile, que ...;https://www.elsol.com.ar/mendoza/el-temporal-en-alta-montana-no-permitio-reabrir-el-paso-a-chile-que-continuara-cerrado-al-menos-hasta-el-lunes/;20 sept 2025 ... Autoridades fundamentaron la decisión en que continúa “la inestabilidad con nevadas en cordillera durante la jornada”. ... cordillera de los Andes por el fin de ...
El ... - Consejo Profesional de Ciencias Económicas de Mendoza;https://cpcemza.org.ar/A6132_el-tribunal-de-etica-del-cpce-mendoza-visito-san-rafael-en-una-jornada-de-fortalecimiento-institucional-y-profesional;15 sept 2025 ... El pasado miércoles 10 de septiembre, el Tribunal de Ética del Consejo Profesional de Ciencias Económicas ... La jornada dejó un saldo muy positivo, no solo por ...
El riesgo para Mendoza de una posible erupción del volcán ...;https://diariosanrafael.com.ar/el-riesgo-para-mendoza-de-una-posible-erupcion-del-volcan-planchon-peteroa/;12 sept 2025 ... ... cordillera de Los Andes. En este caso, entre el límite de Chile y Argentina ... Fuente: Jornada. image_pdf image_print. Click para descargar o imprimir ...
La maestra que enseña a 25 chicos de Polvaredas, más cerca de ...;https://www.diariouno.com.ar/sociedad/la-maestra-que-ensena-25-chicos-polvaredas-mas-cerca-chile-que-mendoza-n1474365;10 sept 2025 ... Mónica Oviedo trabaja en el corazón de la Cordillera de los Andes ... La jornada escolar se extiende más allá de lo académico: después de las ...
Consejo Profesional de Ciencias Económicas de Mendoza ...;https://cpcemza.org.ar/A6129_primera-jornada-de-transicion-energetica-en-la-uncuyo;9 sept 2025 ... La jornada contará con la participación de especialistas nacionales e ... Consejo Profesional de Ciencias Económicas. Av. España 560, Ciudad de Mendoza
Se ... - Consejo Profesional de Ciencias Económicas de Mendoza;https://cpcemza.org.ar/A6126_se-realizo-el-25o-congreso-nacional-de-profesionales-de-ciencias-economicas;3 sept 2025 ... La primera jornada comenzó con el panel “Alternativas para una reforma ... Consejo Profesional de Ciencias Económicas. Av. España 560, Ciudad de Mendoza
“La receta de la abuela”: Guaymallén ya tiene su representante para ...;https://www.guaymallen.gob.ar/la-receta-de-la-abuela-guaymallen-ya-tiene-su-representante-para-la-final-provincial/;29 sept 2025 ... ... jornada con su torta de zanahoria y canela, con la que competirá ... Será el martes 14 de octubre en el Espacio Cultural Julio Le Parc. Estará a cargo ...
Octubre Rosa: Guaymallén invita a realizarse los controles que ...;https://www.guaymallen.gob.ar/octubre-rosa-guaymallen-invita-a-realizarse-los-controles-que-salvan-vidas/;28 sept 2025 ... Jornada dedicada a promover la detección temprana y la importancia de los controles anuales. ... Será el martes 14 de octubre en el Espacio Cultural Julio Le Parc ...
La Feria del Libro retomó con fuerza tras la suspensión por el ...;https://www.diariouno.com.ar/sociedad/la-feria-del-libro-retomo-fuerza-la-suspension-el-temporal-viento-n1481571;26 sept 2025 ... ... Espacio Cultural Julio Le Parc de Guaymallén, con actividades paralelas en San Rafael y San Martín. La jornada arrancará con dos presentaciones simultáneas ...
La Feria del Libro 2025 ya está en marcha – mendoza.edu.ar;https://www.mendoza.edu.ar/la-feria-del-libro-2025-ya-esta-en-marcha/;25 sept 2025 ... ... Espacio Cultural Julio Le Parc será la casa de las letras mendocinas. ... La jornada comenzó con la presentación del libro Política, comunidad y filosofía ...
Actividades – FEM | Federación Económica de Mendoza;https://femza.org.ar/actividades/;25 sept 2025 ... La Federación Económica de Mendoza (FEM) junto a SCRUM Hub de Negocios invitan a participar de la 4ta Jornada ... Espacio Cultural Julio Le Parc. Este gran ...
La Feria del Libro 2025 se extiende a San Martín y San Rafael: el ...;https://www.diariouno.com.ar/sociedad/la-feria-del-libro-2025-se-extiende-san-martin-y-san-rafael-el-programa-del-segundo-dia-n1480988;25 sept 2025 ... Las actividades de la segunda jornada de la ... jornada, en la que las actividades se extenderán a los departamentos. El Espacio Cultural Julio Le Parc ...
Empezó la Feria del Libro en el Le Parc: opciones desde $2.000 y ...;https://www.elsol.com.ar/mendoza/empezo-la-feria-del-libro-en-el-le-parc-libros-desde-2-000-y-muchas-actividades-durante-once-dias/;24 sept 2025 ... ... Espacio Cultural Julio Le Parc. El evento, que contó con buena concurrencia de mendocinos en la primera jornada, se extenderá hasta el domingo 5 de octubre.
Todos los Sociales de la inolvidable gala por el comienzo de la ...;https://www.mdzol.com/estilo/todos-los-sociales-la-inolvidable-gala-el-comienzo-la-feria-del-libro-mendoza-n1345612;24 sept 2025 ... La jornada inaugural no fue solo el inicio de once días de programación ... Espacio Cultural Julio Le Parc y en cinco departamentos de la provincia ...
Arranca la Feria del Libro de Mendoza 2025 y esta es la ...;https://www.diariouno.com.ar/sociedad/programacion-la-primera-jornada-la-feria-del-libro-mendoza-2025-n1480613;23 sept 2025 ... La sede central será en el Espacio Cultural Julio Le Parc, ubicado en Godoy Cruz y Mitre de Guaymallén. ... jornada con un espectáculo circense. De lunes a ...
Se abre la convocatoria para participar de la Fiesta de las ...;https://www.guaymallen.gob.ar/se-abre-la-convocatoria-para-participar-de-la-fiesta-de-las-colectividades-2025/;22 sept 2025 ... Para ello deberán reunir los siguientes requisitos: – Presentar un número artístico por jornada, que formará parte de la programación del escenario principal. – ...
Mendoza será sede en 2026 del mayor encuentro de la industria ...;https://ecocuyo.com/nota/149161/mendoza-sera-sede-en-2026-del-mayor-encuentro-de-la-industria-turistica-argentina/;29 sept 2025 ... Nuestra provincia vivió una segunda jornada de gran relevancia en la Feria Internacional de Turismo (FIT), donde se confirmó uno de los anuncios más ...
Con aroma a expansión: Sandra Marzzan cumple 25 años y ...;https://ecocuyo.com/nota/149163/con-aroma-a-expansion-sandra-marzzan-cumple-25-anos-y-consolida-su-liderazgo-en-el-mercado-de-las-fragancias/;29 sept 2025 ... La empresa mendocina, referente en perfumería y aromatización de ambientes reunió a sus principales distribuidores en una jornada de celebración,
Inversores frente a frente: así fue el debate que convocó al mundo ...;https://www.mdzol.com/dinero/inversores-frente-frente-asi-fue-el-debate-que-convoco-al-mundo-financiero-mendoza-n1346494;25 sept 2025 ... Bajo el título “Inversor de riesgo vs. Inversor conservador. ¿Cuál considerás que sos?”, la jornada reunió a destacados referentes y a un público ávido de ...
Villa Carlos Paz será sede de la primera Expo Coaching Ontológico ...;https://viapais.com.ar/carlos-paz/villa-carlos-paz-sera-sede-de-la-primera-expo-coaching-ontologico-2025-en-cordoba/;25 sept 2025 ... Villa Carlos Paz se prepara para una jornada de clima inestable y alerta meteorológica. Con el lema “Observar infinitas posibilidades”, la Expo Coaching ...
La Peatonal del Vino vuelve a la Ciudad de Mendoza con una ...;https://ecocuyo.com/nota/149132/la-peatonal-del-vino-vuelve-a-la-ciudad-de-mendoza-con-una-edicion-historica/;24 sept 2025 ... Todos los tickets incluyen copa de vidrio de regalo. Los mismos pueden obtenerse por la plataforma Venti, para la jornada del sábado y del domingo. Además, se ...
En qué conviene invertir: así fue el evento MDZ para saber qué ...;https://www.mdzol.com/dinero/en-que-conviene-invertir-asi-fue-el-evento-mdz-saber-que-camino-seguir-las-finanzas-n1346382;24 sept 2025 ... ... jornada. Entre saludos, fotos y primeras impresiones, ya se percibe el ... Agradecemos especialmente al Hotel Sheraton por recibirnos y a nuestros ...
JORNADA DE SEGUROS A+C MENDOZA 2025 Entradas, Mie, 24 ...;https://www.eventbrite.com.ar/e/jornada-de-seguros-ac-mendoza-2025-tickets-1610259823479;23 sept 2025 ... Eventbrite - Grupo Sol Comunicaciones presenta JORNADA DE SEGUROS A+C MENDOZA 2025 - Miércoles, 24 de septiembre de 2025 en Hilton Mendoza Hotel, ...
Tupungato fue sede provincial del Encuentro Anual de Red y ...;https://tupungato.gov.ar/?p=49375;21 sept 2025 ... La jornada tuvo como objetivo consolidar un círculo de apoyo e intercambio ... El viernes pasado se llevó a cabo en el Hotel Turismo Tupungato el ...
Maratón Territorio Yacopini: El running mendocino se prepara para ...;https://www.diariouno.com.ar/empresas/maraton-territorio-yacopini-el-running-mendocino-se-prepara-una-jornada-celebracion-y-deporte-n1479673;21 sept 2025 ... Maratón Territorio Yacopini: El running mendocino se prepara para una jornada de celebración y deporte. El domingo 28 de septiembre de 2025, el running ...
Centro Médico Valpa: un nuevo espacio de salud integral en el ...;https://ecocuyo.com/nota/149091/centro-medico-valpa-un-nuevo-espacio-de-salud-integral-en-el-corazon-de-mendoza/;18 sept 2025 ... Durante la jornada se abordarán temas vinculados al cuidado integral de la mujer y la importancia de la prevención en salud. Habrá sorteo de premios entre los ...
Se viene otra edición de la fiesta de “La Primavera” en Guaymallén ...;https://www.guaymallen.gob.ar/se-viene-otra-edicion-de-la-fiesta-de-la-primavera-en-guaymallen-2/;24 sept 2025 ... Una jornada que combina deporte, cultura y recreación para celebrar, en comunidad, los 21 años de esta tradicional fiesta en La Primavera.
Llega la cuarta edición de la Media Maratón del IUSP en ...;https://www.mendovoz.com/deportes/polideportivo/2025/9/19/llega-la-cuarta-edicion-de-la-media-maraton-del-iusp-en-guaymallen-161691.html;18 sept 2025 ... Además de la actividad deportiva, la jornada tendrá un fuerte enfoque social y de prevención, al coincidir con el Día de la Madre y el Día Internacional de ...
Funcionarios de Bienestar Universitario de todo el país sesionan en ...;https://www.uncuyo.edu.ar/prensa/funcionarios-de-bienestar-universitario-de-todo-el-pais-sesionan-en-mar-del-plata;"14 sept 2025 ... Inaugurarán la jornada, el vicerrector de la UNMdP, Raúl Conde; la presidente de la Comisión de Extensión del CIN y rectora del Instituto Universitario ..."
El Jardín Santa Clara de Asís vivenció la innovadora experiencia ...;https://www.mendoza.edu.ar/el-jardin-santa-clara-de-asis-vivencio-la-innovadora-experiencia-aventuras-en-movimiento/;7 sept 2025 ... La propuesta recreativa “Aventuras en Movimiento” fue el disparador para disfrutar de una jornada ... Instituto Universitario de Educación Física Dr. Jorge ...
Juzgado de Tránsito Municipal – Sitio oficial;https://www.malargue.gov.ar/tag/juzgado-de-transito-municipal/;3 sept 2025 ... La jornada contó con la participación activa de la Municipalidad de Malargüe, a través del Juzgado de Tránsito Municipal y el CEL (Centro de Educación Vial ...
Pliego provisorio;https://www.mendoza.gov.ar/wp-content/uploads/sites/67/2025/08/MODERNIZACION-DE-RIEGO-CANAL-MATRIZ-VALLE-DE-UCO-SISTEMA-informacion-1.pdf;31 ago 2025 ... Desde el 2015 el Instituto Nacional de Vitivinicultura (INV) reconoce ... JORNADA DE TRABAJO. TRABAJOS NOCTURNOS O EN DÍAS FESTIVOS ............... 44.
Segunda edición del Mercado de Ideas - Godoy Cruz;https://www.godoycruz.gob.ar/segunda-edicion-del-mercado-ideas/;29 sept 2025 ... Además, invitan la Municipalidad de Godoy Cruz y la UCA. Así, durante la jornada se desarrollarán capacitaciones, conversatorios y talleres enfocados en ...
Godoy Cruz celebró la primavera con “Que vuelvan los lentos ...;https://www.godoycruz.gob.ar/godoy-cruz-celebro-la-primavera-vuelvan-los-lentos/;28 sept 2025 ... La jornada cerró con éxito: el público respondió con entusiasmo, bailó ... Municipalidad de Godoy Cruz. Dirección. Rivadavia 448. Horario. Lunes a viernes ...
El Intendente se sumó a la nueva edición de la Maratón Territorio ...;https://www.godoycruz.gob.ar/intendente-se-sumo-la-nueva-edicion-la-maraton-territorio-yacopini/;27 sept 2025 ... La jornada concluyó con éxito: los corredores completaron sus recorridos ... Municipalidad de Godoy Cruz. Dirección. Rivadavia 448. Horario. Lunes a ...
La renovada plaza Biritos sumó mejoras en el espacio canino ...;https://www.godoycruz.gob.ar/la-plaza-biritos-sumo-un-renovado-espacio-canino/;26 sept 2025 ... El Municipio también pensó en los animales durante la jornada. Entonces ... Municipalidad de Godoy Cruz. Dirección. Rivadavia 448. Horario. Lunes a viernes ...
Más de mil jóvenes participaron en la feria laboral y educativa en el ...;https://www.godoycruz.gob.ar/mas-mil-jovenes-participaron-la-feria-laboral-educativa-espacio-arizu/;25 sept 2025 ... La jornada comenzó con una charla central que abordó temas claves. Por lo ... Municipalidad de Godoy Cruz. Dirección. Rivadavia 448. Horario. Lunes a ...
Más de 200 artistas se reúnen este fin de semana para dibujar en ...;https://www.diariouno.com.ar/sociedad/mas-200-artistas-se-reunen-este-fin-semana-dibujar-vivo-espacios-urbanos-mendoza-n1481304;25 sept 2025 ... La cita comenzará este viernes a las 18 en el Museo Municipal de Arte Moderno de Mendoza (MMAMM), con una apertura que incluirá un recorrido por el centro ...
Cuál es el festival para disfrutar este fin de semana en Godoy Cruz ...;https://www.mdzol.com/sociedad/cual-es-el-festival-disfrutar-este-fin-semana-godoy-cruz-entrada-libre-y-gratuita-n1346504;25 sept 2025 ... Organizado por la Municipalidad de Godoy Cruz en conjunto con la ... La jornada también contará con las presentaciones de Los Tequila, Qaraduras ...
El Parque San Vicente se prepara para tres días de festival: llega ...;https://www.godoycruz.gob.ar/parque-san-vicente-se-prepara-tres-dias-festival-llega-amegam-2025/;24 sept 2025 ... El domingo será la jornada más familiar, con propuestas recreativas para todas las edades desde el mediodía. ... Municipalidad de Godoy Cruz. Dirección.
El Parque San Vicente se prepara para recibir al Festival Amegam ...;https://www.mendovoz.com/godoy-cruz/la-comuna/2025/9/25/el-parque-san-vicente-se-prepara-para-recibir-al-festival-amegam-2025-161970.html;24 sept 2025 ... Durante tres días, la Municipalidad de Godoy Cruz ... El domingo 28 será el cierre de lujo del festival, con una jornada llena de actividades familiares, juegos ...
Más de 130 alumnos celebraron la primavera inclusiva con juegos y ...;https://www.godoycruz.gob.ar/juegos-diversion-picnic-celebrar-la-primavera-inclusiva/;24 sept 2025 ... La jornada también incluyó un espacio de promoción de la salud con un taller ... Municipalidad de Godoy Cruz. Dirección. Rivadavia 448. Horario. Lunes a ...
El cierre del Septiembre Musical convocó a una multitud en Plaza ...;https://viapais.com.ar/entretenimiento/el-cierre-del-septiembre-musical-convoco-a-una-multitud-en-plaza-independencia/;30 sept 2025 ... Plaza Independencia se convirtió en escenario de un auténtico festival ... La jornada fue fruto del trabajo conjunto entre el Ministerio del Interior ...
Paso a Chile: el estado actual y el pronóstico para los próximos días;https://www.mdzol.com/sociedad/paso-chile-el-estado-actual-y-el-pronostico-los-proximos-dias-n1350310;"30 sept 2025 ... La Dirección de Contingencias Climáticas anticipa una jornada estable y poco nubosa. Las temperaturas son las siguientes: Uspallata: 2°; Punta de Vaca: - 5° ..."
“La receta de la abuela”: Guaymallén ya tiene su representante para ...;https://www.guaymallen.gob.ar/la-receta-de-la-abuela-guaymallen-ya-tiene-su-representante-para-la-final-provincial/;29 sept 2025 ... En esta edición, María Cristina Gómez– representante del Centro de Jubilados Ríos de Agua Viva- resultó la ganadora de la jornada ... Polideportivo Municipal de ...
Paso a Chile: cómo se encuentra la frontera internacional;https://www.mdzol.com/sociedad/paso-chile-como-se-encuentra-la-frontera-internacional-n1348474;"28 sept 2025 ... A primera mañana, las temperaturas son las siguientes: Uspallata: 3°; Punta de Vaca: - 4°; Puente del Inca ..."
Valle Hermoso se prepara para la Gran Peña del Valle;https://viapais.com.ar/carlos-paz/valle-hermoso-se-prepara-para-la-gran-pena-del-valle/;26 sept 2025 ... El próximo sábado 4 de octubre, la localidad de Valle Hermoso vivirá una jornada ... El evento se llevará a cabo desde el mediodía en el Polideportivo Municipal ...
Más de 200 artistas se reúnen este fin de semana para dibujar en ...;https://www.diariouno.com.ar/sociedad/mas-200-artistas-se-reunen-este-fin-semana-dibujar-vivo-espacios-urbanos-mendoza-n1481304;25 sept 2025 ... Desde la plaza Independencia hasta el Cerro de la Gloria, pasando por paseos ... Domingo 28: la jornada se trasladará al Parque General San Martín, con ...
Reprogramación de actividades por condiciones climáticas ...;https://www.tunuyan.gov.ar/site/reprogramacion-de-actividades-por-condiciones-climaticas/;25 sept 2025 ... La jornada, será en el Auditorio Municipal, a las 17 horas y se presentarán ... : a partir de las 18 hs Finales deportivas, Polideportivo Municipal.
Empezó la Feria del Libro en el Le Parc: opciones desde $2.000 y ...;https://www.elsol.com.ar/mendoza/empezo-la-feria-del-libro-en-el-le-parc-libros-desde-2-000-y-muchas-actividades-durante-once-dias/;24 sept 2025 ... El evento, que contó con buena concurrencia de mendocinos en la primera jornada, se extenderá hasta el domingo 5 de octubre. Esta edición está dedicada al ...
¡Apurate! Últimos días para inscribirse a las carreras de Cerámica ...;https://www.elsol.com.ar/educacion/apurate-ultimos-dias-para-inscribirse-a-las-carreras-de-ceramica-en-la-uncuyo/;24 sept 2025 ... El Curso Vocacional de Ingreso comienza el sábado 18 de octubre a las 9 h con una jornada presencial y continúa en formato virtual para todas las carreras de la ...
Capital será sede del 1° Encuentro Federal de Urban Sketchers ...;https://www.elsol.com.ar/cultura/capital-sera-sede-del-1-encuentro-federal-de-urban-sketchers-argentina/;24 sept 2025 ... La apertura será este viernes en el Museo Municipal de Arte Moderno, en la Plaza Independencia. ... jornada con un concierto del Dúo Nautas, integrado por ...
Día de la Condena Errada: un llamado internacional a repensar la ...;https://um.edu.ar/noticias/dia-de-la-condena-errada-un-llamado-internacional-a-repensar-la-justicia-penal/;30 sept 2025 ... ... Universidad de Mendoza el Día de la Condena Errada, una jornada internacional dedicada a comprender y prevenir los errores judiciales en el ámbito penal.
Día del Diseñador en Indumentaria - Universidad de Mendoza;https://um.edu.ar/noticias/dia-del-disenador-en-indumentaria/;28 sept 2025 ... Desde 2012, se celebra oficialmente como jornada nacional en homenaje a los diseñadores de indumentaria y textil. En la Universidad de Mendoza, nos ...
Universidad Católica Argentina - UCA;https://uca.edu.ar/es/noticias/olimpiadas-interuca-2025---sociales-obtuvo-el-premio-a-la-mejor-hinchada;28 sept 2025 ... El pasado miércoles 24 de septiembre se llevaron a cabo las Olimpiadas InterUCA 2025 en las instalaciones del Club Ciudad de Buenos Aires. La jornada se ...
Octubre es diseño: UM celebra el Mes del Diseño con talleres ...;https://um.edu.ar/noticias/octubre-es-diseno-um-celebra-el-mes-del-diseno-con-talleres-desfiles-y-una-jornada-de-materiales/;28 sept 2025 ... 🛠️ 3 de octubre: Workshop para estudiantes de primer año, una jornada de inmersión creativa que promueve el trabajo interdisciplinario desde el inicio de la ...
Comenzaron en la UNCUYO las Jornadas Nacionales de ...;https://www.uncuyo.edu.ar/prensa/comenzaron-en-la-uncuyo-las-jornadas-nacionales-de-educacion-especial;"25 sept 2025 ... ... Universidad Nacional de Cuyo (UNCUYO). Durante dos días habrá conferencias ... ""Esta jornada se va a tratar de compartir experiencias, de construir en ..."
Investigadores y emprendedores vinculados a la UNCUYO ...;https://www.uncuyo.edu.ar/ciencia_tecnica_y_posgrado/fanenlauncuyo2025;25 sept 2025 ... El pasado jueves 18 de septiembre, en el Área de Innovación del Parque TIC de la UNCUYO fue el punto de encuentro para una jornada de intercambio con ...
Universidad Católica Argentina - UCA;https://uca.edu.ar/es/noticias/interuca-2025-la-copa-fue-para-ingenieria-y-ciencias-agrarias-de-la-sede-buenos-aires;24 sept 2025 ... La Facultad de Ingeniería y Ciencias Agrarias de la Sede Buenos Aires fue la nueva campeona de las Olimpíadas InterUCA 2025. La jornada de actividades ...
Del pizarrón al prompt: desafíos de la Inteligencia Artificial en la vida ...;https://www.ucongreso.edu.ar/del-pizarron-al-prompt-desafios-de-la-inteligencia-artificial-en-la-vida-universitaria/;22 sept 2025 ... Programa por jornada. Jueves 25 de septiembre. Eje temático: Reflexiones sociotécnicas, políticas y epistémicas sobre la IA en la universidad. Disertantes ...
Henry Tong en el ITU: brindó una charla sobre Web3, hackathon e ...;https://itu.uncuyo.edu.ar/henry-tong-en-el-itu-brindo-una-charla-sobre-web3-hackathon-e-inspiracion;22 sept 2025 ... El reconocido arquitecto de Software ofreció una jornada a estudiantes de Desarrollo de Software de la Sub Sede Campus TIC del ITU UNCUYO.
Escuelas de la UNCUYO: dónde le toca a cada estudiante la ...;https://www.uncuyo.edu.ar/academica/escuelas-de-la-uncuyo-donde-le-toca-a-cada-estudiante-la-jornada-presencial-obligatoria-y-los-examenes;22 sept 2025 ... La Universidad Nacional de Cuyo informa a qué escuela debe asistir cada uno de los aspirantes a ingresar a primer año para la jornada presencial obligatoria ...
Concepción: alumnos recorrieron los íconos culturales de la ciudad;https://viapais.com.ar/educacion/concepcion-alumnos-recorrieron-los-iconos-culturales-de-la-ciudad/;30 sept 2025 ... La Dirección de Turismo de la Municipalidad de Concepción organizó una jornada especial destinada a los alumnos de 2°, 3° y 4° grado de la Escuela Amalia ...
La Fundación Argentina de Nanotecnología visitará la UNCUYO ...;https://www.uncuyo.edu.ar/prensa/la-fundacion-argentina-de-nanotecnologia-visitara-la-uncuyo-para-un-networking-abierto;30 sept 2025 ... La jornada, reunirá a especialistas, investigadores, emprendedores y representantes del sector productivo, se realizará este jueves 18 de septiembre, de 9 a ...
Cómo usar Microsoft 365, nueva edición de la capacitación para ...;https://www.uncuyo.edu.ar/academica/como-usar-microsoft-365-nueva-edicion-de-la-capacitacion-para-personal-nodocente;30 sept 2025 ... ... Universidad Nacional de Cuyo que desee adquirir o mejorar sus competencias en ... Se desarrollará en una jornada presencial de 3 horas reloj. El taller ...
Apertura de inscripciones para el Taller “Territorio Emprendedor” en ...;https://www.elcucodigital.com/apertura-de-inscripciones-para-el-taller-territorio-emprendedor-en-tupungato/;29 sept 2025 ... La Municipalidad de Tupungato junto a la Universidad Nacional de Cuyo (UNCuyo) ... Continuidad: Los siguientes miércoles, con doble jornada: 14 a 17h ...
Mendociencia 2025: la feria de la UNCuyo con estaciones ...;https://www.elsol.com.ar/educacion/mendociencia-2025-la-feria-de-la-uncuyo-con-estaciones-interactivas-para-estudiantes-y-publico-general/;29 sept 2025 ... ... Universidad Nacional de Cuyo (Padre Jorge Contreras 1300, Ciudad). Se ... En esta edición, se sumará una jornada abierta al público general, el sábado ...
Recolectaba residuos urbanos y soñaba con ser maestra: lo logró y ...;https://www.diariouno.com.ar/sociedad/recolectaba-residuos-urbanos-y-sonaba-ser-maestra-lo-logro-y-hoy-ensena-cuidar-el-planeta-n1479926;28 sept 2025 ... Empecé a trabajar con ellos, primero como cartonera, luego separando basura, cargando camiones, haciendo de todo un poco”, recuerda. Su jornada era interminable ...
Escuelas de la UNCUYO: aspirantes repasaron cómo serán los ...;https://www.uncuyo.edu.ar/prensa/escuelas-de-la-uncuyo-aspirantes-repasaron-como-seran-los-examenes-de-ingreso;27 sept 2025 ... Fue en el encuentro presencial obligatorio previo a los exámenes de ingreso a primer año. Durante la jornada, los estudiantes recibieron consejos y detalles ...
¿Por qué se celebra hoy el Día Internacional del Acceso Universal a ...;https://www.uncuyo.edu.ar/transformaciondigital/dia-internacional-del-acceso-universal-a-la-informacion7654;27 sept 2025 ... Esta jornada había sido proclamada por la Conferencia General de la UNESCO en 2015, tras la adopción de la Resolución 38 C/57 que proclama el 28 de ...
Con un doblete de Julián Álvarez, Atlético de Madrid le dio una ...;https://www.diariouno.com.ar/ovacion/futbol/con-un-doblete-julian-alvarez-atletico-madrid-le-dio-una-paliza-real-madrid-el-derbi-n1481578;26 sept 2025 ... Julián Álvarez, que entre semana había convertido un Hat-Trick, se despachó con un doblete durante la jornada de este sábado. Los goles del Araña sirvieron, ...
Comenzaron en la UNCUYO las Jornadas Nacionales de ...;https://www.uncuyo.edu.ar/prensa/comenzaron-en-la-uncuyo-las-jornadas-nacionales-de-educacion-especial;"25 sept 2025 ... ... Universidad Nacional de Cuyo (UNCUYO). Durante dos días habrá conferencias ... ""Esta jornada se va a tratar de compartir experiencias, de construir en ..."
Semana de la Odontología Latinoamericana 2025 - Facultad de ...;https://www.fodonto.uncuyo.edu.ar/semana-odonto-2025;25 sept 2025 ... Asimismo se llevará a cabo una jornada con ciclo de conferencias gratuitas para Docentes, Estudiantes y Profesionales. Actividades. Lunes 29 de septiembre: 9 ...
Mendoza será sede en 2026 del mayor encuentro de la industria ...;https://ecocuyo.com/nota/149161/mendoza-sera-sede-en-2026-del-mayor-encuentro-de-la-industria-turistica-argentina/;29 sept 2025 ... Nuestra provincia vivió una segunda jornada de gran relevancia en la Feria Internacional de Turismo (FIT), donde se confirmó uno de los anuncios más ...
Con aroma a expansión: Sandra Marzzan cumple 25 años y ...;https://ecocuyo.com/nota/149163/con-aroma-a-expansion-sandra-marzzan-cumple-25-anos-y-consolida-su-liderazgo-en-el-mercado-de-las-fragancias/;29 sept 2025 ... La empresa mendocina, referente en perfumería y aromatización de ambientes reunió a sus principales distribuidores en una jornada de celebración,
Inversores frente a frente: así fue el debate que convocó al mundo ...;https://www.mdzol.com/dinero/inversores-frente-frente-asi-fue-el-debate-que-convoco-al-mundo-financiero-mendoza-n1346494;25 sept 2025 ... Bajo el título “Inversor de riesgo vs. Inversor conservador. ¿Cuál considerás que sos?”, la jornada reunió a destacados referentes y a un público ávido de ...
Reprogramación de actividades por condiciones climáticas ...;https://www.tunuyan.gov.ar/site/reprogramacion-de-actividades-por-condiciones-climaticas/;25 sept 2025 ... La jornada, será en el Auditorio Municipal, a las 17 horas y se presentarán ... : a partir de las 18 hs Finales deportivas, Polideportivo Municipal.
En qué conviene invertir: así fue el evento MDZ para saber qué ...;https://www.mdzol.com/dinero/en-que-conviene-invertir-asi-fue-el-evento-mdz-saber-que-camino-seguir-las-finanzas-n1346382;24 sept 2025 ... ... jornada. Entre saludos, fotos y primeras impresiones, ya se percibe el ... Agradecemos especialmente al Hotel Sheraton por recibirnos y a nuestros ...
JORNADA DE SEGUROS A+C MENDOZA 2025 Entradas, Mie, 24 ...;https://www.eventbrite.com.ar/e/jornada-de-seguros-ac-mendoza-2025-tickets-1610259823479;23 sept 2025 ... Eventbrite - Grupo Sol Comunicaciones presenta JORNADA DE SEGUROS A+C MENDOZA 2025 - Miércoles, 24 de septiembre de 2025 en Hilton Mendoza Hotel, ...
Tupungato fue sede provincial del Encuentro Anual de Red y ...;https://tupungato.gov.ar/?p=49375;21 sept 2025 ... La jornada tuvo como objetivo consolidar un círculo de apoyo e intercambio ... El viernes pasado se llevó a cabo en el Hotel Turismo Tupungato el ...
Maratón Territorio Yacopini: El running mendocino se prepara para ...;https://www.diariouno.com.ar/empresas/maraton-territorio-yacopini-el-running-mendocino-se-prepara-una-jornada-celebracion-y-deporte-n1479673;21 sept 2025 ... Maratón Territorio Yacopini: El running mendocino se prepara para una jornada de celebración y deporte. El domingo 28 de septiembre de 2025, el running ...
Centro Médico Valpa: un nuevo espacio de salud integral en el ...;https://ecocuyo.com/nota/149091/centro-medico-valpa-un-nuevo-espacio-de-salud-integral-en-el-corazon-de-mendoza/;18 sept 2025 ... Durante la jornada se abordarán temas vinculados al cuidado integral de la mujer y la importancia de la prevención en salud. Habrá sorteo de premios entre los ...
Luján de Cuyo cerró con éxito la 18° Conferencia Anual de Redes ...;https://lujandecuyo.gob.ar/2025/09/19/lujan-de-cuyo-cerro-con-exito-la-18-conferencia-anual-de-redes-de-gobiernos-y-ciudades-inteligentes/;18 sept 2025 ... Adaro y Allasino en la segunda jornada. La agenda del encuentro incluyó paneles sobre inteligencia artificial aplicada a la gestión pública, transparencia ...
Llega la cuarta edición de la Media Maratón del IUSP en ...;https://www.mendovoz.com/deportes/polideportivo/2025/9/19/llega-la-cuarta-edicion-de-la-media-maraton-del-iusp-en-guaymallen-161691.html;18 sept 2025 ... ... Universidad Maza, entre otras. La invitación está dirigida especialmente a ... jornada saludable y de integración. Las personas interesadas pueden ...
Sigue la polémica por el predio de kitesurf en Potrerillos: qué ...;https://www.mdzol.com/sociedad/sigue-la-polemica-el-predio-kitesurf-potrerillos-que-quieren-construir-la-zona-n1338500;16 sept 2025 ... Pasadas las 4 de la tarde ya no suele haber viento, por lo que dan por finalizada la jornada deportiva. ... Universidad Maza Sr. Lic. Germán Casado, Escuela ...
Llega al Parque Benegas la caminata Latidos Saludables para ...;https://www.godoycruz.gob.ar/llega-al-parque-benegas-la-caminata-latidos-saludables-personas-mayores/;2 sept 2025 ... Llega al Parque Benegas la caminata Latidos Saludables para personas mayores · Una jornada abierta a la comunidad · El objetivo: vencer al sedentarismo · Los ...
Archivo Novedades UDA;https://www.uda.edu.ar/index.php/archivo-novedades-uda;25 sept 2025 ... Primera Jornada del Comité de Discapacidad: construyendo comunidad e inclusión. 12 Agosto 2025. En el marco del 60° Aniversario, la Universidad del Aconcagua ...
Mendoza celebra la primavera con arte, música, deporte y naturaleza;https://www.mdzol.com/estilo/mendoza-celebra-la-primavera-arte-musica-deporte-y-naturaleza-n1339957;17 sept 2025 ... ... jornada, que será conducida por el locutor Amadeo Inzirillo. En paralelo, el ... Folclore en la plaza Pedro del Castillo. Municipalidad de Mendoza ...
Ciudad Mendoza: Primavera sobre ruedas en el Parque Urbano ...;https://diariosanrafael.com.ar/ciudad-mendoza-primavera-sobre-ruedas-en-el-parque-urbano-este-fin-de-semana/;16 sept 2025 ... La Municipalidad de Mendoza, a través de la Ciudad del Deporte, invita a ... Durante la primera jornada se desarrollará un workshop abierto a todas las ...
Mendoza festeja la primavera con festivales, picnics y caminatas de ...;https://www.mdzol.com/estilo/mendoza-festeja-la-primavera-festivales-picnics-y-caminatas-montana-n1336190;14 sept 2025 ... La Municipalidad de Mendoza celebra el sábado 20, desde la 18, la primavera ... La jornada incluirá las actuaciones de Pablo Galve, Leo Rivero, Labios ...
Agua Escondida ya tiene un estudio propio y planta repetidora de la ...;https://www.malargue.gov.ar/agua-escondida-ya-tiene-un-estudio-propio-y-planta-repetidora-de-la-radio-94-5-municipal/;28 sept 2025 ... Durante la jornada, el director de Relaciones con la Comunidad Hector Arroyo ... El Poder Judicial de Mendoza brindará asesoramiento jurídico gratuito en el sur ...
«¡Celebración, música y alegría! Malargüe festejó el Día del ...;https://www.malargue.gov.ar/celebracion-musica-y-alegria-malargue-festejo-el-dia-del-estudiante-y-la-primavera/;21 sept 2025 ... La jornada, organizada por la Municipalidad de Malargüe, contó con la ... El Poder Judicial de Mendoza brindará asesoramiento jurídico gratuito en el sur ...
Alfredo Cornejo: “Las residencias no pueden ser lugares de espera ...;https://www.mendovoz.com/actualidad/provinciales/2025/9/19/alfredo-cornejo-las-residencias-no-pueden-ser-lugares-de-espera-indefinida-161732.html;18 sept 2025 ... ... Poder Judicial y el Ejecutivo para sensibilizar y educar a los futuros adoptantes. ... La II Jornada de Adopción en Mendoza abordó la inclusión de niños ...
La Justicia prohibió difundir datos de la chica de 14 que llevó un ...;https://diariosanrafael.com.ar/la-justicia-prohibio-difundir-datos-de-la-chica-de-14-que-llevo-un-arma-a-la-escuela/;13 sept 2025 ... A pesar de la orden judicial, el Poder Judicial informó que algunos medios ... Fuente: Jornada. image_pdf image_print. Click para descargar o imprimir la ...
Aprender jugando: los más chicos exploran la naturaleza en Malargüe;https://www.malargue.gov.ar/aprender-jugando-los-mas-chicos-exploran-la-naturaleza-en-malargue/;12 sept 2025 ... La sala de 4 del Jardín Nucleado 0-102 “Blanca Rosa Quiroga” vivió una jornada ... El Poder Judicial de Mendoza brindará asesoramiento jurídico gratuito en el sur ...
Malargüe celebra el Día del Docente con música, empanadas y ...;https://www.malargue.gov.ar/malargue-celebra-el-dia-del-docente-con-musica-empanadas-y-gratitud/;8 sept 2025 ... El próximo miércoles 10 de septiembre, Malargüe vivirá una jornada especial dedicada a celebrar el Día del Docente. ... El Poder Judicial de Mendoza brindará ...
Derecho a la salud y justicia: Mendoza y el debate sobre los ...;https://www.mdzol.com/sociedad/derecho-la-salud-y-justicia-mendoza-y-el-debate-los-desafios-del-sistema-sanitario-n1329506;4 sept 2025 ... El pasado 27 de agosto se realizó en el Salón de Actos del Poder Judicial de Mendoza la jornada “Derecho a la Salud y Justicia 2025”, encabezada por el ...
Entre música y nieve, Adultos Mayores celebraron y coronaron a su ...;https://www.malargue.gov.ar/entre-musica-y-nieve-adultos-mayores-celebraron-y-coronaron-a-su-reina/;31 ago 2025 ... “Hoy vivimos una jornada muy especial, donde la alegría y la emoción fueron protagonistas. ... El Poder Judicial de Mendoza brindará asesoramiento jurídico ...
Malargüe refuerza la prevención digital con charlas sobre ...;https://www.malargue.gov.ar/malargue-refuerza-la-prevencion-digital-con-charlas-sobre-proteccion-de-menores-y-ciberseguridad/;31 ago 2025 ... La jornada se llevará a cabo el próximo 5 de septiembre en el Centro de ... El Poder Judicial de Mendoza brindará asesoramiento jurídico gratuito en el sur ...
El Juzgado de Tránsito Municipal llevó su mensaje de prevención al ...;https://www.malargue.gov.ar/el-juzgado-de-transito-municipal-llevo-su-mensaje-de-prevencion-al-cebja-julio-mercado/;30 ago 2025 ... En esta oportunidad, la jornada tuvo lugar en el CEBJA Julio ... El Poder Judicial de Mendoza brindará asesoramiento jurídico gratuito en el sur provincial.
La segunda fecha de la Champions League continúa con Barcelona ...;https://www.diariouno.com.ar/ovacion/futbol/la-segunda-fecha-la-champions-league-continua-barcelona-psg-como-plato-fuerte-la-jornada-la-agenda-los-partidos-n1482689;30 sept 2025 ... La segunda fecha de la Champions League continúa con Barcelona-PSG como plato fuerte de la jornada: la agenda de los partidos. La Champions League continúa ...
El balance de Diego Placente después de la clasificación de ...;https://www.mdzol.com/deportes/el-balance-diego-placente-despues-la-clasificacion-argentina-octavos-el-mundial-sub-20-n1351147;30 sept 2025 ... ... Andino, que sentenciaron la goleada argentina. El golazo de Santino Andino que ... De esta manera, Argentina encara la última jornada del Grupo D ya ...
El paso Cristo Redentor seguirá cerrado hasta este sábado ...;https://www.mendovoz.com/guru-andino/2025/9/26/el-paso-cristo-redentor-seguira-cerrado-hasta-este-sabado-162019.html;25 sept 2025 ... Paso Cristo Redentor. GURU ANDINO ... El cruce fronterizo permanecerá cerrado preventivamente en ambos sentidos durante toda la jornada de este viernes 26 y se ...
Paso a Chile: cuándo podría abrir la frontera internacional;https://www.elsol.com.ar/mendoza/paso-a-chile-cuando-podria-abrir-la-frontera-internacional/;25 sept 2025 ... Según el reporte meteorológico de Defensa Civil, “durante la jornada de este viernes habrá mal tiempo instalado en el Sur, extendiéndose hacia zona central y ...
Se termina el año: cuántos partidos le quedan al Tomba para cortar ...;https://www.mdzol.com/deportes/se-termina-el-ano-cuantos-partidos-le-quedan-al-tomba-cortar-la-racha-victorias-el-gambarte-n1344294;22 sept 2025 ... Godoy Cruz está transitando una temporada para el olvido, pero tiene por delante un mes clave. Prensa Club Godoy Cruz. Pasó una nueva jornada en el Feliciano ...
El cierre del paso Cristo Redentor sorprendió a miles de chilenos ...;https://www.mendovoz.com/guru-andino/2025/9/20/el-cierre-del-paso-cristo-redentor-sorprendio-miles-de-chilenos-que-se-encuentran-en-mendoza-161754.html;19 sept 2025 ... El Paso Internacional Cristo Redentor permanecerá cerrado durante toda la jornada. La medida, que se dispuso en ambas direcciones y para todo tipo de ...
Colapinto quedó en el puesto 19 de la primera práctica libre que ...;https://www.elsol.com.ar/deportes/colapinto-quedo-en-el-puesto-19-de-la-primera-practica-libre-que-lidero-lando-norris/;18 sept 2025 ... Para el piloto argentino, la jornada fue de adaptación y aprendizaje. Si bien fue el encargado de abrir la pista, Colapinto no logró marcar vueltas rápidas ...
"Caputo, tras otra jornada caliente en los mercados: ""Vamos a ...";https://www.elsol.com.ar/el-pais/caputo-tras-otra-jornada-caliente-en-los-mercados-vamos-a-vender-hasta-el-ultimo-dolar-en-el-techo-de-la-banda/;17 sept 2025 ... Caputo, tras otra jornada caliente en los mercados: “Vamos a vender hasta el último dólar en el techo de la banda”. El ministro de Economía trató de llevar ...
Síntesis Deportiva - Diario San Rafael;https://diariosanrafael.com.ar/sintesis-deportiva-1602/;15 sept 2025 ... En la jornada 10º del campeonato, Municipal estará visitando a Antigua GFC ex club del jugador formado en Huracán donde salió campeón este año del Torneo ...
Villa Carlos Paz organiza una nueva jornada solidaria de donación ...;https://viapais.com.ar/carlos-paz/villa-carlos-paz-organiza-una-nueva-jornada-solidaria-de-donacion-de-sangre/;14 sept 2025 ... La Municipalidad de Villa Carlos Paz invita a vecinos y vecinas a participar de una nueva jornada ... Nace el tercer cóndor andino en la Reserva Tatú Carreta.
Tragedia en Maipú: quién controla el arbolado público de Mendoza;https://www.mdzol.com/sociedad/tragedia-maipu-quien-controla-el-arbolado-publico-mendoza-n1348602;28 sept 2025 ... El pasado viernes, Mendoza vivió una jornada crítica por el intenso viento que sopló en gran parte de la provincia. ... Departamento General de Irrigación ...
"""El mal menor"": Irrigación detalló cuándo estará lista la solución por ...";https://www.elsol.com.ar/mendoza/el-mal-menor-irrigacion-detallo-cuando-estara-lista-la-solucion-por-la-contaminacion-en-los-corralitos/;21 sept 2025 ... ... Departamento General de Irrigación. “Hemos hecho toda una reprogramación de ... Jornada de Transición Energética en la FCE-UNCuyo: empresas, energía y ...
Riego agrícola: Irrigación comenzó con la asistencia técnica en ...;https://www.mendovoz.com/zona-este/la-comuna/2025/9/14/riego-agricola-irrigacion-comenzo-con-la-asistencia-tecnica-en-santa-rosa-161423.html;13 sept 2025 ... El Departamento General de Irrigación puso en marcha el programa “Asistencia Técnica en Riego Agrícola” con productores de Santa Rosa.
Pliego provisorio;https://www.mendoza.gov.ar/wp-content/uploads/sites/67/2025/08/MODERNIZACION-DE-RIEGO-CANAL-MATRIZ-VALLE-DE-UCO-SISTEMA-informacion-1.pdf;31 ago 2025 ... ... DEPARTAMENTO GENERAL DE IRRIGACIÓN. 2. V. REVESTIMIENTO CANAL UCO ... JORNADA DE TRABAJO. TRABAJOS NOCTURNOS O EN DÍAS FESTIVOS ............... 44. VI.6 ...
Lavalle será sede de la 28ª edición de la Expo Apícola 2025 ...;https://www.mendoza.gov.ar/prensa/lavalle-sera-sede-de-la-28-edicion-de-la-expo-apicola-2025/;31 ago 2025 ... ... Municipio de Lavalle. Este año, la muestra permitirá presenciar la ... También se podrá disfrutar en la jornada de un diverso patio de comidas, una ...
Cornejo inauguró la ampliación de la Escuela de Oficios Manuel ...;https://www.mendovoz.com/zona-este/la-comuna/2025/9/30/cornejo-inauguro-la-ampliacion-de-la-escuela-de-oficios-manuel-belgrano-162186.html;"29 sept 2025 ... En la jornada participaron también el ministro de Educación, Cultura, Infancias y DGE, Tadeo García Zalazar; el secretario de Articulación Federal, Néstor ..."
La escuela Cóndor de los Andes cerró con entusiasmo la semana ...;https://www.mendoza.edu.ar/la-escuela-condor-de-los-andes-lanzo-el-proyecto-interbandos-2025/;28 sept 2025 ... ... jornada cargada de música, deportes y expresiones artísticas. La propuesta reunió a estudiantes, docentes y preceptoras de todos los cursos, consolidándose ...
Olimpiadas InterUCA 2025 - Sociales obtuvo el Premio a la Mejor ...;https://uca.edu.ar/es/noticias/olimpiadas-interuca-2025---sociales-obtuvo-el-premio-a-la-mejor-hinchada;28 sept 2025 ... La jornada se desarrolló durante todo el día y convocó a estudiantes de todas las Facultades en un espacio de encuentro, amistad y competencia. La edición ...
Conversatorio de Análisis del conflicto en Medio Oriente - Facultad ...;https://derecho.uncuyo.edu.ar/jornada-de-analisis-del-conflicto-en-medio-oriente;28 sept 2025 ... Jornada de Investigación Jurídica · Postulación a Proyectos de Investigación ... Convocatoria para Participar en los Consultorios Jurídicos Escuela · CUYUM.
La escuela Carlos O'Donnell participó de una creativa jornada ...;https://www.mendoza.edu.ar/la-escuela-carlos-odonnell-participo-de-una-creativa-jornada-literaria/;"28 sept 2025 ... Durante la jornada se destacó una entusiasta interacción entre estudiantes y las invitadas; Luli A Secas desarrolló una propuesta de animación a la lectura ..."
Agua Escondida recibió la primavera con fiesta, música y tradiciones;https://www.malargue.gov.ar/agua-escondida-recibio-la-primavera-con-fiesta-musica-y-tradiciones/;28 sept 2025 ... ... jornada de cultura, destrezas criollas, peña popular y la elección de su ... La fiesta contó con una amplia participación de instituciones educativas: la Escuela ...
Escuelas de la UNCUYO: aspirantes repasaron cómo serán los ...;https://www.uncuyo.edu.ar/prensa/escuelas-de-la-uncuyo-aspirantes-repasaron-como-seran-los-examenes-de-ingreso;27 sept 2025 ... Fue en el encuentro presencial obligatorio previo a los exámenes de ingreso a primer año. Durante la jornada, los estudiantes recibieron consejos y detalles ...
Jornada anual de Prevención de Adicciones en la Escuela Técnica ...;https://alvearmendoza.gob.ar/jornada-anual-de-prevencion-de-adicciones-en-la-escuela-tecnica-jorge-raul-barraquero/;25 sept 2025 ... Durante la mañana de este viernes se llevó a cabo la Jornada anual de Prevención de Adicciones en la Escuela Técnica N° 4-113 Ingeniero Jorge Raúl ...
Se encuentran abiertas las inscripciones para ser Autoridad de ...;https://derecho.uncuyo.edu.ar/se-encuentran-abiertas-las-inscripciones-para-ser-autoridad-de-mesa-en-las-proximas-elecciones;24 sept 2025 ... Viáticos. Las autoridades de mesa designadas recibirán: $40.000 por cumplir funciones durante la jornada electoral. $40.000 adicionales en caso de realizar ...
Escuelas de la UNCUYO: dónde le toca a cada estudiante la ...;https://www.uncuyo.edu.ar/academica/escuelas-de-la-uncuyo-donde-le-toca-a-cada-estudiante-la-jornada-presencial-obligatoria-y-los-examenes;22 sept 2025 ... La Universidad Nacional de Cuyo informa a qué escuela debe asistir cada uno de los aspirantes a ingresar a primer año para la jornada presencial obligatoria ...
Novedades - Municipalidad de La Paz;https://lapazmendoza.gob.ar/category/novedades/;28 sept 2025 ... Como antesala del gran festejo, el sábado 3 de agosto se vivirá una jornada especial en Plaza 9 de Julio, desde las 17:00, con la presentación de los talleres ...
Archivo Novedades UDA;https://www.uda.edu.ar/index.php/archivo-novedades-uda;25 sept 2025 ... Salida al Parque Deportivo de Montaña ... En el marco del 60° Aniversario, la Universidad del Aconcagua llevó adelante la 1° Jornada del Comité de Discapacidad, ...
Salida al Parque Deportivo de Montaña;https://www.uda.edu.ar/index.php/categoria-uda/1771-salida-al-parque-deportivo-de-montana;24 sept 2025 ... Será el 4 de octubre para personal administrativo y docente. Los invitamos a participar de una jornada especial de trekking en el Parque Deportivo de Montaña, ...
Dos mil corredores le dieron vida a la Natural Race 2025 | MendoVoz;https://www.mendovoz.com/deportes/polideportivo/2025/9/22/dos-mil-corredores-le-dieron-vida-la-natural-race-2025-161828.html;21 sept 2025 ... El Parque Deportivo de Montaña fue escenario de una competencia que alcanzó ... jornada. Entre los participantes destacó la presencia del intendente de ...
El cierre del paso Cristo Redentor sorprendió a miles de chilenos ...;https://www.mendovoz.com/guru-andino/2025/9/20/el-cierre-del-paso-cristo-redentor-sorprendio-miles-de-chilenos-que-se-encuentran-en-mendoza-161754.html;19 sept 2025 ... Paso Internacional Cristo Redentor permanecerá cerrado durante toda la jornada. ... Cientos de ellos se concentraron en la plaza Chile, de Ciudad, para ...
Fiesta Nacional del Inmigrante en Oberá: balance positivo y ...;https://www.mdzol.com/sociedad/fiesta-nacional-del-inmigrante-obera-balance-positivo-y-grandes-shows-n1338010;15 sept 2025 ... La última jornada de la Fiesta Nacional del Inmigrante, que tuvo lugar el ... En Mendoza viven 32 mil chilenos y la fiesta en la Plaza Chile durará 3 días.
Cierran el Parque Deportivo de Montaña durante este sábado: el ...;https://www.elsol.com.ar/mendoza/cierran-el-parque-deportivo-de-montana-durante-este-sabado-el-motivo/;11 sept 2025 ... La Municipalidad de la Ciudad de Mendoza anunció que el Parque Deportivo de Montaña permanecerá cerrado durante toda la jornada del sábado. La medida se.
Bajo la lluvia y la nieve, Mendoza escribió una página épica del ...;https://www.mendoza.gov.ar/prensa/bajo-la-lluvia-y-la-nieve-mendoza-escribio-una-pagina-epica-del-rally-mtb-argentino/;1 sept 2025 ... La montaña mendocina fue testigo de una jornada histórica en la que las ... Parque Deportivo de Montaña, Gerardo Chirino. Resultados por categoría.
Judocas malargüinos arrasaron en un Torneo Regional - Malargüe ...;https://www.malargueadiario.com/judocas-malarguinos-arrasaron-en-un-torneo-regional/;27 sept 2025 ... ​El broche de oro de la jornada llegó con una noticia que emociona a todo el ... Planetario Malargüe, sede de una jornada internacional de ciencia y ...
Patín de Malargüe brilla en la Copa Copadísima: Esfuerzo ...;https://www.malargueadiario.com/patin-de-malargue-brilla-en-la-copa-copadisima-esfuerzo-disciplina-y-apoyo-familiar-cosechan-campeones-provinciales/;13 sept 2025 ... ... jornada del sábado 13. El resultado fue más que alentador, consolidando el ... Planetario Malargüe, sede de una jornada internacional de ciencia y arte ...
La Facultad en los medios - Facultad de Educación;https://educacion.uncuyo.edu.ar/la-facultad-en-los-medios;12 sept 2025 ... ... Fadiunc por el banderazo · MDZ | 14 de abril de 2024 | Hipocresía ... imagen Diario Jornada | 30 de mayo de 2022. Diario Jornada | 30 de mayo de 2022 ...
Derecho a la salud y justicia: Mendoza y el debate sobre los ...;https://www.mdzol.com/sociedad/derecho-la-salud-y-justicia-mendoza-y-el-debate-los-desafios-del-sistema-sanitario-n1329506;4 sept 2025 ... El pasado 27 de agosto se realizó en el Salón de Actos del Poder Judicial de Mendoza la jornada ... El reclamo de FADIUNC en las instalaciones del Damsu. FADIUNC ...
Estos son los espectáculos recomendados en Mendoza para el ...;https://www.mdzol.com/mdz-show/estos-son-los-espectaculos-recomendados-mendoza-el-sabado-6-septiembre-n1330142;4 sept 2025 ... Una jornada para sumergirse en el arte: grandes nombres, estrenos íntimos y ... Nave UNCuyo (Maza 250, Ciudad). Horario: 21 h. La entrada general vale ...
La Fundación Argentina de Nanotecnología visitará la UNCUYO ...;https://www.uncuyo.edu.ar/prensa/la-fundacion-argentina-de-nanotecnologia-visitara-la-uncuyo-para-un-networking-abierto;"30 sept 2025 ... La Universidad Nacional de Cuyo (UNCUYO), a través de su Secretaría de ... Programa del encuentro. 9:00 – 9:30 | Panel de Apertura con Autoridades; 9:30 ..."
Bienestar Universitario;https://www.uncuyo.edu.ar/bienestar/;"30 sept 2025 ... ... encuentro diseñado para acompañar ... Oct 1, 2025. Novedades. imagen Se lanza la segunda edición de ""UNCUYO sin Dengue"". Se lanza la segunda edición de ""UNCUYO ..."
Mendoza será sede en 2026 del mayor encuentro de la industria ...;https://ecocuyo.com/nota/149161/mendoza-sera-sede-en-2026-del-mayor-encuentro-de-la-industria-turistica-argentina/;29 sept 2025 ... ... encuentro: la Federación Argentina de Asociaciones de Empresas de Viajes y Turismo (FAEVYT) eligió a Mendoza como sede de su Congreso Anual 2026. La ...
XI Congreso Iberoamericano de Implantes Cocleares y Ciencias ...;https://www.intramed.net/content/xi-congreso-iberoamericano-de-implantes-cocleares-y-ciencias-afines-gicca-2025;29 sept 2025 ... Nos llena de orgullo que nuestra querida capital sea la sede de este evento, un punto de encuentro clave para compartir conocimientos, experiencias y los ...
Con aroma a expansión: Sandra Marzzan cumple 25 años y ...;https://ecocuyo.com/nota/149163/con-aroma-a-expansion-sandra-marzzan-cumple-25-anos-y-consolida-su-liderazgo-en-el-mercado-de-las-fragancias/;29 sept 2025 ... El encuentro contó con la presencia de Sandra Marzzan y toda su familia, quienes destacaron que la pasión por los aromas ha sido siempre el motor que ...
Escuelas de la UNCUYO: aspirantes repasaron cómo serán los ...;https://www.uncuyo.edu.ar/prensa/escuelas-de-la-uncuyo-aspirantes-repasaron-como-seran-los-examenes-de-ingreso;27 sept 2025 ... El encuentro presencial obligatorio para el ingreso a las secundarias de la Universidad Nacional de Cuyo (UNCUYO) se centró en las dudas más importantes ...
Inversores en debate: todos los Sociales del encuentro organizado ...;https://www.mdzol.com/estilo/inversores-debate-todos-los-sociales-del-encuentro-organizado-mdz-n1347157;26 sept 2025 ... El jueves 25 de septiembre, el salón Mirador del Hotel Sheraton en Mendoza se convirtió en el punto de encuentro de un nuevo evento organizado por MDZ.
"Mendoza será sede nuevamente de ""Taninos Wine Fest"" Edición ...";https://mendoza.puntoapunto.com.ar/mendoza-sera-sede-nuevamente-de-taninos-wine-fest-edicion-solidaria-2025/;25 sept 2025 ... La novena edición de “Los Taninos Wine Fest” -el mayor encuentro de bodegas del país- se llevará a cabo en Mendoza, en el departamento de Maipú, con la ...
Comenzaron en la UNCUYO las Jornadas Nacionales de ...;https://www.uncuyo.edu.ar/prensa/comenzaron-en-la-uncuyo-las-jornadas-nacionales-de-educacion-especial;25 sept 2025 ... ... Universidad Nacional de Cuyo (UNCUYO). Durante dos días habrá conferencias de especialistas, paneles, mesas de trabajo y exposición de pósters en la sede ...
Inversores frente a frente: así fue el debate que convocó al mundo ...;https://www.mdzol.com/dinero/inversores-frente-frente-asi-fue-el-debate-que-convoco-al-mundo-financiero-mendoza-n1346494;25 sept 2025 ... En una nueva edición del Ciclo de Charlas MDZ, Elena Alonso y Federico Giroldi debatieron en el Hotel Sheraton Mendoza sobre los perfiles de inversión.
El histórico Festival Internacional de Danza de Nuevas Tendencias ...;https://www.mdzol.com/mdz-show/el-historico-festival-internacional-danza-nuevas-tendencias-cumple-30-anos-y-trae-propuestas-imperdibles-n1348574;28 sept 2025 ... La Fiesta Ciela, tradicional cierre del festival, promete un encuentro para ... En el Teatro Independencia (Chile 1184, Ciudad) a las 15 h. Dictado por ...
Agenda fin de semana en Mendoza: Airbag, Estelares, la ...;https://www.diariouno.com.ar/espectaculos/agenda-fin-semana-mendoza-airbag-estelares-la-filarmonica-teatro-y-mucho-mas-n1480931;26 sept 2025 ... El viernes 26 de septiembre, a las 21, en el Teatro Independencia (Chile 1184 ... Encuentro Folclórico “Cuyanamente”. Esta propuesta estará en manos de ...
Estos son los espectáculos recomendados en Mendoza para el ...;https://www.mdzol.com/mdz-show/estos-son-los-espectaculos-recomendados-mendoza-el-domingo-28-septiembre-n1347734;26 sept 2025 ... Cada espectáculo, cada coreografía y cada encuentro han sido testigos ... Lugar: Teatro Independencia (Chile 1184, Ciudad de Mendoza) / Horario: 20.00 ...
25 al 28 de Septiembre – mendoza.edu.ar;https://www.mendoza.edu.ar/25-al-28-de-septiembre/;24 sept 2025 ... Será este sábado 27 de septiembre, a las 21, en el Teatro Independencia. El ... Primer Encuentro Federal de Urban Sketchers Argentina el 26, 27 y 28 de septiembre ...
“Tango por los Caminos del Vino”: la Bodega Barberis se vistió de ...;https://www.guaymallen.gob.ar/tango-por-los-caminos-del-vino-la-bodega-barberis-se-vistio-de-gala-para-recibir-lo-mejor-del-2x4/;24 sept 2025 ... Este encuentro, que ya es un clásico en la agenda provincial, contribuye a ... Luego de su destacada actuación en el Teatro Independencia, este viernes ...
Quién es Juan Giménez, el mendocino que creó mundos fantásticos ...;https://www.elsol.com.ar/cultura/quien-es-juan-gimenez-el-mendocino-que-creo-mundos-fantasticos-y-es-homenajeado-en-la-feria-del-libro-2025/;23 sept 2025 ... La entrada a este evento, que se hará en el Teatro Independencia ... Uno de ellos, Sergio Aquindo, registró el encuentro en varios videos que pueden verse en este ...
La reforma del Estatuto del Empleado Público tiene luz verde y la ...;https://www.elsol.com.ar/mendoza/la-reforma-del-estatuto-del-empleado-publico-tiene-luz-verde-y-la-oposicion-define-como-votara/;23 sept 2025 ... ... Teatro Independencia septiembre 24, 2025 5:44 pm. San Rafael aprobó su ... Kristalina Georgieva mantuvo un encuentro con Javier Milei: “Fue una reunión ...
La Facultad - Facultad de Artes y Diseño;https://fad.uncuyo.edu.ar/categorias/index/la-facultad35;22 sept 2025 ... Durante dos días, la Facultad de Artes y Diseño fue sede de un encuentro que reunió a docentes, estudiantes, egresades ... ... Teatro Independencia. Una ...
Llega Tango por los Caminos del Vino a Guaymallén - Guaymallén;https://www.guaymallen.gob.ar/llega-tango-por-los-caminos-del-vino-a-guaymallen/;21 sept 2025 ... Este encuentro con la música ciudadana contribuye a la promoción y difusión ... Luego de su destacada actuación en el Teatro Independencia, el viernes ...
Tango + vino = Mendoza con más de 20 conciertos en toda la ...;https://www.mdzol.com/estilo/tango-vino-mendoza-mas-20-conciertos-toda-la-provincia-n1338862;18 sept 2025 ... Del 20 al 26 de septiembre se llevará a cabo la XVI edición de Tangos por los Caminos del Vino, un encuentro ... Teatro Independencia. Bajo la dirección ...
La Fundación Argentina de Nanotecnología visitará la UNCUYO ...;https://www.uncuyo.edu.ar/prensa/la-fundacion-argentina-de-nanotecnologia-visitara-la-uncuyo-para-un-networking-abierto;"30 sept 2025 ... La Universidad Nacional de Cuyo (UNCUYO), a través de su Secretaría de ... Programa del encuentro. 9:00 – 9:30 | Panel de Apertura con Autoridades; 9:30 ..."
Apertura de inscripciones para el Taller “Territorio Emprendedor” en ...;https://www.elcucodigital.com/apertura-de-inscripciones-para-el-taller-territorio-emprendedor-en-tupungato/;29 sept 2025 ... La Municipalidad de Tupungato junto a la Universidad Nacional de Cuyo (UNCuyo) ... 14 a 17h: Asistencia Técnica sobre contenidos del encuentro anterior. 17 ...
Escuelas de la UNCUYO: aspirantes repasaron cómo serán los ...;https://www.uncuyo.edu.ar/prensa/escuelas-de-la-uncuyo-aspirantes-repasaron-como-seran-los-examenes-de-ingreso;27 sept 2025 ... El encuentro presencial obligatorio para el ingreso a las secundarias de la Universidad Nacional de Cuyo (UNCUYO) se centró en las dudas más importantes ...
Estos son los espectáculos recomendados en Mendoza para el ...;https://www.mdzol.com/mdz-show/estos-son-los-espectaculos-recomendados-mendoza-el-domingo-28-septiembre-n1347734;26 sept 2025 ... Lugar: Cine Teatro Plaza (Colón 27, Godoy Cruz, Mendoza) / Horario: 20.00 ... Cada espectáculo, cada coreografía y cada encuentro han sido testigos del ...
Poner en valor el deporte: Costarelli inauguró el nuevo césped ...;https://www.godoycruz.gob.ar/poner-valor-deporte-costarelli-inauguro-nuevo-cesped-sintetico-del-poli-los-paraisos/;25 sept 2025 ... Finalmente, se realizó un encuentro de fútbol. Esta obra incluyó el cambio ... El conjunto Ave Fénix hace vibrar el Teatro Plaza con su nuevo recital. 2.
Comenzaron en la UNCUYO las Jornadas Nacionales de ...;https://www.uncuyo.edu.ar/prensa/comenzaron-en-la-uncuyo-las-jornadas-nacionales-de-educacion-especial;25 sept 2025 ... ... Universidad Nacional de Cuyo (UNCUYO). Durante dos días habrá conferencias de especialistas, paneles, mesas de trabajo y exposición de pósters en la sede ...
La Suprema Corte condenó a la Ciudad a pagar $18 millones por ...;https://www.elsol.com.ar/mendoza/la-suprema-corte-condeno-a-la-ciudad-a-pagar-18-millones-por-un-accidente-causado-por-un-pozo/;24 sept 2025 ... ... Universidad Nacional de Cuyo (UNCuyo), con un eje mayor de 2,40 metros y un ... Capital será sede del 1° Encuentro Federal de Urban Sketchers Argentina septiembre ...
Olimpiadas Interfacultades: Ciencias Económicas volvió a gritar ...;https://fce.uncuyo.edu.ar/estudiantes/olimpiadas-interfacultades-ciencias-economicas-volvio-a-gritar-campeon;23 sept 2025 ... Más de 2.000 estudiantes de la Universidad Nacional de Cuyo (UNCUYO) participaron de una nueva edición de las Olimpiadas Interfacultades, el encuentro que ...
La muestra jurásica más grande de Latinoamérica llegó a Mendoza ...;https://www.mendovoz.com/eskpe/2025/9/22/la-muestra-jurasica-mas-grande-de-latinoamerica-llego-mendoza-161771.html;21 sept 2025 ... Y para completar la experiencia hay una sala de búsqueda de fósiles en la arena, juegos y el encuentro especial con “Velocy”, la simpática mascota de la muestra ...
Inicia un nuevo taller de «Acompañando Infancias» - Godoy Cruz;https://www.godoycruz.gob.ar/inicia-nuevo-taller-acompanando-infancias/;17 sept 2025 ... En el primer encuentro se trabajará la identificación y gestión de emociones ... El conjunto Ave Fénix hace vibrar el Teatro Plaza con su nuevo recital.
Día de la Condena Errada: un llamado internacional a repensar la ...;https://um.edu.ar/noticias/dia-de-la-condena-errada-un-llamado-internacional-a-repensar-la-justicia-penal/;30 sept 2025 ... ... encuentro contará con la participación destacada del Dr. Richard A. Leo, profesor de Derecho y Psicología en la Universidad de San Francisco y referente ...
Bienestar Universitario;https://www.uncuyo.edu.ar/bienestar/;"30 sept 2025 ... ... encuentro diseñado para acompañar ... Oct 1, 2025. Novedades. imagen Se lanza la segunda edición de ""UNCUYO sin Dengue"". Se lanza la segunda edición de ""UNCUYO ..."
FM 94.5 Municipal – Sitio oficial;https://www.malargue.gov.ar/tag/fm-94-5-municipal/;29 sept 2025 ... La Municipalidad de Malargüe oficializó la inauguración de la primera planta ... encuentro, participación y crecimiento. Será un medio para comunicar ...
Inscriben a las Jornadas Interinstitutos de Derecho Constitucional ...;https://colabogmza.com.ar/inscriben-a-las-jornadas-interinstitutos-de-derecho-constitucional/;29 sept 2025 ... El encuentro cuenta con la participación de constitucionalistas de Institutos de Salta, Tucumán, Santa Fe, Córdoba, Entre Ríos, Buenos Aires, Uruguay y Perú.
Formación práctica en apicultura: La Planta Apícola fortalece el ...;https://www.malargue.gov.ar/formacion-practica-en-apicultura-la-planta-apicola-fortalece-el-aprendizaje-de-nuevos-productores/;29 sept 2025 ... El pasado sábado, el Área de la Incubadora de Empresas de la Municipalidad de Malargüe ... El encuentro fue calificado como una excelente experiencia de ...
Bustos Dávila – Sitio oficial;https://www.malargue.gov.ar/tag/bustos-davila/;29 sept 2025 ... Con la firme convicción de que la educación es la base para la prevención y el cuidado de la salud, la Municipalidad de Malargüe ... encuentro en torno a la ...
Agua Escondida recibió la primavera con fiesta, música y tradiciones;https://www.malargue.gov.ar/agua-escondida-recibio-la-primavera-con-fiesta-musica-y-tradiciones/;28 sept 2025 ... La comunidad vivió la edición 2025 de “Agua Escondida le Canta a la Primavera”, un encuentro ... Municipalidad de Malargüe, reafirmó sus lazos de unión y ...
Tupungato Estudiantil tuvo el cierre de la Semana Deportiva y la ...;https://www.elcucodigital.com/tupungato-estudiantil-tuvo-el-cierre-de-la-semana-deportiva-y-la-presentacion-de-candidatos-a-representantes-estudiantiles/;26 sept 2025 ... La propuesta se destacó por la calidad deportiva y alegría, compañerismo que se vivió en cada encuentro. ... Polideportivo Municipal fue el escenario de ...
Tupungato Estudiantil tuvo el cierre de la Semana Deportiva y la ...;https://tupungato.gov.ar/?p=49483;25 sept 2025 ... La propuesta se destacó por la calidad deportiva y alegría, compañerismo que se vivió en cada encuentro. ... Polideportivo Municipal fue el escenario de ...
Archivo Novedades UDA;https://www.uda.edu.ar/index.php/archivo-novedades-uda;25 sept 2025 ... En el año en que celebra su 60° aniversario, la Universidad del Aconcagua tendrá el honor de ser sede del Ateneo de Rectores 2025, un encuentro nacion...
“Libros Parlantes”: cuando el arte y la educación resignifican la vida ...;https://diariosanrafael.com.ar/libros-parlantes-cuando-el-arte-y-la-educacion-resignifican-la-vida-de-los-libros/;16 sept 2025 ... En el CEBJA 3-102 Combatientes de Malvinas, en articulación con la Biblioteca Popular Mariano Moreno ... encuentro y reflexión comunitaria”, explicaron desde la ...
Por qué las personas preferimos lo dulce: la explicación biológica ...;https://www.mdzol.com/sociedad/por-que-las-personas-preferimos-lo-dulce-la-explicacion-biologica-detras-un-gusto-universal-n1331875;8 sept 2025 ... ... Cámara Argentina de la Industria de Bebidas sin Alcohol (CADIBSA). Precisamente, en ese encuentro, Sofía Vargha, Ingeniera en Alimentos, explicó el porqué ...
La 4ª Muestra de la Construcción en Paraná: innovación ...;https://viapais.com.ar/parana/la-4-muestra-de-la-construccion-en-parana-innovacion-sustentabilidad-y-solidaridad/;4 sept 2025 ... Tres días de encuentro. La 4ª Muestra de la Construcción también tendrá ...
Noticias – FEM | Federación Económica de Mendoza;https://femza.org.ar/noticias/;28 sept 2025 ... La FEM impulsa una agenda conjunta con el Consejo Profesional de Ciencias Económicas ... Encuentro binacional en la FEM: diálogo estratégico entre Mendoza ...
Estas son las dos inversiones conservadoras que pagan hasta 130 ...;https://www.mdzol.com/dinero/estas-son-las-dos-inversiones-conservadoras-que-pagan-130-y-pican-punta-n1346985;26 sept 2025 ... En el marco del encuentro que convocó a decenas de referentes del ámbito ... Cordillera de los Andes de fondo en el salón Mirador del Hotel Sheraton ...
Estos son los destinos argentinos que marcan tendencia según ...;https://www.mdzol.com/mdz-trip/estos-son-los-destinos-argentinos-que-marcan-tendencia-segun-google-n1346080;25 sept 2025 ... Mendoza. Al pie de la Cordillera de los Andes, Mendoza se erige como la capital del vino argentino. Sus viñedos ofrecen recorridos en bodegas que combinan ...
Consejo Profesional de Ciencias Económicas de Mendoza ...;https://cpcemza.org.ar/A6135_encuentro-de-articulacion-con-fem-y-came;22 sept 2025 ... El presidente del Consejo Profesional de Ciencias Económicas, Julián Sadofschi ... Durante el encuentro se trabajó en una agenda común orientada a ...
La FEM abre sus puertas al diálogo con los candidatos de Mendoza ...;https://femza.org.ar/project/la-fem-abre-sus-puertas-al-dialogo-con-los-candidatos-de-mendoza/;22 sept 2025 ... Durante el encuentro, las autoridades de la institución compartieron sus ... Consejo Profesional de Ciencias Económicas. DATOS DE CONTACTO. Av. Pedro ...
La FEM impulsa una agenda conjunta con el Consejo Profesional ...;https://femza.org.ar/project/la-fem-impulsa-una-agenda-conjunta-con-el-consejo-profesional-de-ciencias-economicas/;22 sept 2025 ... ... Consejo Profesional de Ciencias Económicas, encabezadas por su presidente Julián Sadofschi y la secretaria Claudia Iannizzotto. Durante el encuentro, la ...
Vuelve el viento Zonda: desde cuándo y qué zonas de Mendoza ...;https://www.elsol.com.ar/mendoza/vuelve-el-viento-zonda-desde-cuando-y-que-zonas-de-mendoza-afectara/;21 sept 2025 ... El viento Zonda volverá a sentirse en Mendoza este martes en un amplio sector de la cordillera de los Andes. Defensa Civil detalló en un comunicado: “Viento ...
Día Mundial del Aperitivo: tres grandes opciones en Mendoza y sus ...;https://www.elsol.com.ar/negocios/dia-mundial-del-aperitivo-tres-grandes-opciones-y-precios-en-mendoza/;19 sept 2025 ... La fecha fue impulsada por marcas de snacks para destacar la importancia de este momento de encuentro y disfrute. ... Cordillera de los Andes. Precio ...
Continúan los reconocimientos a matriculados - Copig;https://www.copigmza.org.ar/continuan-los-reconocimientos-a-matriculados/;16 sept 2025 ... Consejo Profesional de Ingenieros y Geólogos de Mendoza. ... El encuentro contó con las palabras de nuestras autoridades del Consejo, en ...
Finalizaron los reconocimientos a ingenieros matriculados - Copig;https://www.copigmza.org.ar/agape-y-entrega-de-placas-para-homenajear-a-la-ingenieria/;15 sept 2025 ... Consejo Profesional de Ingenieros y Geólogos de Mendoza. ... El encuentro contó con entrega de placas, presentación cultural y un ágape ...
En la semana del 6 al 9 de octubre, Muni Exprés llegará al distrito ...;https://www.guaymallen.gob.ar/en-la-semana-del-6-al-9-de-octubre-muni-expres-llegara-al-distrito-jesus-nazareno/;30 sept 2025 ... ... encuentro será en el salón de usos múltiples municipal del Barrio Los Olivos ... Será el martes 14 de octubre en el Espacio Cultural Julio Le Parc.
Colectividades 2025: llega octubre con el evento más esperado de ...;https://www.guaymallen.gob.ar/colectividades-2025-llega-octubre-con-el-evento-mas-esperado-de-guaymallen/;30 sept 2025 ... Guaymallén celebra una segunda noche del Encuentro de las Colectividades ... Será el martes 14 de octubre en el Espacio Cultural Julio Le Parc. Estará a ...
Mujeres en la conducción, el programa que le dará el carnet ...;https://www.guaymallen.gob.ar/mujeres-en-la-conduccion-el-programa-que-le-dara-el-carnet-profesional-a-30-mujeres-de-guaymallen/;29 sept 2025 ... Marcos Calvente destacó el encuentro entre lo público y lo privado y que se ... Será el martes 14 de octubre en el Espacio Cultural Julio Le Parc.
La Feria del Libro 2025 sigue sumando experiencias en el Espacio ...;https://www.mendoza.edu.ar/la-feria-del-libro-2025-sigue-sumando-experiencias-en-el-espacio-cultural-julio-le-parc/;29 sept 2025 ... La Feria del Libro 2025 sigue sumando experiencias en el Espacio Cultural Julio Le Parc ... El encuentro mantuvo un fuerte componente de reflexión con charlas ...
Puente de Hierro celebra sus 32 años de creación con una gran ...;https://www.guaymallen.gob.ar/puente-de-hierro-celebra-sus-32-anos-de-creacion-con-una-gran-fiesta/;29 sept 2025 ... El encuentro será en el Centro Cívico de Puente de Hierro, ubicado en las ... Será el martes 14 de octubre en el Espacio Cultural Julio Le Parc. Estará ...
Es nieto de Angel Bustelo, se define como peregrino errante y este ...;https://www.diariouno.com.ar/sociedad/es-nieto-angel-bustelo-se-define-como-peregrino-errante-y-este-viernes-presenta-su-libro-viaje-n1482196;29 sept 2025 ... Feria del Libro 2025 en el Espacio Cultural Julio Le Parc, en Guaymallén. ... Cada encuentro, cada paisaje y cada conversación se convierten en un reflejo ...
Liliana Bodoc regresa con una obra inédita que verá la luz en la ...;https://www.diariouno.com.ar/sociedad/liliana-bodoc-regresa-una-obra-inedita-que-vera-la-luz-la-feria-del-libro-mendoza-n1480278;"28 sept 2025 ... La edición 2025 del encuentro literario se desarrolla en el Espacio Cultural Julio Le Parc, y el lanzamiento del ""El hilo de oro. Un camino hacia la ..."
Guaymallén propone diversas actividades en la Feria del Libro 2025;https://www.guaymallen.gob.ar/guaymallen-propone-diversas-actividades-en-la-feria-del-libro-2025/;28 sept 2025 ... ... Espacio Cultural Julio Le Parc y en otros sitios del territorio provincial ... encuentro con diferentes consignas de escritura y lectura en vivo y un ...
Estos son los espectáculos recomendados en Mendoza para el ...;https://www.mdzol.com/mdz-show/estos-son-los-espectaculos-recomendados-mendoza-el-domingo-28-septiembre-n1347734;26 sept 2025 ... Lugar: Espacio Cultural Julio Le Parc (Sala Tito Francia, calle Mitre y ... Cada espectáculo, cada coreografía y cada encuentro han sido testigos del ...
Actividades – FEM | Federación Económica de Mendoza;https://femza.org.ar/actividades/;25 sept 2025 ... El encuentro forma parte de un ciclo que busca brindar a empresarios y ... La cita será los días 2, 3 y 4 de septiembre en el Espacio Cultural Julio Le Parc.
Bienestar Universitario;https://www.uncuyo.edu.ar/bienestar/;"30 sept 2025 ... ... encuentro diseñado para acompañar ... Oct 1, 2025. Novedades. imagen Se lanza la segunda edición de ""UNCUYO sin Dengue"". Se lanza la segunda edición de ""UNCUYO ..."
Mendoza será sede en 2026 del mayor encuentro de la industria ...;https://ecocuyo.com/nota/149161/mendoza-sera-sede-en-2026-del-mayor-encuentro-de-la-industria-turistica-argentina/;29 sept 2025 ... ... encuentro: la Federación Argentina de Asociaciones de Empresas de Viajes y Turismo (FAEVYT) eligió a Mendoza como sede de su Congreso Anual 2026. La ...
XI Congreso Iberoamericano de Implantes Cocleares y Ciencias ...;https://www.intramed.net/content/xi-congreso-iberoamericano-de-implantes-cocleares-y-ciencias-afines-gicca-2025;29 sept 2025 ... Nos llena de orgullo que nuestra querida capital sea la sede de este evento, un punto de encuentro clave para compartir conocimientos, experiencias y los ...
Con aroma a expansión: Sandra Marzzan cumple 25 años y ...;https://ecocuyo.com/nota/149163/con-aroma-a-expansion-sandra-marzzan-cumple-25-anos-y-consolida-su-liderazgo-en-el-mercado-de-las-fragancias/;29 sept 2025 ... El encuentro contó con la presencia de Sandra Marzzan y toda su familia, quienes destacaron que la pasión por los aromas ha sido siempre el motor que ...
Inversores en debate: todos los Sociales del encuentro organizado ...;https://www.mdzol.com/estilo/inversores-debate-todos-los-sociales-del-encuentro-organizado-mdz-n1347157;26 sept 2025 ... El jueves 25 de septiembre, el salón Mirador del Hotel Sheraton en Mendoza se convirtió en el punto de encuentro de un nuevo evento organizado por MDZ.
"Mendoza será sede nuevamente de ""Taninos Wine Fest"" Edición ...";https://mendoza.puntoapunto.com.ar/mendoza-sera-sede-nuevamente-de-taninos-wine-fest-edicion-solidaria-2025/;25 sept 2025 ... La novena edición de “Los Taninos Wine Fest” -el mayor encuentro de bodegas del país- se llevará a cabo en Mendoza, en el departamento de Maipú, con la ...
Inversores frente a frente: así fue el debate que convocó al mundo ...;https://www.mdzol.com/dinero/inversores-frente-frente-asi-fue-el-debate-que-convoco-al-mundo-financiero-mendoza-n1346494;25 sept 2025 ... Una vez finalizado el encuentro, Elena Alonso subrayó la relevancia de traducir el lenguaje financiero a la vida cotidiana: “Todos en Argentina sabemos a cuánto ...
Villa Carlos Paz será sede de la primera Expo Coaching Ontológico ...;https://viapais.com.ar/carlos-paz/villa-carlos-paz-sera-sede-de-la-primera-expo-coaching-ontologico-2025-en-cordoba/;25 sept 2025 ... Se trata de un encuentro único que reunirá a disertantes de renombre nacional, talleres vivenciales y una feria de stands de productos y servicios ...
Mauricio Macri y Guillermo Francos posaron para una foto tras los ...;https://www.mdzol.com/politica/mauricio-macri-y-guillermo-francos-posaron-una-foto-los-rumores-acercamiento-del-pro-y-lla-n1346364;24 sept 2025 ... ... encuentro con el presidente del PRO Mauricio Macri en el Hotel Four Seasons. La imagen de ambos dirigentes fue interpretada como un gesto en clave electoral ...
Francos y Macri compartieron un encuentro casual en el Four ...;https://www.mendovoz.com/actualidad/nacionales/2025/9/25/francos-macri-compartieron-un-encuentro-casual-en-el-four-seasons-161981.html;24 sept 2025 ... ... encuentro casual en el lujoso Hotel Four Seasons. La ocasión, que coincidió con la celebración del 95º aniversario de la unificación del Reino de Arabia ...
Se viene otra edición de la fiesta de “La Primavera” en Guaymallén ...;https://www.guaymallen.gob.ar/se-viene-otra-edicion-de-la-fiesta-de-la-primavera-en-guaymallen-2/;24 sept 2025 ... El encuentro combina deporte, recreación y cultura en un entorno rural. La jornada se dividirá en dos momentos: 11 horas: bicicleteada y paseo familiar. 15 ...
Lo Presti fortalece la seguridad: aspirantes a policía se entrenarán ...;https://lasheras.gob.ar/convenio-iusp-formacion/;21 sept 2025 ... En el corazón de la Villa de Uspallata, el Centro Cultural Uspallata se erige como un punto de encuentro dinámico para la comunidad. Este espacio acoge una ...
Llega la cuarta edición de la Media Maratón del IUSP en ...;https://www.mendovoz.com/deportes/polideportivo/2025/9/19/llega-la-cuarta-edicion-de-la-media-maraton-del-iusp-en-guaymallen-161691.html;18 sept 2025 ... Leer también Este fin de semana llega el Encuentro Nacional de Quad Skate. Además de la actividad deportiva, la jornada tendrá un fuerte enfoque social y de ...
Las exportaciones de vino cayeron por segundo mes al hilo y ...;https://www.diariouno.com.ar/economia/las-exportaciones-vino-cayeron-segundo-mes-consecutivo-y-acumulan-84-el-ano-n1477252;15 sept 2025 ... Esto es, 7,9% menos de un año al otro, según la estadística del INV (Instituto Nacional de Vitivinicultura). ... El punto de encuentro es la IBWE ...
Funcionarios de Bienestar Universitario de todo el país sesionan en ...;https://www.uncuyo.edu.ar/prensa/funcionarios-de-bienestar-universitario-de-todo-el-pais-sesionan-en-mar-del-plata;14 sept 2025 ... El 3 y 4 de junio se concretará el Segundo Encuentro Nacional de Áreas de Bienestar de las Universidades Nacionales, en la ciudad de Mar del Plata.
Mendoza será sede de la tercera edición de El Futuro del Vino ...;https://www.mendovoz.com/actualidad/panorama-vitivinicola/2025/9/10/mendoza-sera-sede-de-la-tercera-edicion-de-el-futuro-del-vino-argentino-161290.html;9 sept 2025 ... El encuentro reunirá a referentes internacionales y nacionales que ... Instituto Nacional de Vitivinicultura. La cita tendrá lugar en el Salón de Grado ...
La Dra. Clelia Valdez representó a la Universidad Champagnat en ...;https://www.uch.edu.ar/noticia/725/la-dra-clelia-valdez-represento-a-la-universidad-champagnat-en-la-escuela-internacional-de-primavera-en-medellin;7 sept 2025 ... El encuentro fue organizado por el grupo temático Social Love and Solidarity ... Instituto Universitario Sophia y Sophia ALC, la Universidad del ...
Juzgado de Tránsito Municipal – Sitio oficial;https://www.malargue.gov.ar/tag/juzgado-de-transito-municipal/;3 sept 2025 ... El encuentro tuvo como finalidad coordinar medidas concretas que garanticen la seguridad vial en los alrededores del establecimiento, especialmente en los ...
Abordarán la Psicomotricidad en la Educación - Facultad de ...;https://educacion.uncuyo.edu.ar/abordaran-la-psicomotricidad-en-la-educacion;2 sept 2025 ... El encuentro busca trasladar esta experiencia a la provincia, con el objetivo de fortalecer las prácticas psicomotrices en jardines, escuelas y espacios de ...
Octubre rojo: por qué este mes puede ser clave para Godoy Cruz;https://www.mdzol.com/deportes/octubre-rojo-que-este-mes-puede-ser-clave-godoy-cruz-n1350500;30 sept 2025 ... ... encuentro clave en su objetivo de cortar con una larga sequía sin conseguir ... La Municipalidad de Godoy Cruz confirmó fecha y lugar de una nueva edición de la ...
El ambicioso desarrollo inmobiliario que quieren construir en el ...;https://www.mdzol.com/sociedad/el-ambicioso-desarrollo-inmobiliario-que-quieren-construir-el-predio-la-exbodega-arizu-n1350129;30 sept 2025 ... Alfredo Cornejo y Diego Costarelli presentaron Distrito Arizu. Municipalidad de Godoy Cruz. Además, el jefe comunal destacó que la obra demuestra cómo la ...
Sarelli por dos y Gil: la imperdible muestra de arte que se viene en ...;https://www.mdzol.com/estilo/sarelli-dos-y-gil-la-imperdible-muestra-arte-que-se-viene-el-museo-fader-n1347305;30 sept 2025 ... Sarelli por dos y Gil: la imperdible muestra de arte que se viene en el Museo Fader ... encuentro del otro. En este caso, el diálogo no solo se da entre ...
Costarelli: “El Centro Urbano Arizu es el resultado de una gestión ...;https://www.godoycruz.gob.ar/costarelli-centro-urbano-arizu-resultado-una-gestion-planificacion-eficiencia-vision-futuro/;29 sept 2025 ... Es que, contará con servicios, fluidez en el tránsito vehicular, mejor circulación peatonal y nuevos puntos de encuentro para los vecinos. “Para los vecinos ...
Godoy Cruz inaugura las primeras obras del Centro Urbano Arizu ...;https://www.elsol.com.ar/departamentales/godoy-cruz-inaugura-las-primeras-obras-del-centro-urbano-arizu-con-la-apertura-de-calles-y-plazas/;29 sept 2025 ... La Municipalidad de Godoy Cruz inauguró la apertura de dos calles y la ... Estos espacios buscan brindar áreas de recreación y encuentro para los vecinos, ...
Poner en valor el deporte: Costarelli inauguró el nuevo césped ...;https://www.godoycruz.gob.ar/poner-valor-deporte-costarelli-inauguro-nuevo-cesped-sintetico-del-poli-los-paraisos/;25 sept 2025 ... Finalmente, se realizó un encuentro de fútbol. Esta obra incluyó el cambio ... Municipalidad de Godoy Cruz. Dirección. Rivadavia 448. Horario. Lunes a ...
Las Heras firmó un convenio histórico de hermanamiento con la ...;https://lasheras.gob.ar/las-heras-firmo-un-convenio-historico-de-hermanamiento-con-la-ciudad-de-pingxiang-china/;25 sept 2025 ... MISIÓN. La Municipalidad de Las Heras asume la resolución de las problemáticas del. Departamento, atendiendo a las necesidades e intereses de los miembros de ...
III Primavera Coral - Godoy Cruz;https://www.godoycruz.gob.ar/evento/iii-primavera-coral/;25 sept 2025 ... El Cristoforo Colombo abre sus puertas a un nuevo encuentro coral, con la actuación de destacados conjuntos de nuestra provincia. ... Municipalidad de Godoy Cruz.
Más de 200 artistas se reúnen este fin de semana para dibujar en ...;https://www.diariouno.com.ar/sociedad/mas-200-artistas-se-reunen-este-fin-semana-dibujar-vivo-espacios-urbanos-mendoza-n1481304;25 sept 2025 ... ... Encuentro Federal de Urban Sketchers. ¿De qué va la movida ... La cita comenzará este viernes a las 18 en el Museo Municipal de Arte Moderno de Mendoza (MMAMM) ...
Cuál es el festival para disfrutar este fin de semana en Godoy Cruz ...;https://www.mdzol.com/sociedad/cual-es-el-festival-disfrutar-este-fin-semana-godoy-cruz-entrada-libre-y-gratuita-n1346504;25 sept 2025 ... El Parque San Vicente se convierte en escenario de encuentro cultural, gastronomía y solidaridad con la llegada del Festival AMEGAM 2025. La 9° edición se ...
El cierre del Septiembre Musical convocó a una multitud en Plaza ...;https://viapais.com.ar/entretenimiento/el-cierre-del-septiembre-musical-convoco-a-una-multitud-en-plaza-independencia/;30 sept 2025 ... Plaza Independencia se convirtió en escenario de un auténtico festival ... 65ª edición del Septiembre Musical, un encuentro que reunió música, danza ...
El histórico Festival Internacional de Danza de Nuevas Tendencias ...;https://www.mdzol.com/mdz-show/el-historico-festival-internacional-danza-nuevas-tendencias-cumple-30-anos-y-trae-propuestas-imperdibles-n1348574;28 sept 2025 ... La Fiesta Ciela, tradicional cierre del festival, promete un encuentro para ... En el Teatro Quintanilla, ubicado en la Plaza Independencia, a las 20.30 h.
Tupungato Estudiantil tuvo el cierre de la Semana Deportiva y la ...;https://www.elcucodigital.com/tupungato-estudiantil-tuvo-el-cierre-de-la-semana-deportiva-y-la-presentacion-de-candidatos-a-representantes-estudiantiles/;26 sept 2025 ... La propuesta se destacó por la calidad deportiva y alegría, compañerismo que se vivió en cada encuentro. ... Polideportivo Municipal fue el escenario de ...
Agenda fin de semana en Mendoza: Airbag, Estelares, la ...;https://www.diariouno.com.ar/espectaculos/agenda-fin-semana-mendoza-airbag-estelares-la-filarmonica-teatro-y-mucho-mas-n1480931;26 sept 2025 ... La cita es el 27 de septiembre en el Teatro Quintanilla (Plaza Independencia, Ciudad). ... Encuentro Folclórico “Cuyanamente”. Esta propuesta estará en ...
Tupungato Estudiantil tuvo el cierre de la Semana Deportiva y la ...;https://tupungato.gov.ar/?p=49483;25 sept 2025 ... La propuesta se destacó por la calidad deportiva y alegría, compañerismo que se vivió en cada encuentro. ... Polideportivo Municipal fue el escenario de ...
“Comercios con historia”: Ciudad homenajeó a locales con más de ...;https://www.mendovoz.com/ciudad/2025/9/26/comercios-con-historia-ciudad-homenajeo-locales-con-mas-de-50-anos-de-trayectoria-162011.html;25 sept 2025 ... El encuentro comenzó con un número artístico en el que, a través de música ...
Más de 200 artistas se reúnen este fin de semana para dibujar en ...;https://www.diariouno.com.ar/sociedad/mas-200-artistas-se-reunen-este-fin-semana-dibujar-vivo-espacios-urbanos-mendoza-n1481304;25 sept 2025 ... Sitios emblemáticos de la Ciudad de Mendoza y de Godoy Cruz serán retratados por artistas del Primer Encuentro Federal de Urban Sketchers.
Reconocimiento a las Bastoneras del IESS por sus 60 años de ...;https://viapais.com.ar/carlos-paz/reconocimiento-a-las-bastoneras-del-iess-por-sus-60-anos-de-trayectoria/;25 sept 2025 ... ... Polideportivo Municipal y un amistoso internacional en el Estadio Mario Alberto Kempes. ... encuentro · Macarena Liguori. hace 28 minutos. La miniserie ...
"Autonomía municipal: Emir Félix se suma a la ""guerra"" entre San ...";https://www.elsol.com.ar/mendoza/autonomia-municipal-emir-felix-se-suma-a-la-guerra-entre-san-rafael-y-el-gobierno-provincial/;24 sept 2025 ... Capital será sede del 1° Encuentro Federal de Urban Sketchers Argentina septiembre 25, 2025 9:15 pm ... Detuvieron a un joven en la plaza Independencia con una ...
Capital será sede del 1° Encuentro Federal de Urban Sketchers ...;https://www.elsol.com.ar/cultura/capital-sera-sede-del-1-encuentro-federal-de-urban-sketchers-argentina/;24 sept 2025 ... ... Plaza Independencia, luego de un recorrido inaugural por. ... El encuentro propone celebrar el dibujo como una herramienta de observación, memoria y encuentro ...
Estudiantes de las escuelas de la UNCUYO crearon videojuegos en ...;https://www.uncuyo.edu.ar/academica/estudiantes-de-las-escuelas-de-la-uncuyo-crearon-videojuegos-en-una-jam;30 sept 2025 ... Estudiantes de todas las escuelas secundarias de la Universidad Nacional de Cuyo participaron del encuentro presencial que se realizó como cierre del Taller ...
"Finalizó el proyecto ""Encuentro de miradas sobre educación ...";https://www.uncuyo.edu.ar/vinculacion/finalizo-el-proyecto-encuentro-de-miradas-sobre-educacion-ambiental-para-la-biodiversidad-en-areas-protegidas-de-mendoza;30 sept 2025 ... El Proyecto, “Encuentro de miradas sobre educación ambiental para la biodiversidad en áreas protegidas de Mendoza”, es uno de los ganadores de la I ...
Abordarán la ciencia de datos aplicada a políticas públicas - Área ...;https://www.uncuyo.edu.ar/vinculacion/abordaran-la-ciencia-de-datos-aplicada-a-politicas-publicas;"30 sept 2025 ... Se trata del tercer encuentro del ciclo de charlas ""Herramientas para afrontar la pospandemia: toma de decisiones y mejora de gestión en gobiernos locales"" ..."
Bienestar Universitario;https://www.uncuyo.edu.ar/bienestar/;30 sept 2025 ... El próximo martes 28 de octubre de 2025, la Universidad Nacional de Cuyo será sede de Potencial Joven, un encuentro diseñado para acompañar ... Oct 1, 2025 ...
Universidad Champagnat;https://www.uch.edu.ar/actividad/371/alejandro-bercovich-presenta-su-nuevo-libro-en-la-universidad-champagnat;29 sept 2025 ... Actividades Universidad Champagnat. Charla. Alejandro Bercovich presenta su ... El encuentro se desarrollará en un formato de living de discusión junto a ...
Área de Vinculación;https://www.uncuyo.edu.ar/vinculacion/;28 sept 2025 ... Presentaron RADAR UNCUYO en el encuentro “Redes de Gobierno y Ciudades Inteligentes 2025”. Sep 23, 2025. imagen La Incubadora UNCUYO celebra 20 años con una ...
Universidad Católica Argentina - UCA;https://uca.edu.ar/es/noticias/olimpiadas-interuca-2025---sociales-obtuvo-el-premio-a-la-mejor-hinchada;28 sept 2025 ... La jornada se desarrolló durante todo el día y convocó a estudiantes de todas las Facultades en un espacio de encuentro, amistad y competencia. La edición ...
Proyect (arte) Rompecabezas de Natalia Smirnoff - Universidad de ...;https://www.ucongreso.edu.ar/proyect-arte-rompecabezas-de-natalia-smirnoff/;"28 sept 2025 ... Equipo de trabajo. Dirección: Esp. Lic. Omar Castellani; Co-dirección: Lic. Carolina Simonovich; Coordinación: Paola Rozas. Este encuentro busca ..."
Comenzaron en la UNCUYO las Jornadas Nacionales de ...;https://www.uncuyo.edu.ar/prensa/comenzaron-en-la-uncuyo-las-jornadas-nacionales-de-educacion-especial;25 sept 2025 ... ... Universidad Nacional de Cuyo (UNCUYO). ... La rectora de la UNCUYO, Esther Sanchez, presidió la mesa académica que dio inicio al encuentro y dio la bienvenida a ...
Investigadores y emprendedores vinculados a la UNCUYO ...;https://www.uncuyo.edu.ar/ciencia_tecnica_y_posgrado/fanenlauncuyo2025;25 sept 2025 ... En una visita a la universidad, se realizó un encuentro de networking que vinculó a representantes de la FAN con investigadores, emprendedores, ...
Facultad de Odontología;https://www.fodonto.uncuyo.edu.ar/;7 sept 2025 ... Primer encuentro internacional de formación de posgrado en Odontopediatría. Oct 1, 2025. Ver todas las novedades ...
Concepción: alumnos recorrieron los íconos culturales de la ciudad;https://viapais.com.ar/educacion/concepcion-alumnos-recorrieron-los-iconos-culturales-de-la-ciudad/;30 sept 2025 ... Biblioteca Popular Nicolás Avellaneda, que acercó a los chicos al ... encuentro · Macarena Liguori. hace 2 horas. ¡Se sumó a la clase! Luck Ra bailó ...
La Feria del Libro 2025 sigue sumando experiencias en el Espacio ...;https://www.mendoza.edu.ar/la-feria-del-libro-2025-sigue-sumando-experiencias-en-el-espacio-cultural-julio-le-parc/;29 sept 2025 ... El encuentro mantuvo un fuerte componente de reflexión con charlas sobre ... Biblioteca Popular Casa por la memoria. Muestra Catálogo colección LGBTQ+ ...
Tres Arroyos: 4ta edición de La Sudestada;https://viapais.com.ar/tres-arroyos/tres-arroyos-4ta-edicion-de-la-sudestada/;28 sept 2025 ... Durante los tres días de encuentro, a partir de las 21 horas se enciende el escenario de La Sudestada con destacados artistas de la música y la danza de ...
Roberto Mercado, el músico mendocino que convirtió a la tonada en ...;https://www.diariouno.com.ar/emprendedores/roberto-mercado-el-musico-mendocino-que-convirtio-la-tonada-un-pasaporte-fronteras-n1478337;20 sept 2025 ... ... encuentro Junín Cantamérica que en los '90 puso en valor a los artistas locales de diferentes ramas y recorrió todos los distritos del departamento. Y hasta ...
Almuerzo de las Fuerzas Vivas | Cámara de Comercio de San Rafael;https://camarasanrafael.com.ar/almuerzo-fuerzas-vivas;18 sept 2025 ... Un encuentro que se convierte en motor de desarrollo y progreso. Tradicional ... Alto del Algarrobal, propiedad de la entidad. Durante el evento, el ...
“Libros Parlantes”: cuando el arte y la educación resignifican la vida ...;https://diariosanrafael.com.ar/libros-parlantes-cuando-el-arte-y-la-educacion-resignifican-la-vida-de-los-libros/;16 sept 2025 ... “Cada intervención es una manera de que los estudiantes exploren sus mundos interiores y, al mismo tiempo, generen un espacio de encuentro y reflexión ...
Concierto solidario: el Coro de la FCAI se une para celebrarla ...;https://diariosanrafael.com.ar/concierto-solidario-el-coro-de-la-fcai-se-une-para-celebrarla-primavera-y-ayudar-a-la-comunidad/;16 sept 2025 ... El director del Coro de la Facultad de Ciencias Aplicadas a la Industria (FCAI), José Gutiérrez, anunció un encuentro de coros juveniles con un doble ...
Marca Paraná lanzó la convocatoria al Sello Verde de Distinción;https://viapais.com.ar/parana/marca-parana-lanzo-la-convocatoria-al-sello-verde-de-distincion/;7 sept 2025 ... La incorporación de la Biblioteca Popular como integrante del ... Durante el encuentro también se repasaron las novedades en distintas líneas de trabajo:.
Estudiantes de las escuelas de la UNCUYO crearon videojuegos en ...;https://www.uncuyo.edu.ar/academica/estudiantes-de-las-escuelas-de-la-uncuyo-crearon-videojuegos-en-una-jam;30 sept 2025 ... Estudiantes de todas las escuelas secundarias de la Universidad Nacional de Cuyo participaron del encuentro presencial que se realizó como cierre del Taller ...
La Fundación Argentina de Nanotecnología visitará la UNCUYO ...;https://www.uncuyo.edu.ar/prensa/la-fundacion-argentina-de-nanotecnologia-visitara-la-uncuyo-para-un-networking-abierto;"30 sept 2025 ... La Universidad Nacional de Cuyo (UNCUYO), a través de su Secretaría de ... Programa del encuentro. 9:00 – 9:30 | Panel de Apertura con Autoridades; 9:30 ..."
Habrá un encuentro de egresados en la Facultad de Ciencias ...;https://diariosanrafael.com.ar/habra-un-encuentro-de-egresados-en-la-facultad-de-ciencias-aplicadas-a-la-industria/;30 sept 2025 ... Habrá un encuentro de egresados en la Facultad de Ciencias Aplicadas a la Industria ... Universidad Nacional de Cuyo. La ingeniera Daniela Funes ...
"Finalizó el proyecto ""Encuentro de miradas sobre educación ...";https://www.uncuyo.edu.ar/vinculacion/finalizo-el-proyecto-encuentro-de-miradas-sobre-educacion-ambiental-para-la-biodiversidad-en-areas-protegidas-de-mendoza;30 sept 2025 ... El Proyecto, “Encuentro de miradas sobre educación ambiental para la biodiversidad en áreas protegidas de Mendoza”, es uno de los ganadores de la I ...
Bienestar Universitario;https://www.uncuyo.edu.ar/bienestar/;30 sept 2025 ... El próximo martes 28 de octubre de 2025, la Universidad Nacional de Cuyo será sede de Potencial Joven, un encuentro diseñado para acompañar ... Oct 1, 2025 ...
Reunión del Consejo Regional de Defensa del Arbolado Público se ...;https://diariosanrafael.com.ar/reunion-del-consejo-regional-de-defensa-del-arbolado-publico-se-realizo-en-san-rafael/;29 sept 2025 ... El objetivo del encuentro es seguir protegiendo al arbolado continuando las ... Con respecto al Parque Hipólito Yrigoyen, se recibieron razonables ...
Apertura de inscripciones para el Taller “Territorio Emprendedor” en ...;https://www.elcucodigital.com/apertura-de-inscripciones-para-el-taller-territorio-emprendedor-en-tupungato/;29 sept 2025 ... La Municipalidad de Tupungato junto a la Universidad Nacional de Cuyo ... 14 a 17h: Asistencia Técnica sobre contenidos del encuentro anterior. 17 a ...
Oratoria Aplicada a las Ventas - Instituto Tecnológico Universitario;https://itu.uncuyo.edu.ar/cursos/curso/oratoria-aplicada-a-las-ventas7549;29 sept 2025 ... En el 1° encuentro se ofrecerán teoría de la CNV, técnicas para persuadir en el arte de los negocios y ventas, tips y ejercicios prácticos. En el 2° encuentro ...
Área de Vinculación;https://www.uncuyo.edu.ar/vinculacion/;28 sept 2025 ... Presentaron RADAR UNCUYO en el encuentro “Redes de Gobierno y Ciudades Inteligentes 2025” ... Los Institutos Multidisciplinarios de la Universidad Nacional de ...
San Rafael será sede del Congreso Nacional de Estudiantes de ...;https://diariosanrafael.com.ar/san-rafael-sera-sede-del-congreso-nacional-de-estudiantes-de-ingenieria-civil/;28 sept 2025 ... San Rafael volverá a ser escenario de un encuentro de gran relevancia académica y profesional. Desde el lunes 29 de septiembre hasta el viernes 3 de octubre ...
Bienestar Universitario;https://www.uncuyo.edu.ar/bienestar/;"30 sept 2025 ... ... encuentro diseñado para acompañar ... Oct 1, 2025. Novedades. imagen Se lanza la segunda edición de ""UNCUYO sin Dengue"". Se lanza la segunda edición de ""UNCUYO ..."
Mendoza será sede en 2026 del mayor encuentro de la industria ...;https://ecocuyo.com/nota/149161/mendoza-sera-sede-en-2026-del-mayor-encuentro-de-la-industria-turistica-argentina/;29 sept 2025 ... ... encuentro: la Federación Argentina de Asociaciones de Empresas de Viajes y Turismo (FAEVYT) eligió a Mendoza como sede de su Congreso Anual 2026. La ...
XI Congreso Iberoamericano de Implantes Cocleares y Ciencias ...;https://www.intramed.net/content/xi-congreso-iberoamericano-de-implantes-cocleares-y-ciencias-afines-gicca-2025;29 sept 2025 ... Nos llena de orgullo que nuestra querida capital sea la sede de este evento, un punto de encuentro clave para compartir conocimientos, experiencias y los ...
Inversores en debate: todos los Sociales del encuentro organizado ...;https://www.mdzol.com/estilo/inversores-debate-todos-los-sociales-del-encuentro-organizado-mdz-n1347157;26 sept 2025 ... El jueves 25 de septiembre, el salón Mirador del Hotel Sheraton en Mendoza se convirtió en el punto de encuentro de un nuevo evento organizado por MDZ.
Tupungato Estudiantil tuvo el cierre de la Semana Deportiva y la ...;https://tupungato.gov.ar/?p=49483;25 sept 2025 ... La propuesta se destacó por la calidad deportiva y alegría, compañerismo que se vivió en cada encuentro. ... Polideportivo Municipal fue el escenario de ...
Inversores frente a frente: así fue el debate que convocó al mundo ...;https://www.mdzol.com/dinero/inversores-frente-frente-asi-fue-el-debate-que-convoco-al-mundo-financiero-mendoza-n1346494;25 sept 2025 ... Una vez finalizado el encuentro, Elena Alonso subrayó la relevancia de traducir el lenguaje financiero a la vida cotidiana: “Todos en Argentina sabemos a cuánto ...
Villa Carlos Paz será sede de la primera Expo Coaching Ontológico ...;https://viapais.com.ar/carlos-paz/villa-carlos-paz-sera-sede-de-la-primera-expo-coaching-ontologico-2025-en-cordoba/;25 sept 2025 ... Se trata de un encuentro único que reunirá a disertantes de renombre nacional, talleres vivenciales y una feria de stands de productos y servicios ...
Mauricio Macri y Guillermo Francos posaron para una foto tras los ...;https://www.mdzol.com/politica/mauricio-macri-y-guillermo-francos-posaron-una-foto-los-rumores-acercamiento-del-pro-y-lla-n1346364;24 sept 2025 ... ... encuentro con el presidente del PRO Mauricio Macri en el Hotel Four Seasons. La imagen de ambos dirigentes fue interpretada como un gesto en clave electoral ...
Francos y Macri compartieron un encuentro casual en el Four ...;https://www.mendovoz.com/actualidad/nacionales/2025/9/25/francos-macri-compartieron-un-encuentro-casual-en-el-four-seasons-161981.html;24 sept 2025 ... ... encuentro casual en el lujoso Hotel Four Seasons. La ocasión, que coincidió con la celebración del 95º aniversario de la unificación del Reino de Arabia ...
MDZ abre el debate: ¿Qué tipo de inversor conviene ser?;https://www.mdzol.com/dinero/mdz-abre-el-debate-que-tipo-inversor-conviene-ser-n1345926;24 sept 2025 ... MDZ abre el debate como parte de su ciclo de charlas. Un encuentro en el hotel Sheraton con dos expertos para analizar un tema de gran actualidad: ¿Qué tipo ...
Maipú entregó becas a estudiantes que representarán al país en ...;https://www.mendovoz.com/maipu/la-comuna/2025/9/20/maipu-entrego-becas-estudiantes-que-representaran-al-pais-en-rusia-161689.html;19 sept 2025 ... Gracias a este reconocimiento, los jóvenes tendrán la oportunidad de compartir sus propuestas en un encuentro ... Maipú capacitó a emprendedores junto a la ...
Maipú impulsa talleres con foco en la prevención, la convivencia y ...;https://www.mendovoz.com/maipu/la-comuna/2025/9/19/maipu-impulsa-talleres-con-foco-en-la-prevencion-la-convivencia-el-cuidado-colectivo-161687.html;18 sept 2025 ... ... encuentro, sino también una experiencia cuidada, basada en la escucha, el ... Maipú capacitó ...
Llega la cuarta edición de la Media Maratón del IUSP en ...;https://www.mendovoz.com/deportes/polideportivo/2025/9/19/llega-la-cuarta-edicion-de-la-media-maraton-del-iusp-en-guaymallen-161691.html;18 sept 2025 ... Leer también Este fin de semana llega el Encuentro Nacional de Quad Skate ... Universidad Maza, entre otras. La invitación está dirigida especialmente a ...
Éxito en la 67.ª Reunión Anual de la Asociación Argentina de ...;https://um.edu.ar/noticias/exito-en-la-67-a-reunion-anual-de-la-asociacion-argentina-de-astronomia/;18 sept 2025 ... Emilio Civit”, marcando la primera vez que este prestigioso encuentro se realiza en la Ciudad de Mendoza. ... Universidad Maza y el ITBA. Más ...
REDINAD 2025: Conversatorios sobre inclusión y diversidad;https://www.umaza.edu.ar/redinad-2025-conversatorios-sobre-inclusion-y-diversidad;18 sept 2025 ... La Universidad Maza invita a participar del Ciclo de Conversatorios 2025 de ... El primer encuentro se llevará a cabo el viernes 17 de octubre y ...
Curso de Mountain Bike: pedaleá sin límites;https://www.umaza.edu.ar/curso-mountain-bike-2025;10 sept 2025 ... El primer encuentro será híbrido, con instancia presencial en el Aula 204 de la Universidad Maza y conexión remota por Zoom, mientras que las demás clases ...
Clari Ceschin: Estoy en la edad justa como para permitirme vivir ...;https://www.diariouno.com.ar/emprendedores/clari-ceschin-estoy-la-edad-justa-como-permitirme-vivir-esta-experiencia-n1473228;6 sept 2025 ... ... encuentro íntimo con Diario UNO sus ansiedades, sus miedos y sus sueños con la autenticidad que la caracteriza. Este salto en su carrera será para la ...
El Microcine Municipal reanudó sus actividades después de ...;https://www.elsol.com.ar/cultura/el-microcine-municipal-reanudo-sus-actividades-despues-de-refacciones/;3 sept 2025 ... ... encuentro para los amantes del cine de culto y alternativo. Durante este mes ... (del 10 al 13 de septiembre a las 19, coordinado por la Alianza Francesa).
Llega al Parque Benegas la caminata Latidos Saludables para ...;https://www.godoycruz.gob.ar/llega-al-parque-benegas-la-caminata-latidos-saludables-personas-mayores/;2 sept 2025 ... Llega al Parque Benegas la caminata Latidos Saludables para personas mayores ... El objetivo del encuentro es generar conciencia, a través de actividades ...
Archivo Novedades UDA;https://www.uda.edu.ar/index.php/archivo-novedades-uda;25 sept 2025 ... Ayer, en un encuentro clave en el Consejo Superior, presidido por el Rector Dr. ... en la Municipalidad de Mendoza.... Leer Más ...
Suspendieron varios eventos culturales para este viernes, pero no ...;https://www.diariouno.com.ar/sociedad/suspendieron-varios-eventos-culturales-este-viernes-pero-no-los-que-se-hacen-lugares-cerrados-n1481459;25 sept 2025 ... en tanto, la Municipalidad de Mendoza ... Entre ellos se canceló hasta nuevo aviso la apertura del encuentro de sketchers en el Museo Municipal de Arte Moderno de ...
Mendoza celebra la primavera con arte, música, deporte y naturaleza;https://www.mdzol.com/estilo/mendoza-celebra-la-primavera-arte-musica-deporte-y-naturaleza-n1339957;17 sept 2025 ... ... Encuentro Nacional de Quad Skate. La actividad contará con la presencia de ... Folclore en la plaza Pedro del Castillo. Municipalidad de Mendoza ...
Ciudad Mendoza: Primavera sobre ruedas en el Parque Urbano ...;https://diariosanrafael.com.ar/ciudad-mendoza-primavera-sobre-ruedas-en-el-parque-urbano-este-fin-de-semana/;16 sept 2025 ... La Municipalidad de Mendoza, a través de la Ciudad del Deporte, invita a participar de “Primavera sobre ruedas”. Se trata de un Encuentro Nacional de Quad ...
Mendoza festeja la primavera con festivales, picnics y caminatas de ...;https://www.mdzol.com/estilo/mendoza-festeja-la-primavera-festivales-picnics-y-caminatas-montana-n1336190;14 sept 2025 ... La Municipalidad de Mendoza celebra el sábado 20, desde la 18, la primavera ... El encuentro contará con un escenario 360°, que permitirá una ...
Cómo acceder al nuevo curso de inglés gratuito en Ciudad;https://www.mdzol.com/sociedad/como-acceder-al-nuevo-curso-ingles-gratuito-ciudad-n1334818;10 sept 2025 ... Se pide contar con conocimientos básicos para arrancar con un piso común y avanzar desde el primer encuentro en ejercicios de conversación. Una vez enviado ...
Abordarán la ciencia de datos aplicada a políticas públicas - Área ...;https://www.uncuyo.edu.ar/vinculacion/abordaran-la-ciencia-de-datos-aplicada-a-politicas-publicas;30 sept 2025 ... El encuentro será el viernes 29 de octubre a las 17 en la Legislatura de ... Poder Judicial. Daniel Fraiman: Licenciado y Doctor en Ciencias Físicas ...
Agua Escondida ya tiene un estudio propio y planta repetidora de la ...;https://www.malargue.gov.ar/agua-escondida-ya-tiene-un-estudio-propio-y-planta-repetidora-de-la-radio-94-5-municipal/;28 sept 2025 ... ... encuentro, participación y crecimiento. Será un medio para comunicar ... El Poder Judicial de Mendoza brindará asesoramiento jurídico gratuito en el sur ...
Malargüe presente en el Comité de Integración Pehuenche – Sitio ...;https://www.malargue.gov.ar/malargue-presente-en-el-comite-de-integracion-pehuenche/;25 sept 2025 ... El encuentro, que contó con la presencia del intendente de Malargüe Celso ... El Poder Judicial de Mendoza brindará asesoramiento jurídico gratuito en el sur ...
«¡Celebración, música y alegría! Malargüe festejó el Día del ...;https://www.malargue.gov.ar/celebracion-musica-y-alegria-malargue-festejo-el-dia-del-estudiante-y-la-primavera/;21 sept 2025 ... El cierre musical estuvo a cargo de la banda de rock Parió la Choca, que le dio al encuentro un final potente y festivo. ... El Poder Judicial de Mendoza brindará ...
Alfredo Cornejo: “Las residencias no pueden ser lugares de espera ...;https://www.mendovoz.com/actualidad/provinciales/2025/9/19/alfredo-cornejo-las-residencias-no-pueden-ser-lugares-de-espera-indefinida-161732.html;18 sept 2025 ... ... Poder Judicial y el Ejecutivo para sensibilizar y educar a los futuros adoptantes. ... El encuentro concluyó con un llamado a seguir trabajando para ...
Día del Maestro: Agasajaron a los Docentes malargüinos por su día ...;https://www.malargue.gov.ar/dia-del-maestro-agasajaron-a-los-docentes-malarguinos-por-su-dia/;10 sept 2025 ... Organizado por la Municipalidad de Malargüe junto a instituciones educativas, el encuentro ... Notas relacionadas. El Poder Judicial de Mendoza brindará ...
La biblioteca de Bustos Dávila ya forma parte del Archivo Histórico ...;https://www.malargue.gov.ar/la-biblioteca-de-bustos-davila-ya-forma-parte-del-archivo-historico-de-malargue/;10 sept 2025 ... Además de su valor histórico, la biblioteca será una herramienta para la comunidad, favoreciendo el estudio y el encuentro en torno a la identidad malargüina.
La Justicia como equilibrista entre el derecho a la salud y su ...;https://www.unidiversidad.com.ar/la-justicia-como-equilibrista-entre-el-derecho-a-la-salud-y-su-efectivo-cumplimiento;1 sept 2025 ... En un encuentro sobre la temática que se realizó en el Poder Judicial de Mendoza, un grupo de profesionales dijo que se incrementaron los amparos en el ...
Entre música y nieve, Adultos Mayores celebraron y coronaron a su ...;https://www.malargue.gov.ar/entre-musica-y-nieve-adultos-mayores-celebraron-y-coronaron-a-su-reina/;31 ago 2025 ... El intendente Celso Jaque, presente en la celebración, destacó la importancia del encuentro: ... El Poder Judicial de Mendoza brindará asesoramiento jurídico ...
Malargüe refuerza la prevención digital con charlas sobre ...;https://www.malargue.gov.ar/malargue-refuerza-la-prevencion-digital-con-charlas-sobre-proteccion-de-menores-y-ciberseguridad/;31 ago 2025 ... 20:00 hs: encuentro abierto a padres, docentes y público adulto en general. ... El Poder Judicial de Mendoza brindará asesoramiento jurídico gratuito en el sur ...
La Selección argentina va por otra victoria en el Mundial Sub 20 ...;https://www.mdzol.com/deportes/la-seleccion-argentina-va-otra-victoria-el-mundial-sub-20-australia-formaciones-hora-y-tv-n1350317;30 sept 2025 ... El encuentro, que se llevará a cabo en el Estadio Elías Figueroa Brander de ... Andino o Ian Subiabre y Alejo Sarco. DT: Diego Placente. Australia ...
Facundo Lencioni palpitó el encuentro decisivo ante Defensores de ...;https://www.diariouno.com.ar/ovacion/futbol/facundo-lencioni-palpito-el-encuentro-decisivo-defensores-belgrano-y-dejo-su-deseo-llevar-gimnasia-lo-mas-alto-n1482839;30 sept 2025 ... El enganche de Gimnasia y Esgrima, Facundo Lencioni, dejó sus sensaciones de cara al encuentro del domingo ante Defensores de Belgrano y manifestó su deseo ...
El balance de Diego Placente después de la clasificación de ...;https://www.mdzol.com/deportes/el-balance-diego-placente-despues-la-clasificacion-argentina-octavos-el-mundial-sub-20-n1351147;30 sept 2025 ... ... Andino, que sentenciaron la goleada argentina. El golazo de Santino ... Tras el encuentro, Diego Placente habló con DSports y mostró su satisfacción ...
General Alvear fue sede del Torneo Andino de Básquet ...;https://alvearmendoza.gob.ar/general-alvear-fue-sede-del-torneo-andino-de-basquet/;28 sept 2025 ... Durante los días 26, 27 y 28 de septiembre, General Alvear fue escenario del Torneo Andino de Básquet, un encuentro que reunió a delegaciones locales, ...
La Selección argentina, con Andino de titular, debutó ganando en el ...;https://www.diariouno.com.ar/ovacion/futbol/la-seleccion-argentina-andino-titular-debuto-ganando-el-mundial-sub-20-chile-n1481818;28 sept 2025 ... ... encuentro donde jugó desde temprano con uno menos. En Valparaíso los autores de los goles del equipo dirigido por Diego Placente fueron los delanteros Alejo ...
La Selección argentina Sub 20 debutó con una gran victoria ante ...;https://www.mdzol.com/deportes/la-seleccion-argentina-sub-20-debuto-una-gran-victoria-cuba-su-debut-el-mundial-chile-n1348277;27 sept 2025 ... En tanto, el delantero Ian Subiabre conquistó el tercer tanto sobre el final del encuentro. ... Andino y Carrizo para que Sarco empuje la pelota y abra el ...
La Selección argentina Sub 20, con Santino Andino, debuta en el ...;https://www.diariouno.com.ar/ovacion/futbol/la-seleccion-argentina-sub-20-santino-andino-debuta-el-mundial-chile-frente-cuba-hora-tv-y-formaciones-n1481673;27 sept 2025 ... La Selección Argentina Sub 20, con el mendocino Santino Andino, debuta este domingo ante Cuba en el Mundial de Chile 2025. ... El encuentro se disputa desde las ...
La mala suerte de Santino Andino en el debut de la Selección ...;https://www.mdzol.com/deportes/la-mala-suerte-santino-andino-el-debut-la-seleccion-argentina-el-mundial-sub-20-n1348269;27 sept 2025 ... Santino Andino, futbolista de Godoy Cruz, fue titular en el debut de la Selección argentina ... encuentro ante #Cuba ¡Vamos los pibes! pic.twitter.com/9D1aQYVWTC.
Mano a mano con Marcelo Eggel: sus inicios en Santa Fe, el ...;https://www.diariouno.com.ar/ovacion/futbol/mano-mano-marcelo-eggel-sus-inicios-santa-fe-el-presente-el-deportivo-maipu-y-el-encuentro-messi-n1481111;25 sept 2025 ... En una entrevista mano a mano con Ovación 90, Marcelo Eggel abordó éste y otros temas como la parternidad, su encuentro con Lionel Messi y su paso por Ecuador.
La dura sanción económica de Conmebol a Godoy Cruz por el ...;https://www.mdzol.com/deportes/la-dura-sancion-economica-conmebol-godoy-cruz-el-partido-atletico-mineiro-n1345143;23 sept 2025 ... El encuentro en cuestión se desarrolló el 21 de agosto pasado en el estadio Feliciano Gambarte, y se trata de la primera participación de Godoy Cruz a nivel ...
Reunión del Consejo Regional de Defensa del Arbolado Público se ...;https://diariosanrafael.com.ar/reunion-del-consejo-regional-de-defensa-del-arbolado-publico-se-realizo-en-san-rafael/;29 sept 2025 ... ... Departamento General de Irrigación de calle Maza, la que contó con la ... El objetivo del encuentro es seguir protegiendo al arbolado continuando las ...
Lavalle celebró la 28° Expo Apícola con gran convocatoria;https://www.diariouno.com.ar/sociedad/lavalle-celebro-la-28-expo-apicola-gran-convocatoria-n1474631;7 sept 2025 ... Durante dos días reunió a productores, especialistas, estudiantes y público en general. Un espacio de encuentro, aprendizaje y celebración de la apicultura.
Lavalle será sede de la 28ª edición de la Expo Apícola 2025 ...;https://www.mendoza.gov.ar/prensa/lavalle-sera-sede-de-la-28-edicion-de-la-expo-apicola-2025/;31 ago 2025 ... ... Municipio de Lavalle. Este año, la muestra permitirá presenciar la ... 5 de setiembre. 9: apertura de la feria. 10: Encuentro de Escuelas Agrotécnicas del Norte ...
El historial de hechos protagonizados por rugbiers mendocinos ...;https://www.mdzol.com/policiales/el-historial-hechos-protagonizados-rugbiers-mendocinos-rinas-excesos-y-denuncias-abuso-n1330714;5 sept 2025 ... Cristian Puleo tenía 21 años cuando se desempeñaba como jugador del Club Banco Mendoza. ... encuentro íntimo que mantuvo con los deportistas, quienes aseguraron ...
Colectividades 2025: llega octubre con el evento más esperado de ...;https://www.guaymallen.gob.ar/colectividades-2025-llega-octubre-con-el-evento-mas-esperado-de-guaymallen/;30 sept 2025 ... Guaymallén volverá a celebrar junto a las naciones del mundo en una nueva edición de la Fiesta y Encuentro de las Colectividades de Mendoza, que se ...
La Escuela José Tico Russo celebró el Día Internacional del ...;https://diariosanrafael.com.ar/la-escuela-jose-tico-russo-celebro-el-dia-internacional-del-turismo-con-actividades-especiales/;28 sept 2025 ... Además de la charla con Rebelles, la Escuela José Tico Russo organiza un encuentro interinstitucional denominado Primer Encuentro del Saber Turístico, que ...
Olimpiadas InterUCA 2025 - Sociales obtuvo el Premio a la Mejor ...;https://uca.edu.ar/es/noticias/olimpiadas-interuca-2025---sociales-obtuvo-el-premio-a-la-mejor-hinchada;28 sept 2025 ... La jornada se desarrolló durante todo el día y convocó a estudiantes de todas las Facultades en un espacio de encuentro, amistad y competencia. La edición ...
Conversatorio de Análisis del conflicto en Medio Oriente - Facultad ...;https://derecho.uncuyo.edu.ar/jornada-de-analisis-del-conflicto-en-medio-oriente;28 sept 2025 ... a 19:30 hs. en el aula H, Facultd de Derecho UNCUYO. El encuentro “Análisis del conflicto en Medio Oriente” pretende informar con rigor y objetividad sobre la ...
La escuela Carlos O'Donnell participó de una creativa jornada ...;https://www.mendoza.edu.ar/la-escuela-carlos-odonnell-participo-de-una-creativa-jornada-literaria/;28 sept 2025 ... El primer momento se desarrolló en las aulas con un desayuno literario, compartido entre docentes, estudiantes y familias, un encuentro reflexivo que ...
Agua Escondida recibió la primavera con fiesta, música y tradiciones;https://www.malargue.gov.ar/agua-escondida-recibio-la-primavera-con-fiesta-musica-y-tradiciones/;28 sept 2025 ... La comunidad vivió la edición 2025 de “Agua Escondida le Canta a la Primavera”, un encuentro que reunió a vecinos, familias y visitantes en una jornada de ...
Escuelas de la UNCUYO: aspirantes repasaron cómo serán los ...;https://www.uncuyo.edu.ar/prensa/escuelas-de-la-uncuyo-aspirantes-repasaron-como-seran-los-examenes-de-ingreso;27 sept 2025 ... Fue en el encuentro presencial obligatorio previo a los exámenes de ingreso a primer año. Durante la jornada, los estudiantes recibieron consejos y detalles ...
Jornada anual de Prevención de Adicciones en la Escuela Técnica ...;https://alvearmendoza.gob.ar/jornada-anual-de-prevencion-de-adicciones-en-la-escuela-tecnica-jorge-raul-barraquero/;25 sept 2025 ... ... Escuela Técnica N° 4-113 Ingeniero Jorge Raúl Barraquero, organizada por la Dirección de Familia. El encuentro convocó a estudiantes, docentes y ...
I Encuentro RICI - Día 3;https://uca.edu.ar/es/eventos/i-encuentro-rici---dia-3;25 sept 2025 ... - Aula 108, Edificio San José, Campus Papa Francisco. Descargar programa del I Encuentro RICI ... Escuela de Innovación y TecnologíaEscuela de Negocios ...
I Encuentro RICI - Día 2;https://uca.edu.ar/es/eventos/i-encuentro-rici---dia-2;24 sept 2025 ... - Aula 108, Edificio San José, Campus Papa Francisco. Descargar programa del I Encuentro RICI ... Escuela de Innovación y TecnologíaEscuela de Negocios ...
Novedades - Municipalidad de La Paz;https://lapazmendoza.gob.ar/category/novedades/;28 sept 2025 ... El domingo 21 de septiembre, Día del Estudiante y de la Primavera, la Plaza 9 de Julio ... encuentro, celebración y orgullo juvenil, donde cada actividad ...
LA PAZ CELEBRÓ A LO GRANDE LA ESTUDIANTINA 2025;https://lapazmendoza.gob.ar/2025-sep-la-paz-celebro-a-lo-grande-la-estudiantina-2025/;28 sept 2025 ... El domingo 21 de septiembre, la Plaza 9 de Julio ... La Estudiantina 2025 reafirmó a La Paz como un espacio de encuentro juvenil, de identidad y de celebración ...
Independiente Rivadavia recibe este domingo a Huracán | MendoVoz;https://www.mendovoz.com/deportes/ftbol/2025/9/27/independiente-rivadavia-recibe-este-domingo-huracan-162006.html;26 sept 2025 ... Independiente Rivadavia recibe este domingo a Huracán. Para este encuentro, el entrenador de Independiente Rivadavia no podrá contar con el defensor Sheyko ...
Archivo Novedades UDA;https://www.uda.edu.ar/index.php/archivo-novedades-uda;25 sept 2025 ... Salida al Parque Deportivo de Montaña. 25 Septiembre 2025. Será el 4 de ... Ayer, en un encuentro clave en el Consejo Superior, presidido por el Rector Dr.
Salida al Parque Deportivo de Montaña;https://www.uda.edu.ar/index.php/categoria-uda/1771-salida-al-parque-deportivo-de-montana;24 sept 2025 ... Lugar: Parque Deportivo de Montaña (Punto de encuentro: ver ubicación ) Cierre: compartiremos una merienda al finalizar. Detalles de la actividad ...
Quieren llegar al Congreso, pero antes pasan por el CUC ...;https://www.unidiversidad.com.ar/quieren-llegar-al-congreso-pero-antes-pasan-por-el-cuc-estudiantes-haran-un-nuevo-debate-entre-aspirantes;22 sept 2025 ... El encuentro se realizará a las 12 en ese establecimiento ubicado en la calle San Martín 290 de ciudad, el 25 de septiembre, casi un mes antes de las ...
Natural Race 2025: llegó el día de la cita más esperada del trail ...;https://www.diariouno.com.ar/sociedad/natural-race-2025-la-cita-mas-esperada-del-trail-argentino-que-une-deporte-naturaleza-y-desafio-n1478703;18 sept 2025 ... El Parque Deportivo de Montaña, con su imponente cordillera como telón de ... De este modo, la Natural Race se convierte en un verdadero punto de encuentro ...
Empezá la primavera en la Reserva Natural Divisadero Largo ...;https://www.mendovoz.com/ciudad/2025/9/19/empeza-la-primavera-en-lareserva-natural-divisadero-largo-161629.html;18 sept 2025 ... ... plaza Chile: tres días de cultura y tradición. La actividad está ... Punto de encuentro: Reserva Natural Divisadero Largo (Ruta Provincial Nº99, Ciudad).
Un rugbier argentino falleció en pleno partido en Paraguay ...;https://www.mendovoz.com/deportes/rugby/2025/9/16/un-rugbier-argentino-fallecio-en-pleno-partido-en-paraguay-161556.html;15 sept 2025 ... En un partido disputado en las instalaciones de la Unión de Rugby de Paraguay, el jugador se desplomó en pleno encuentro ...
LA PAZ SE PREPARA PARA VIVIR LA ESTUDIANTINA 2025;https://lapazmendoza.gob.ar/2025-sep-la-paz-se-prepara-para-vivir-la-estudiantina-2025/;3 sept 2025 ... El domingo 21 de septiembre, Día del Estudiante y de la Primavera, la Plaza 9 de Julio ... encuentro, celebración y orgullo juvenil, donde cada actividad ...
El histórico Festival Internacional de Danza de Nuevas Tendencias ...;https://www.mdzol.com/mdz-show/el-historico-festival-internacional-danza-nuevas-tendencias-cumple-30-anos-y-trae-propuestas-imperdibles-n1348574;28 sept 2025 ... La Fiesta Ciela, tradicional cierre del festival, promete un encuentro ... En la Nave Creativa, ubicada en la Nave UNCUYO (Maza 250, Ciudad), a las 19 h.
Estos son los espectáculos recomendados en Mendoza para el ...;https://www.mdzol.com/mdz-show/estos-son-los-espectaculos-recomendados-mendoza-el-domingo-28-septiembre-n1347734;26 sept 2025 ... Cada espectáculo, cada coreografía y cada encuentro han sido testigos ... Lugar: Nave UNCuyo (Maza 250, Ciudad de Mendoza) / Horario: 18.00 / Entradas ...
Música - Facultad de Artes y Diseño;https://fad.uncuyo.edu.ar/categorias/index/actividad-academica;14 sept 2025 ... Estudiantes, egresados y docentes estrenarán obras en concierto. El próximo viernes 1 de diciembre a las 20.30 h. en la Sala Roja de la Nave UNCUYO, se ...
La Facultad en los medios - Facultad de Educación;https://educacion.uncuyo.edu.ar/la-facultad-en-los-medios;12 sept 2025 ... ... Fadiunc por el banderazo · MDZ | 14 de abril de 2024 | Hipocresía mendocina ... IV Encuentro de Extensión denominado “Comunidad y Universidad. Vínculos ...
La calma: ciclo de Desmontajes - NAVE UNCUYO Cine;https://nave.uncuyo.edu.ar/evento/item/la-calma-en-un-nuevo-ciclo-de-desmontajes;11 sept 2025 ... El encuentro será el martes 30 de septiembre desde las 19h en la Sala Verde de la Nave UNCUYO. Luego habrá una charla con el equipo realizador del film. La ...
NAVE UNCUYO Se viene la previa del Festival Dibujado 2025;https://nave.uncuyo.edu.ar/novedad/se-viene-la-previa-del-festival-dibujado-2025;"11 sept 2025 ... El festival es concebido como un punto de encuentro para celebrar la ... - Hall Nave UNCUYO; Entrada libre y gratuita. 15 ilustradores e ilustradoras ..."
¡Nuevo encuentro de la Cofradía Pantera del ... - NAVE UNCUYO Cine;https://nave.uncuyo.edu.ar/evento/item/nuevo-encuentro-de-la-cofradia-pantera-del-cine;8 sept 2025 ... Somos un espacio de encuentro, participativo y abierto a toda la comunidad ... Con la certeza de que no hay nada como ver cine en el cine llega a la Nave UNCUYO ...
Estos son los espectáculos recomendados en Mendoza para el ...;https://www.mdzol.com/mdz-show/estos-son-los-espectaculos-recomendados-mendoza-el-domingo-7-septiembre-n1330949;5 sept 2025 ... Lugar: Cine Teatro Plaza ( colón 27, Godoy Cruz) / Horario: 17.00 / Entradas: Comprar haciendo click aquí. Cine. Foto: Web Nave UNCuyo. La quinta (Cine). Tras ...
Noticias - Facultad de Artes y Diseño;https://fad.uncuyo.edu.ar/categorias/index/noticias;4 sept 2025 ... La edición 2022 del MIME se llevará a cabo los días 2 y 3 de abril en las inmediaciones de la Nave UNCUYO y Nave ... ... Encuentro virtual para reflexionar sobre ...
IA Data Explote 2025;https://www.intramed.net/content/ia-data-explote-2025;29 sept 2025 ... Congreso. IA Data Explote 2025. Reunirá a más de 500 decisiones y 30 ponentes para discutir tendencias en Cloud, IA, SaaS, 5G y más. Habrá conferencias ...
Mendoza será sede en 2026 del mayor encuentro de la industria ...;https://ecocuyo.com/nota/149161/mendoza-sera-sede-en-2026-del-mayor-encuentro-de-la-industria-turistica-argentina/;29 sept 2025 ... La Federación Argentina de Asociaciones de Empresas de Viajes y Turismo (FAEVYT) eligió a Mendoza como sede de su Congreso Anual 2026.
XI Congreso Iberoamericano de Implantes Cocleares y Ciencias ...;https://www.intramed.net/content/xi-congreso-iberoamericano-de-implantes-cocleares-y-ciencias-afines-gicca-2025;29 sept 2025 ... ... congreso Latinoamericano de Implantes Cocleares en el hotel Sheraton de Buenos Aires, posteriormente en la ciudad de Mendoza en el 2005,se realizó el Primer ...
Post Chicago 2025 - Mar del Plata;https://www.intramed.net/content/post-chicago-2025---mar-del-plata;29 sept 2025 ... Congreso. Post Chicago 2025 - Mar del Plata. XLV Reunión de Trabajos y Actualización Post Chicago. Comienza: 25 de junio de 2025. Finaliza:.
XXV Congreso Argentino de Nefrología (CAN 2025);https://www.intramed.net/content/xxv-congreso-argentino-de-nefrologia-can-2025;29 sept 2025 ... Congreso. XXV Congreso Argentino de Nefrología (CAN 2025). Más de 800 profesionales de todo el país se congregarán para actualizarse en los últimos avances en ...
Adriana Arpini es nueva Profesora Emérita de la UNCUYO - Prensa ...;https://www.uncuyo.edu.ar/prensa/adriana-arpini-profesora-emerita-de-la-uncuyo;25 sept 2025 ... Por pedido de la Facultad de Filosofía y Letras (FFYL), el Consejo Superior de la Universidad Nacional de Cuyo (UNCUYO) declaró Profesora Extraordinaria a ...
VI Congreso Interamericano de Prevención Cardiovascular: “Educar ...;https://www.umaza.edu.ar/VI-Congreso-Interamericano-de-Prevencion-Cardiovascular;25 sept 2025 ... Del 1 al 4 de octubre, en el Hotel Hilton Mendoza, se llevará a cabo el VI Congreso Interamericano de Prevención Cardiovascular, un evento que reunirá a más ...
Archivo Novedades UDA;https://www.uda.edu.ar/index.php/archivo-novedades-uda;25 sept 2025 ... La Universidad del Aconcagua es parte de RIISUPA, una nueva red que reúne a ... II Congreso Interuniversitario Laudato Si´. 24 Mayo 2023. Desafíos ...
Nos sumamos al Programa de Becas para deportistas federados;https://www.uda.edu.ar/index.php/categoria-uda/1770-nos-sumamos-al-programa-de-becas-para-deportistas-federados;"24 sept 2025 ... Universidad del Aconcagua; Universidad Nacional de Cuyo; Universidad Juan Agustín Maza; Universidad de Mendoza; Universidad de Congreso; Universidad Champagnat ..."
XV Congreso Latinoamericano del Dolor Fedelat;https://www.intramed.net/content/xv-congreso-latinoamericano-del-dolor-fedelat;23 sept 2025 ... XXXIII Congreso Colombiano del Dolor (ACED) XXI Reunión Iberoamericana del ... Hotel Sheraton Bogotá Cl. 25B #Nº 69 C-80, Fontibón -. Bogotá ...
"El exfuncionario mendocino que se salvó de ""quedar pegado"" en un ...";https://www.elsol.com.ar/charlas-de-cafe/el-exfuncionario-mendocino-que-se-salvo-de-quedar-pegado-en-un-escandalo-millonario/;23 sept 2025 ... Vaquié hoy en día es asesor del senador Rodolfo Suarez en el Congreso y ... Teatro Independencia septiembre 24, 2025 5:44 pm. San Rafael aprobó su ...
Facultad de Artes y Diseño;https://fad.uncuyo.edu.ar/novedades/todas/20;14 sept 2025 ... ... Teatro Independencia. Jun 3, 2025. imagen La FAD impulsa la formación en ... imagen La FAD será sede del 10º Congreso Latinoamericano DiSur. La FAD será ...
Teresa Parodi estuvo en Mendoza en una actividad del PJ y ...;https://www.diariouno.com.ar/politica/teresa-parodi-estuvo-mendoza-una-actividad-del-pj-y-cuestiono-las-politicas-milei-n1476719;12 sept 2025 ... Teresa Parodi participó de un debate junto a los candidatos Marisa Uceda y Emir Félix, quienes aspiran a llegar al Congreso. El evento se enfocó en un ...
Adriana Arpini es nueva Profesora Emérita de la UNCUYO - Prensa ...;https://www.uncuyo.edu.ar/prensa/adriana-arpini-profesora-emerita-de-la-uncuyo;25 sept 2025 ... Por pedido de la Facultad de Filosofía y Letras (FFYL), el Consejo Superior de la Universidad Nacional de Cuyo (UNCUYO) declaró Profesora Extraordinaria a ...
El planteo de Griselda Petri sobre el veto universitario y una chicana ...;https://www.mdzol.com/politica/el-planteo-griselda-petri-el-veto-universitario-y-una-chicana-la-uncuyo-n1345050;23 sept 2025 ... ... Universidad Nacional de Cuyo (UNCuyo), que gestiona Esther Sánchez, con ... Congreso para defender los intereses de Mendoza. Él ya demostró con leyes ...
Evaluación de la Tercera Marcha Federal Universitaria en la UNCUYO;https://www.uncuyo.edu.ar/prensa/evaluacion-de-la-tercera-marcha-federal-universitaria-en-la-uncuyo;17 sept 2025 ... ... Universidad Nacional de Cuyo (UNCUYO). Nos entristece que, ni aún con un ... Ahora que el Congreso Nacional refrendó nuestra necesidad de recomponer lo ...
Mendoza defendió la universidad pública en las calles - Unidiversidad;https://www.unidiversidad.com.ar/mas-de-20-mil-personas-marcharon-por-la-universidad-publica-en-mendoza;"17 sept 2025 ... ... Universidad Nacional de Cuyo (UNCUYO). La columna, encabezada por las ... Congreso para el 2026"", dijo con firmeza. ""Por eso, pedimos a senadores y ..."
La UNCUYO vuelve a marchar en defensa de la universidad pública ...;https://educacion.uncuyo.edu.ar/la-uncuyo-vuelve-a-marchar-en-defensa-de-la-universidad-publica3466;16 sept 2025 ... La rectora de la Universidad Nacional de Cuyo (UNCUYO), Esther Sanchez ... Congreso Nacional tras el veto presidencial. La marcha comenzará en el ...
Universidades nacionales, en riesgo: las razones que impulsan la ...;https://www.unidiversidad.com.ar/universidades-nacionales-en-riesgo-las-razones-que-impulsan-la-marcha-federal-universitaria;16 sept 2025 ... En Ciudad, arrancará en la entrada de la Universidad Nacional de Cuyo (UNCUYO) ... Congreso. Es que, entre sus considerandos, el decreto menciona: “Entre ...
Marcha universitaria en Mendoza: faltazo de dirigentes radicales y ...;https://www.elsol.com.ar/mendoza/marcha-universitaria-en-mendoza-faltazo-de-dirigentes-radicales-y-una-alianza-con-lla-que-tiene-asteriscos/;16 sept 2025 ... En la movilización convocada tanto por la Universidad Nacional de Cuyo (UNCuyo) como por Universidad Tecnológica Regional (UTN) se dio una particularidad en ...
El CUC organiza el primer debate de candidatos a diputados, pero ...;https://www.mdzol.com/politica/el-cuc-organiza-el-primer-debate-candidatos-diputados-pero-uno-no-ira-n1338654;16 sept 2025 ... ... Congreso Nacional en las elecciones de 26 de octubre. El evento se ... Universidad Nacional de Cuyo (UNCuyo). Luis Petri no irá al debate por ...
Unas 20.000 personas se sumaron a la marcha en Mendoza en ...;https://www.diariouno.com.ar/sociedad/marcha-universidad-uncuyo-mendoza-educacion-publica;16 sept 2025 ... ... Universidad Nacional de Cuyo (UNCuyo), Esther Sanchez, quien prácticamente ... Congreso. A la movilización también se sumaron la CGT, las dos CTA, el ...
El ataque a la educación pública: más que un ajuste, una apuesta ...;https://diariosanrafael.com.ar/el-ataque-a-la-educacion-publica-mas-que-un-ajuste-una-apuesta-por-el-atraso/;16 sept 2025 ... ... Congreso buscará insistir en dos leyes para reforzar las partidas en ambos rubros. ... Y aquí, en Mendoza, la Universidad Nacional de Cuyo (UNCuyo), con ...
28 de setiembre - Día del Rector - Universidad de Mendoza;https://um.edu.ar/noticias/28-de-setiembre-dia-del-rector-3/;27 sept 2025 ... ... Congreso Nacional. Ha integrado numerosos jurados de tesis doctorales. En el ámbito de la gestión universitaria, se desempeñó como Secretario Académico ...
Archivo Novedades UDA;https://www.uda.edu.ar/index.php/archivo-novedades-uda;25 sept 2025 ... II Congreso Interuniversitario Laudato Si´. 24 Mayo 2023. Desafíos educativos ... Se trata de la Maestría de la Red Andina de Universidades (RADU), compuesta por ...
Nos sumamos al Programa de Becas para deportistas federados;https://www.uda.edu.ar/index.php/categoria-uda/1770-nos-sumamos-al-programa-de-becas-para-deportistas-federados;"24 sept 2025 ... Universidad de Mendoza; Universidad de Congreso; Universidad Champagnat; Instituto Universitario de Ciencias Empresariales. Image. ¿Cómo postularse? Los ..."
Lanzan un programa de becas para deportistas mendocinos ...;https://www.mendovoz.com/deportes/polideportivo/2025/9/24/lanzan-un-programa-de-becas-para-deportistas-mendocinos-federados-161920.html;"23 sept 2025 ... Universidades participantes en 2026. Universidad Juan Agustín Maza; Universidad de Mendoza; Universidad de Congreso; Universidad Champagnat; Instituto ..."
Sé parte del Primer Congreso Nacional de Educación y Malvinas;https://www.umaza.edu.ar/se-parte-del-primer-congreso-nacional-educacion-y-malvinas;21 sept 2025 ... Del 17 al 18 de octubre de 2025, Mendoza será escenario del Primer Congreso Nacional de Educación y Malvinas, que se realizará en la Universidad de Mendoza.
Aspectos legales y humanos de la identificación de los caídos en ...;https://www.uda.edu.ar/index.php/categoria-uda/1766-aspectos-legales-y-humanos-de-la-identificacion-de-los-caidos-en-malvinas;17 sept 2025 ... Este Congreso, que se realizará los días 17 y 18 de octubre en la Universidad de Mendoza, se propone consolidar una propuesta educativa integradora en torno ...
II Jornadas preparatorias del XXXVI Congreso Argentino de ...;https://colabogmza.com.ar/ii-jornadas-preparatorias-del-xxxvi-congreso-argentino-de-derecho-internacional/;16 sept 2025 ... II Jornadas preparatorias del XXXVI Congreso Argentino de Derecho Internacional ... Universidad de Mendoza (UM). Asimismo, la Jornada cuenta con el ...
Las universidades dicen que no hay ningún aumento del presupuesto;https://www.mdzol.com/dinero/las-universidades-dicen-que-no-hay-ningun-aumento-del-presupuesto-n1338440;"15 sept 2025 ... Las esperanzas, dicen, ""descansan en el Congreso de la Nación, para sostener en la sesión de este miércoles la Ley de Financiamiento Universitario y para ..."
San Rafael – Universidad de Mendoza;https://um.edu.ar/sedes/san-rafael/;12 sept 2025 ... Este Congreso se destaca por ser el corolario del exitoso curso “¿Cómo enseñar la Cuestión Malvinas del Corazón a la Palabra? Malvinas en tu aula”.
13 de septiembre – Día del Bibliotecario - Universidad de Mendoza;https://um.edu.ar/noticias/13-de-septiembre-dia-del-bibliotecario/;12 sept 2025 ... En homenaje a ese hito, el Día del Bibliotecario fue establecido en 1942 por el Congreso de Bibliotecarios realizado en Santiago del Estero, y oficializado ...
Edulcorantes bajo la lupa: cómo se controlan los aditivos ...;https://www.mdzol.com/sociedad/edulcorantes-la-lupa-como-se-controlan-los-aditivos-alimentarios-nivel-mundial-n1332080;"11 sept 2025 ... En el marco del XXIII Congreso Argentino de Nutrición, realizado en la Ciudad de Buenos Aires del 3 al 5 de septiembre, tuvo lugar el simposio ""Innovación ..."
Por qué las personas preferimos lo dulce: la explicación biológica ...;https://www.mdzol.com/sociedad/por-que-las-personas-preferimos-lo-dulce-la-explicacion-biologica-detras-un-gusto-universal-n1331875;8 sept 2025 ... Sofía Vargha explicó qué dice la ciencia sobre la preferencia de las personas por lo dulce, en el marco del XXIII Congreso Argentino de Nutrición. CADIBSA.
Solo para curiosos: por qué la provincia de Río Negro lleva ese ...;https://www.diariouno.com.ar/sociedad/solo-curiosos-que-la-provincia-rio-negro-lleva-ese-nombre-y-que-significado-tiene-n1473123;5 sept 2025 ... La provincia se creó mediante la Ley 14.408, sancionada el 15 de junio de 1955 por el Congreso ... Cordillera de Los Andes. Temas relacionados. provincia ...
Se ... - Consejo Profesional de Ciencias Económicas de Mendoza;https://cpcemza.org.ar/A6126_se-realizo-el-25o-congreso-nacional-de-profesionales-de-ciencias-economicas;3 sept 2025 ... El Congreso continuará mañana, viernes, con nuevas conferencias y paneles ... Consejo Profesional de Ciencias Económicas. Av. España 560, Ciudad de ...
Calvente, Cornejo, Bullrich y Petri inauguraron dos sedes de ...;https://www.guaymallen.gob.ar/calvente-cornejo-bullrich-petri-inauguraron-sedes-gendarmeria-policia-federal/;28 sept 2025 ... También recordó que hay proyectos que no salen del Congreso por la ... Será el martes 14 de octubre en el Espacio Cultural Julio Le Parc. Estará a ...
¿Por qué Filo se destacará en la Feria Internacional del Libro de ...;https://ffyl.uncuyo.edu.ar/por-que-filo-se-destaca-en-la-feria-internacional-del-libro-de-mendoza-2025;20 sept 2025 ... ... Espacio Cultural Julio Le Parc y estará dedicada al historietista e ilustrador Juan Giménez ... Releer el Primer Congreso Nacional de Filosofía de 1949 ...
El bodegón que ofrece una empanada gallega por sólo $12.000;https://www.diariouno.com.ar/sociedad/el-bodegon-que-ofrece-una-empanada-gallega-solo-12000-n1475091;9 sept 2025 ... Entonces deberías visitar este bodegón en calle Combate de Los Pozos 95, nada más ni nada menos que en las inmediaciones del Congreso ... escuela Pablo Nogués.
DGE : Prensa Gobierno de Mendoza;https://www.mendoza.gov.ar/prensa/educacion-cultura-infancias-dge/dge/;2 sept 2025 ... La experiencia tuvo su cierre el pasado 30 de agosto en el Espacio Cultural Julio Le Parc, con la participación... Desarrollarán el 14° Congreso de Educación ...
IA Data Explote 2025;https://www.intramed.net/content/ia-data-explote-2025;29 sept 2025 ... Congreso. IA Data Explote 2025. Reunirá a más de 500 decisiones y 30 ponentes para discutir tendencias en Cloud, IA, SaaS, 5G y más. Habrá conferencias ...
Mendoza será sede en 2026 del mayor encuentro de la industria ...;https://ecocuyo.com/nota/149161/mendoza-sera-sede-en-2026-del-mayor-encuentro-de-la-industria-turistica-argentina/;29 sept 2025 ... La Federación Argentina de Asociaciones de Empresas de Viajes y Turismo (FAEVYT) eligió a Mendoza como sede de su Congreso Anual 2026.
XI Congreso Iberoamericano de Implantes Cocleares y Ciencias ...;https://www.intramed.net/content/xi-congreso-iberoamericano-de-implantes-cocleares-y-ciencias-afines-gicca-2025;29 sept 2025 ... ... congreso Latinoamericano de Implantes Cocleares en el hotel Sheraton de Buenos Aires, posteriormente en la ciudad de Mendoza en el 2005,se realizó el Primer ...
Post Chicago 2025 - Mar del Plata;https://www.intramed.net/content/post-chicago-2025---mar-del-plata;29 sept 2025 ... Congreso. Post Chicago 2025 - Mar del Plata. XLV Reunión de Trabajos y Actualización Post Chicago. Comienza: 25 de junio de 2025. Finaliza:.
XXV Congreso Argentino de Nefrología (CAN 2025);https://www.intramed.net/content/xxv-congreso-argentino-de-nefrologia-can-2025;29 sept 2025 ... Congreso. XXV Congreso Argentino de Nefrología (CAN 2025). Más de 800 profesionales de todo el país se congregarán para actualizarse en los últimos avances en ...
XV Congreso Latinoamericano del Dolor Fedelat;https://www.intramed.net/content/xv-congreso-latinoamericano-del-dolor-fedelat;23 sept 2025 ... XXXIII Congreso Colombiano del Dolor (ACED) XXI Reunión Iberoamericana del ... Hotel Sheraton Bogotá Cl. 25B #Nº 69 C-80, Fontibón -. Bogotá ...
CIDE - Congreso de Innovación Digital y Emprendimiento Tickets ...;https://www.eventbrite.com.ar/e/cide-congreso-de-innovacion-digital-y-emprendimiento-tickets-1731595672269;23 sept 2025 ... Eventbrite - Mate Valley presents CIDE - Congreso de Innovación Digital y Emprendimiento - Thursday, October 23, 2025 at Abasto Hotel, AAQ, Cdad.
33° Congreso Internacional de Psiquiatría y Salud Mental;https://www.intramed.net/content/33-congreso-internacional-de-psiquiatria-y-salud-mental;23 sept 2025 ... 33° Congreso Internacional de Psiquiatría y Salud Mental. Ciencia ... Hotel Sheraton - Leandro N. Alem 4221 -. Mar del Plata, Buenos Aires, Argentina.
Cayó la banda que habría asaltado la casa de Pampita tras un ...;https://www.mdzol.com/policiales/cayo-la-banda-que-habria-asaltado-la-casa-pampita-un-allanamiento-n1344545;22 sept 2025 ... ... hotel de la avenida Callao, a metros del Congreso de la Nación. La Policía de la Ciudad detuvo a la banda vinculada al hecho ocurrido la madrugada del ...
Calvente anunció una nueva batería de medidas para bajar el costo ...;https://www.guaymallen.gob.ar/calvente-anuncio-una-nueva-bateria-de-medidas-para-bajar-el-costo-fiscal-de-emprendimientos-que-se-instalen-en-guaymallen/;22 sept 2025 ... La Argentina necesita reformas laborales y tributarias que simplifiquen el sistema y alienten la inversión. Y esas reformas deben salir del Congreso con ...
Transformación del Instituto Provincial de Vitivinicultura. Análisis ...;https://colabogmza.com.ar/transformacion-del-instituto-provincial-de-vitivinicultura-analisis-preliminar-del-decreto-n-462-2025/;25 sept 2025 ... En uso de las facultades delegadas por el Congreso de la Nación ... Instituto Nacional de Vitivinicultura: https://mendozalegal.com/2025/09/26 ...
Nos sumamos al Programa de Becas para deportistas federados;https://www.uda.edu.ar/index.php/categoria-uda/1770-nos-sumamos-al-programa-de-becas-para-deportistas-federados;"24 sept 2025 ... Universidad de Congreso; Universidad Champagnat; Instituto Universitario de Ciencias Empresariales. Image. ¿Cómo postularse? Los interesados deberán ..."
Lanzan un programa de becas para deportistas mendocinos ...;https://www.mendovoz.com/deportes/polideportivo/2025/9/24/lanzan-un-programa-de-becas-para-deportistas-mendocinos-federados-161920.html;"23 sept 2025 ... Universidad de Congreso; Universidad Champagnat; Instituto Universitario de Ciencias Empresariales; Universidad Nacional de Cuyo; Universidad del Aconcagua. Los ..."
El Gobierno nacional confirmó a Carlos Tizio al frente del INV;https://www.elsol.com.ar/el-pais/el-gobierno-nacional-confirmo-a-carlos-tizio-al-frente-del-inv/;22 sept 2025 ... ... Instituto Nacional de Vitivinicultura (INV), el Instituto Nacional de ... Congreso de la Nación. El decreto. DECTO-2025-684-APN-PTE, designacion Tizio ...
Carlos Tizio volvió al INV tras el rechazo a los decretos de Javier Milei;https://www.diariouno.com.ar/politica/carlos-tizio-volvio-al-inv-el-rechazo-los-decretos-javier-milei-n1479845;22 sept 2025 ... El gobierno nacional volvió a designar a Carlos Tizio al frente del Instituto Nacional de Vitivinicultura (INV), tras el rechazo del Congreso a los decretos ...
Tras el fallo de la Justicia, Luis Caputo dejó sin efecto los 49 ...;https://www.diariouno.com.ar/economia/tras-el-fallo-la-justicia-luis-caputo-dejo-efecto-los-49-despidos-el-inv-n1476041;10 sept 2025 ... ... Instituto Nacional de Vitivinicultura (INV). La medida, efectivizada por ... Fue cuando, conocido el veto del Congreso que daba por tierra con la ...
Tras el rechazo en el Congreso, dejaron sin efecto los despidos en ...;https://www.elsol.com.ar/el-pais/tras-el-rechazo-en-el-congreso-dejaron-sin-efecto-los-despidos-en-el-inv-y-otros-organismos-nacionales/;10 sept 2025 ... Tras el rechazo en el Congreso, dejaron sin efecto los despidos en el INV y otros organismos nacionales ... Instituto Nacional de Vitivinicultura (INV) y del ...
La Justicia Federal suspendió los 49 despidos en el INV que había ...;https://www.diariouno.com.ar/economia/la-justicia-federal-suspendio-los-49-despidos-el-inv-que-habia-decidido-luis-caputo-n1475147;8 sept 2025 ... La Justicia Federal de Mendoza suspendió los pases a disponibilidad de 49 empleados del Instituto Nacional de Vitivinicultura ... Luego de que el Congreso ...
La Justicia Federal frenó los pases a disponibilidad de los ...;https://www.mdzol.com/politica/la-justicia-federal-freno-los-pases-disponibilidad-los-empleados-del-inv-n1333171;8 sept 2025 ... La Justicia Federal de Mendoza se expidió en torno a la situación de los 50 empleados del Instituto Nacional de Vitivinicultura ... Congreso rechazara los ...
Juzgado de Tránsito Municipal – Sitio oficial;https://www.malargue.gov.ar/tag/juzgado-de-transito-municipal/;3 sept 2025 ... ª Jornada Interdisciplinaria de Seguridad Vial, evento preparatorio del 1.º Congreso ... Instituto Universitario de Seguridad Pública, la Unidad Ejecutiva ...
Dos noches a pura música en el Cristoforo Colombo - Godoy Cruz;https://www.godoycruz.gob.ar/dos-noches-pura-musica-cristoforo-colombo/;30 sept 2025 ... En primer lugar, los alumnos del Programa de Canto de Verónica Cangemi, de la Universidad de Congreso, presentan su espectáculo “Voces que cuentan historias”.
Tsunami de encuestas: Milei sobrevive a la tormenta y el PJ se ...;https://www.diariouno.com.ar/politica/tsunami-encuestas-milei-sobrevive-la-tormenta-y-el-pj-se-envalentona-la-recta-final-n1481373;27 sept 2025 ... Foto: Municipalidad de Godoy Cruz ... Si sus presunciones se cumplen, Marisa Uceda podría regresar al Congreso junto con Emir Félix que ya es número puesto.
El Municipio apuesta al desarrollo económico con un nuevo ...;https://www.godoycruz.gob.ar/municipio-apuesta-al-desarrollo-economico-nuevo-convenio-la-camara-argentina-destiladores/;18 sept 2025 ... Durante 2024, Godoy Cruz fue sede del 4º Congreso de Destiladores Argentinos. ... Municipalidad de Godoy Cruz. Dirección. Rivadavia 448. Horario. Lunes a ...
Manuel Adorni advirtió que financiar la ley universitaria equivale a ...;https://www.diariouno.com.ar/politica/manuel-adorni-advirtio-que-financiar-la-ley-universitaria-equivale-suspender-planes-sociales-o-aumentar-el-iva-n1478427;17 sept 2025 ... El día después del rechazo a los vetos de Milei en el Congreso ... El Museo Fader sumó 4 acuarelas de nivel internacional gracias al aporte de un privado.
Efemérides: los acontecimientos más importantes que debes ...;https://www.diariouno.com.ar/sociedad/efemerides-los-acontecimientos-mas-importantes-que-debes-conocer-este-10-septiembre-n1475051;9 sept 2025 ... Por otro lado, se celebra el Día del Terapista Ocupacional en la Argentina, en conmemoración al Congreso ... Museo de Arte Moderno de Nueva York. 10 de ...
Milei se reunió con Netanyahu en Nueva York y pidió la liberación ...;https://www.elsol.com.ar/el-pais/milei-se-reunio-con-netanyahu-en-nueva-york-y-pidio-por-los-rehenes-en-gaza/;24 sept 2025 ... Posteriormente, la última actividad prevista de Milei y su comitiva en Nueva York era una reunión con el presidente del Congreso Mundial Judío, Donald ...
Evaluación de la Tercera Marcha Federal Universitaria en la UNCUYO;https://www.uncuyo.edu.ar/prensa/evaluacion-de-la-tercera-marcha-federal-universitaria-en-la-uncuyo;17 sept 2025 ... La Tercera Marcha Federal Universitaria terminó con un acto en Plaza Independencia. ... Ahora que el Congreso Nacional refrendó nuestra necesidad de recomponer lo ...
Mendoza defendió la universidad pública en las calles - Unidiversidad;https://www.unidiversidad.com.ar/mas-de-20-mil-personas-marcharon-por-la-universidad-publica-en-mendoza;"17 sept 2025 ... En el corazón de la Plaza Independencia, la rectora Esther Sanchez leyó ... Congreso para el 2026"", dijo con firmeza. ""Por eso, pedimos a senadores y ..."
En fotos: así se desarrolló la Marcha Federal Universitaria en ...;https://www.elsol.com.ar/mendoza/desde-la-uncuyo-a-la-plaza-independencia-comenzo-la-marcha-federal-universitaria/;16 sept 2025 ... ... Plaza Independencia, lugar final de la congregación, sitio al cual llegó ... congreso, quienes tenían en sus manos la decisión para sostener la ...
Cómo será el recorrido y la concentración por grupos de la marcha ...;https://www.mdzol.com/sociedad/como-sera-el-recorrido-y-la-concentracion-grupos-la-marcha-la-uncuyo-n1339297;16 sept 2025 ... El recorrido será hasta la plaza Independencia. Santiago Tagua/MDZ. La UNCuyo ... en el Congreso. La marcha tiene un recorrido establecido y además ,la ...
La UNCUYO vuelve a marchar en defensa de la universidad pública ...;https://educacion.uncuyo.edu.ar/la-uncuyo-vuelve-a-marchar-en-defensa-de-la-universidad-publica3466;16 sept 2025 ... ... Congreso Nacional tras el veto presidencial. La marcha comenzará en el Campus Universitario y finalizará con un acto en Plaza Independencia. Está previsto ...
Universidades nacionales, en riesgo: las razones que impulsan la ...;https://www.unidiversidad.com.ar/universidades-nacionales-en-riesgo-las-razones-que-impulsan-la-marcha-federal-universitaria;16 sept 2025 ... ... Plaza Independencia. Es la tercera marcha nacional ... En el Decreto 647/2025, que dispuso el veto de la ley sancionada por el Congreso ...
Marcha universitaria en Mendoza: faltazo de dirigentes radicales y ...;https://www.elsol.com.ar/mendoza/marcha-universitaria-en-mendoza-faltazo-de-dirigentes-radicales-y-una-alianza-con-lla-que-tiene-asteriscos/;16 sept 2025 ... En consecuencia, ningún “peso pesado” se arrimó a la Plaza Independencia. ... Congreso, Julio Cobos, Lisandro Nieri y Pamela Verasay, votaron en contra ...
Golpes, empujones y gritos: el tenso momento que vivió Omar Félix ...;https://www.mdzol.com/politica/golpes-empujones-y-gritos-el-tenso-momento-que-vivio-omar-felix-la-marcha-san-rafael-n1339936;16 sept 2025 ... ... Congreso nacional se le daba precisamente al veto de esa ley por parte del Gobierno de Javier Milei. Una marcha que tuvo su repercusión en la provincia, en ...
Unas 20.000 personas se sumaron a la marcha en Mendoza en ...;https://www.diariouno.com.ar/sociedad/marcha-universidad-uncuyo-mendoza-educacion-publica;16 sept 2025 ... ... plaza Independencia. Comenzaron hablando estudiantes de los colegios ... Congreso. A la movilización también se sumaron la CGT, las dos CTA, el ...
Convocatoria abierta para participar en el 2º Congreso Internacional ...;https://www.umaza.edu.ar/convocatoria-CIICU-2025;30 sept 2025 ... ... Universidad Juan Agustín Maza lanza su 2º Congreso en temáticas de Investigación, Ciencia y Universidad. Interpelados por la realidad circundante y el ...
Noticias - Universidad de Congreso - Universidad de Congreso;https://www.ucongreso.edu.ar/noticias/p/2/;29 sept 2025 ... La Universidad de Congreso realizó la presentación de 4 cuatro nuevas carreras presenciales en el Polo Universitario y de Formación Villa Dolores. El acto de ...
Proyect (arte) Rompecabezas de Natalia Smirnoff - Universidad de ...;https://www.ucongreso.edu.ar/proyect-arte-rompecabezas-de-natalia-smirnoff/;28 sept 2025 ... La Secretaría de Cooperación Internacional de la Universidad de Congreso, en conjunto con EducationUSA, invita a participar de un ciclo de webinars gratuitos ...
28 de setiembre - Día del Rector - Universidad de Mendoza;https://um.edu.ar/noticias/28-de-setiembre-dia-del-rector-3/;27 sept 2025 ... ... Congreso Nacional. Ha integrado numerosos jurados de tesis doctorales. En el ámbito de la gestión universitaria, se desempeñó como Secretario Académico ...
Presupuesto 2025: autoridades de la UNCUYO convocaron a ...;https://www.uncuyo.edu.ar/prensa/presupuesto-2025-autoridades-de-la-uncuyo-convocaron-a-legisladores-nacionales-por-mendoza;25 sept 2025 ... ... Congreso del Presupuesto 2025. Las voces de los legisladores. Pamela Verasay, diputada nacional por Mendoza y graduada de la UNCUYO: “Nos reunimos hoy con ...
Congreso Nacional de Ergonomía pone foco en las economías ...;https://www.uncuyo.edu.ar/prensa/congreso-nacional-de-ergonomia-pone-foco-en-las-economias-regionales;25 sept 2025 ... La Universidad. Congreso Nacional de Ergonomía pone foco en las economías regionales. Especialistas, investigadores y profesionales de Chile, Brasil, Perú ...
Acto de Presentación: Nuevas carreras 2026 en Villa Dolores ...;https://www.ucongreso.edu.ar/acto-de-presentacion-nuevas-carreras-2026-en-villa-dolores/;23 sept 2025 ... La Universidad de Congreso realizó la presentación de 4 cuatro nuevas carreras presenciales en el Polo Universitario y de Formación Villa Dolores.
Capacitación Docente en Inteligencia Artificial para proyectos de ...;https://www.diariouno.com.ar/sociedad/capacitacion-docente-inteligencia-artificial-proyectos-investigacion-n1479857;22 sept 2025 ... La Secretaría de Investigación y Posgrados de la Universidad de Congreso abre las inscripciones para una capacitación en Inteligencia Artificial orientada a ...
Sé parte del Primer Congreso Nacional de Educación y Malvinas;https://www.umaza.edu.ar/se-parte-del-primer-congreso-nacional-educacion-y-malvinas;21 sept 2025 ... Del 17 al 18 de octubre de 2025, Mendoza será escenario del Primer Congreso Nacional de Educación y Malvinas, que se realizará en la Universidad de Mendoza.
La Universidad de Congreso abre un nuevo posgrado: Maestría en ...;https://www.diariouno.com.ar/sociedad/la-universidad-congreso-abre-un-nuevo-posgrado-maestria-direccion-recursos-humanos-n1478736;18 sept 2025 ... La Universidad de Congreso anuncia la apertura de postulaciones para la Maestría en Dirección de Recursos Humanos, un posgrado con enfoque en liderazgo 360 ...
Concurso de deletreo reunió a estudiantes de ocho escuelas en ...;https://diariosanrafael.com.ar/concurso-de-deletreo-reunio-a-estudiantes-de-ocho-escuelas-en-san-rafael/;20 sept 2025 ... El concurso reunió cerca de 70 alumnos que se enfrentaron en rondas eliminatorias. “El miércoles hicimos el concurso en el Centro de Congreso, tuvimos casi 70 ...
La Garrafa en tu Barrio: cronograma para la semana del 8 al 13 de ...;https://www.diariouno.com.ar/sociedad/la-garrafa-tu-barrio-cronograma-la-semana-del-8-al-13-septiembre-n1474472;7 sept 2025 ... Biblioteca Popular. Carrizal y Cacheuta 1689. A las 12. Jesús Nazareno ... Yrigoyen y Congreso. A las 10.30. El Challao: Rotonda de los Bomberos ...
La Garrafa en tu Barrio: el cronograma 8 al 13 de septiembre ...;https://www.elcucodigital.com/la-garrafa-en-tu-barrio-el-cronograma-8-al-13-de-septiembre/;7 sept 2025 ... El Plumerillo. Barrio Independencia. CEDRyS 15. Aguado y Chile. A las 9.30. El Zapallar: Barrio Cristo Redentor. Plaza. Yrigoyen y Congreso. A las ...
Por primera vez, una mujer dirigirá el Instituto Balseiro - Prensa ...;https://www.uncuyo.edu.ar/prensa/por-primera-vez-una-mujer-dirigira-el-instituto-balseiro;30 sept 2025 ... ... Congreso Internacional de Metalurgia y Materiales, SAM-CONAMET. Desde 2008 es Investigadora de CONICET y desde 2019 es además investigadora de la CNEA, con ...
CLICAP2026 - Facultad de Ciencias Aplicadas a la Industria;https://fcai.uncuyo.edu.ar/clicap2026;29 sept 2025 ... Nos complace anunciar que el VII Congreso Latinoamericano de Ingeniería y Ciencias Aplicadas, CLICAP 2026 se realizará entre el 18 y 20 de de marzo de 2026 ...
Recolectaba residuos urbanos y soñaba con ser maestra: lo logró y ...;https://www.diariouno.com.ar/sociedad/recolectaba-residuos-urbanos-y-sonaba-ser-maestra-lo-logro-y-hoy-ensena-cuidar-el-planeta-n1479926;28 sept 2025 ... Primero se inscribió en la Universidad Nacional de Cuyo, luego en la Universidad de Congreso, en Psicología. Pero las responsabilidades del hogar le ...
San Rafael será sede del Congreso Nacional de Estudiantes de ...;https://diariosanrafael.com.ar/san-rafael-sera-sede-del-congreso-nacional-de-estudiantes-de-ingenieria-civil/;28 sept 2025 ... ... Congreso Nacional de Estudiantes de Ingeniería Civil, que ... “Hay días que nos dedicamos a hacer visitas técnicas, ya sea Valle Grande, Los Reyunos ...
Alejandro Vigil: de vender café en la calle a ser uno de los mejores ...;https://www.diariouno.com.ar/sociedad/alejandro-vigil-vender-cafe-la-calle-ser-uno-los-mejores-enologos-del-mundo-n1481371;27 sept 2025 ... Es Ingeniero Agrónomo de la Universidad Nacional de Cuyo, donde realizó una ... C- El Congreso y el Poder Judicial frenaron el desguace del INTA. ¿Qué ...
Adriana Arpini es nueva Profesora Emérita de la UNCUYO - Prensa ...;https://www.uncuyo.edu.ar/prensa/adriana-arpini-profesora-emerita-de-la-uncuyo;25 sept 2025 ... El Consejo Superior de la Universidad Nacional de Cuyo distinguió como Profesora Extraordinaria a Adriana María Arpini ... Congreso de la Asociación Filosófica ...
Presupuesto 2025: autoridades de la UNCUYO convocaron a ...;https://www.uncuyo.edu.ar/prensa/presupuesto-2025-autoridades-de-la-uncuyo-convocaron-a-legisladores-nacionales-por-mendoza;25 sept 2025 ... ... Universidad Nacional de Cuyo. La pauta de gastos del año que viene ... El 15 de septiembre estaría ingresando el proyecto de Presupuesto al Congreso ...
Congreso Nacional de Ergonomía pone foco en las economías ...;https://www.uncuyo.edu.ar/prensa/congreso-nacional-de-ergonomia-pone-foco-en-las-economias-regionales;25 sept 2025 ... La Ciudad de Mendoza será escenario del VII Congreso Nacional de Ergonomía, disciplina que se ocupa de indagar la relación de las personas con el entorno y los ...
Nos sumamos al Programa de Becas para deportistas federados;https://www.uda.edu.ar/index.php/categoria-uda/1770-nos-sumamos-al-programa-de-becas-para-deportistas-federados;"24 sept 2025 ... Universidad Nacional de Cuyo; Universidad Juan Agustín Maza; Universidad de Mendoza; Universidad de Congreso; Universidad Champagnat; Instituto Universitario de ..."
Ex funcionarios de Alberto Rodríguez Saá en San Luis fueron ...;https://www.diariouno.com.ar/politica/ex-funcionarios-alberto-rodriguez-saa-san-luis-fueron-imputados-fraude-la-administracion-publica-n1481058;24 sept 2025 ... ... Congreso de la Nación) y se dispuso la inhibición general de bienes junto a la prohibición de contratar. La fiscal Maluf describió un patrón repetido en ...
IA Data Explote 2025;https://www.intramed.net/content/ia-data-explote-2025;29 sept 2025 ... Congreso. IA Data Explote 2025. Reunirá a más de 500 decisiones y 30 ponentes para discutir tendencias en Cloud, IA, SaaS, 5G y más. Habrá conferencias ...
Mendoza será sede en 2026 del mayor encuentro de la industria ...;https://ecocuyo.com/nota/149161/mendoza-sera-sede-en-2026-del-mayor-encuentro-de-la-industria-turistica-argentina/;29 sept 2025 ... La Federación Argentina de Asociaciones de Empresas de Viajes y Turismo (FAEVYT) eligió a Mendoza como sede de su Congreso Anual 2026.
XI Congreso Iberoamericano de Implantes Cocleares y Ciencias ...;https://www.intramed.net/content/xi-congreso-iberoamericano-de-implantes-cocleares-y-ciencias-afines-gicca-2025;29 sept 2025 ... ... congreso Latinoamericano de Implantes Cocleares en el hotel Sheraton de Buenos Aires, posteriormente en la ciudad de Mendoza en el 2005,se realizó el Primer ...
Post Chicago 2025 - Mar del Plata;https://www.intramed.net/content/post-chicago-2025---mar-del-plata;29 sept 2025 ... Congreso. Post Chicago 2025 - Mar del Plata. XLV Reunión de Trabajos y Actualización Post Chicago. Comienza: 25 de junio de 2025. Finaliza:.
XXV Congreso Argentino de Nefrología (CAN 2025);https://www.intramed.net/content/xxv-congreso-argentino-de-nefrologia-can-2025;29 sept 2025 ... Congreso. XXV Congreso Argentino de Nefrología (CAN 2025). Más de 800 profesionales de todo el país se congregarán para actualizarse en los últimos avances en ...
VI Congreso Interamericano de Prevención Cardiovascular: “Educar ...;https://www.umaza.edu.ar/VI-Congreso-Interamericano-de-Prevencion-Cardiovascular;25 sept 2025 ... Del 1 al 4 de octubre, en el Hotel Hilton Mendoza, se llevará a cabo el VI Congreso Interamericano de Prevención Cardiovascular, un evento que reunirá a más ...
XV Congreso Latinoamericano del Dolor Fedelat;https://www.intramed.net/content/xv-congreso-latinoamericano-del-dolor-fedelat;23 sept 2025 ... XXXIII Congreso Colombiano del Dolor (ACED) XXI Reunión Iberoamericana del ... Hotel Sheraton Bogotá Cl. 25B #Nº 69 C-80, Fontibón -. Bogotá ...
CIDE - Congreso de Innovación Digital y Emprendimiento Tickets ...;https://www.eventbrite.com.ar/e/cide-congreso-de-innovacion-digital-y-emprendimiento-tickets-1731595672269;23 sept 2025 ... Eventbrite - Mate Valley presents CIDE - Congreso de Innovación Digital y Emprendimiento - Thursday, October 23, 2025 at Abasto Hotel, AAQ, Cdad.
33° Congreso Internacional de Psiquiatría y Salud Mental;https://www.intramed.net/content/33-congreso-internacional-de-psiquiatria-y-salud-mental;23 sept 2025 ... 33° Congreso Internacional de Psiquiatría y Salud Mental. Ciencia ... Hotel Sheraton - Leandro N. Alem 4221 -. Mar del Plata, Buenos Aires, Argentina.
Cayó la banda que habría asaltado la casa de Pampita tras un ...;https://www.mdzol.com/policiales/cayo-la-banda-que-habria-asaltado-la-casa-pampita-un-allanamiento-n1344545;22 sept 2025 ... ... hotel de la avenida Callao, a metros del Congreso de la Nación. La Policía de la Ciudad detuvo a la banda vinculada al hecho ocurrido la madrugada del ...
Archivo Novedades UDA;https://www.uda.edu.ar/index.php/archivo-novedades-uda;25 sept 2025 ... Primer Congreso provincial de Ciencia y Técnica. 18 Noviembre 2021. Se ... en la Municipalidad de Mendoza.... Leer Más ...
Acto de Presentación: Nuevas carreras 2026 en Villa Dolores ...;https://www.ucongreso.edu.ar/acto-de-presentacion-nuevas-carreras-2026-en-villa-dolores/;23 sept 2025 ... ... Congreso la construcción del primer caso demostrativo del proyecto “Red de ... Municipalidad de Mendoza. La iniciativa […] 9 octubre, 2025. Ciclo de ...
La Casa de la Mirada 2025 cerró una semana dedicada a ...;https://www.ucongreso.edu.ar/la-casa-de-la-mirada-2025-cerro-una-semana-dedicada-a-arquitectura-y-territorio-en-la-universidad-de-congreso/;14 sept 2025 ... Desde la Universidad de Congreso agradecieron a la Municipalidad de Mendoza, a las y los artistas invitados, equipos docentes, cátedras y a toda la ...
Psicopedagogía: Charlas para padres en San Rafael - Universidad ...;https://www.ucongreso.edu.ar/psicopedagogia-charlas-para-padres-en-san-rafael/;9 sept 2025 ... ... Congreso la construcción del primer caso demostrativo del proyecto “Red de ... Municipalidad de Mendoza. La iniciativa […] 9 octubre, 2025. Ciclo de ...
La Casa de la Mirada 2025 - Universidad de Congreso ...;https://www.ucongreso.edu.ar/la-casa-de-la-mirada-2025/;8 sept 2025 ... Eduardo Vivante. 16:20 — Parque Deportivo de Montaña: características y necesidades de intervención. Municipalidad de Mendoza. 16:40 — Bases: Intervención en el ...
Beneficio: Matrícula Anticipada 2026 - Universidad de Congreso ...;https://www.ucongreso.edu.ar/beneficio-matricula-anticipada-2026/;8 sept 2025 ... ... Congreso la construcción del primer caso demostrativo del proyecto “Red de ... Municipalidad de Mendoza. La iniciativa […] 9 octubre, 2025. Ciclo de ...
Becas y Beneficios Arancelarios 2026 - Universidad de Congreso ...;https://www.ucongreso.edu.ar/becas-y-beneficios-arancelarios-2026/;8 sept 2025 ... ... Congreso la construcción del primer caso demostrativo del proyecto “Red de ... Municipalidad de Mendoza. La iniciativa […] 9 octubre, 2025. Ciclo de ...
Mendoza: Universidad Abierta 2026 - Universidad de Congreso ...;https://www.ucongreso.edu.ar/mendoza-universidad-abierta-2026/;7 sept 2025 ... ... Congreso la construcción del primer caso demostrativo del proyecto “Red de ... Municipalidad de Mendoza. La iniciativa […] 9 octubre, 2025. Ciclo de ...
Universidad de Congreso: ¿Cómo usar el logo de forma correcta ...;https://www.ucongreso.edu.ar/universidad-de-congreso-como-usar-el-logo-de-forma-correcta/;3 sept 2025 ... ... Congreso. 1) Qué logos están permitidos. ÚNICAMENTE la versión oficial provista ... Municipalidad de Mendoza. La iniciativa […] 9 octubre, 2025. Ciclo de ...
El Gobierno aseguró que debería despedir a más de 60 mil ...;https://www.mdzol.com/politica/el-gobierno-aseguro-que-deberia-despedir-mas-60-mil-empleados-publicos-pagarle-las-universidades-n1340524;17 sept 2025 ... Luego de otra dura derrota en el Congreso, el vocero presidencial, Manuel ... También entraron en la matemática del vocero el presupuesto del Poder Judicial ...
Según Leila Chaher, “es imposible que Jujuy crezca sin un proyecto ...;https://viapais.com.ar/jujuy/segun-leila-chaher-es-imposible-que-jujuy-crezca-sin-un-proyecto-de-nacion-que-acompane/;12 sept 2025 ... ... Congreso que otorgaba más fondos del Tesoro Nacional a las provincias. La ... Poder Judicial tiene encajonado el DNU 7030 desde que asumió Milei y el ...
Javier Milei restableció la fusión de institutos culturales y la ...;https://www.mdzol.com/javier-milei-restablecio-la-fusion-institutos-culturales-y-la-reorganizacion-entidades-clave-del-estado-n1328117;2 sept 2025 ... Javier Milei dictó un decreto para restablecer normas y estructuras estatales tras el rechazo de decretos por el Congreso, evitando vacío legal y confusión.
Néstor Pedro Sagüés: un constitucionalista visionario;https://repositorio.uca.edu.ar/bitstream/123456789/20405/1/nestor-pedro-sagues-constitucionalista.pdf;1 sept 2025 ... En ese Congreso, Néstor Pedro Sagüés fue el que más aportó académicamente y ... - DIVISIÓN DE PODERES - PODER JUDICIAL - FI-. LOSOFÍA DEL DERECHO.
Palestina suma apoyos en la ONU y siguen las marchas contra el ...;https://www.diariouno.com.ar/mundo/palestina-suma-apoyos-la-onu-y-siguen-las-marchas-contra-el-genocidio-n1479836;"22 sept 2025 ... Luis Petri en 7D: ""Hoy el desafío está en el Congreso, ahí está la madre de las batallas"" ... La Selección argentina, con golazo de Andino, venció a Australia y ..."
Javier Milei desplazó a Lule Menem de la campaña: nueva ...;https://www.diariouno.com.ar/politica/javier-milei-desplazo-lule-menem-la-campana-nueva-coordinacion-y-mensaje-biblico-n1478623;"17 sept 2025 ... ... Congreso funcionan como oposición. En esa línea, criticó que es gracias a las ""leyes imparables"" que sube el riesgo país y la tasa de interés. Su alusión ..."
El Senado rechazó el veto presidencial a la ley de distribución de ...;https://www.elsol.com.ar/el-pais/el-senado-rechazo-el-veto-presidencial-a-la-ley-de-distribucion-de-los-atn/;17 sept 2025 ... El Gobierno sumó una nueva derrota en el Congreso luego de que la Cámara alta no avalara el veto a la ley ideada por gobernadores. Foto del avatar ...
Reparto de ATN: Suarez y Juri se abstuvieron de votar en otra ...;https://www.elsol.com.ar/mendoza/reparto-de-atn-a-las-provincias-suarez-y-juri-se-abstuvieron-de-votar-en-otra-derrota-parlamentaria-de-milei/;17 sept 2025 ... ... Congreso. Fue por 59 votos afirmativos, 9 negativos y 3 abstenciones. Dos de esas abstenciones fueron por parte de los radicales mendocinos Rodolfo Suarez y ...
Reparto de ATN a las provincias: el Senado rechazó el veto y le dio ...;https://www.diariouno.com.ar/politica/reparto-atn-las-provincias-el-senado-rechazo-el-veto-y-le-dio-otro-golpe-milei-n1478419;"17 sept 2025 ... ... Congreso. La votación dio 59 voluntades as favor, entre ellas la de la mendocina Anabel Fernández Sagasti; 9 en contra y 3 abstenciones, incluidas las de ..."
AGD en los medios – AGDUBA;https://agduba.org.ar/agd-en-los-medios-ok/;16 sept 2025 ... ... Congreso contra el veto de Milei C5N (15/09/2025) ▶️ La UBA inició una semana de lucha por el […] Compartir. ▶️ «Hubo 10.000 renuncias de docentes en ...
Franco Saccone, tras el empate del Deportivo Maipú: las ...;https://www.diariouno.com.ar/ovacion/futbol/franco-saccone-el-empate-del-deportivo-maipu-las-dificultades-all-boys-y-la-actitud-el-final-del-certamen-n1476981;"14 sept 2025 ... Andino entró e hizo un golazo. Mundial Sub 20 · La Selección ... Luis Petri en 7D: ""Hoy el desafío está en el Congreso, ahí está la madre de las batallas""."
Qué se puede esperar de la Cadena Nacional de Milei para este ...;https://www.elsol.com.ar/el-pais/que-se-puede-esperar-de-la-cadena-nacional-de-milei-para-este-lunes/;13 sept 2025 ... El oficialismo evitará exponer bases presupuestarias en un Congreso hostil, con sesiones ya pautadas para insistir con vetos (financiamiento universitario y ...
La Facultad en los medios - Facultad de Educación;https://educacion.uncuyo.edu.ar/la-facultad-en-los-medios;12 sept 2025 ... ia · V Congreso Internacional Infancias, Formación Docente y Educación Infantil · Diplomatura de Posgrado Imágenes y Educación en la Contemporaneidad · Cuarta ...
Tras el rechazo en el Congreso, dejaron sin efecto los despidos en ...;https://www.elsol.com.ar/el-pais/tras-el-rechazo-en-el-congreso-dejaron-sin-efecto-los-despidos-en-el-inv-y-otros-organismos-nacionales/;10 sept 2025 ... Tras el rechazo en el Congreso, dejaron sin efecto los despidos en el INV y otros organismos nacionales. La medida lleva la firma del ministro de Economía ...
Concurso Literario: “Las mujeres y el agua en tiempos de cambio ...;https://um.edu.ar/noticias/concurso-literario-las-mujeres-y-el-agua-en-tiempos-de-cambio-climatico/;10 sept 2025 ... ... Departamento General de Irrigación lanzaron, el mes internacional de la Mujer y del Agua y en el marco de la conmemoración de los treinta años de la ...
La UNCUYO vuelve a marchar en defensa de la universidad pública ...;https://educacion.uncuyo.edu.ar/la-uncuyo-vuelve-a-marchar-en-defensa-de-la-universidad-publica3466;16 sept 2025 ... Por su parte, en San Rafael la marcha será desde las 16 y el lugar de concentración será en la Rotonda de la Bandera, Km 0 (San Rafael, Mendoza). ... El Congreso ...
Memorándum 183-Dir. Planificación. Inscripciones al Congreso ...;https://www.mendoza.edu.ar/memorandum-183-dir-planificacion-inscripciones-al-congreso-provincial-matematica-5-0-transformar-la-ensenanza-con-sentido-humano-2025/;30 sept 2025 ... Escuela Digital · Recursos institucionales ... Inscripciones al Congreso Provincial – Matemática 5.0: transformar la enseñanza con sentido humano – 2025 ...
Por primera vez, una mujer dirigirá el Instituto Balseiro - Prensa ...;https://www.uncuyo.edu.ar/prensa/por-primera-vez-una-mujer-dirigira-el-instituto-balseiro;30 sept 2025 ... ... Congreso Internacional de Metalurgia y Materiales, SAM-CONAMET. Desde 2008 es Investigadora de CONICET y desde 2019 es además investigadora de la CNEA, con ...
Noticias - Universidad de Congreso - Universidad de Congreso;https://www.ucongreso.edu.ar/noticias/p/2/;29 sept 2025 ... La Universidad de Congreso realizó la presentación de 4 cuatro nuevas carreras presenciales en el Polo Universitario y de Formación Villa Dolores. El acto de ...
Proyect (arte) Rompecabezas de Natalia Smirnoff - Universidad de ...;https://www.ucongreso.edu.ar/proyect-arte-rompecabezas-de-natalia-smirnoff/;28 sept 2025 ... ... Congreso, se invita a la comunidad a participar de una nueva actividad de Proyect (arte). Fecha y hora: Sábado 4 de octubre – 10:30 hs. Lugar: Unión ...
"Claudia D'amico: ""Se puede explicar lo que nos pasa añadiendo ...";https://ffyl.uncuyo.edu.ar/claudia-damico-se-puede-explicar-lo-que-nos-pasa-a-traves-de-pensar;23 sept 2025 ... ... Escuela de Colonia. Brindó la Conferencia Inaugural del XXI Congreso de la Asociación Filosófica Argentina que se desarrolló en la FFyL. El título de su ...
Día Nacional de las personas sordas argentinas 19 de septiembre;https://educacion.uncuyo.edu.ar/upload/Dia_nacional_personas_sordas_argentinas.pdf;18 sept 2025 ... A raíz de esto Terry sostenía que las escuelas de sordos tenían que ser oralistas en la Argentina. En abril de 1882, al iniciarse el Congreso Pedagógico en ...
Aspectos legales y humanos de la identificación de los caídos en ...;https://www.uda.edu.ar/index.php/categoria-uda/1766-aspectos-legales-y-humanos-de-la-identificacion-de-los-caidos-en-malvinas;17 sept 2025 ... Este Congreso, que se realizará los días 17 y 18 de octubre en la Universidad de Mendoza, se propone consolidar una propuesta educativa integradora en torno ...
Más de 20 mil personas marcharon por la universidad pública en ...;https://www.uncuyo.edu.ar/prensa/mas-de-20-mil-personas-marcharon-por-la-universidad-publica-en-mendoza;"16 sept 2025 ... ... Congreso, así como la importancia de esta marcha que es ""expresión de la sociedad mendocina, esa sociedad que nos está acompañando, que nos ha acompañado ..."
Universidad Católica Argentina - UCA;https://uca.edu.ar/es/noticias-uca/newsletter-septiembre-2025;15 sept 2025 ... ASET-Congreso Nacional de Estudios del Trabajo · Botón para acceder a información detallada sobre las notas. VIDA UNIVERSITARIA. Nuevo logo de Deportes UCA ...
Actividades del Espacio de Diálogo Jubilar UCA;https://www.uca.edu.ar/es/espacio-de-dialogo-jubilar/actividades-espacio-de-dialogo-jubilar-uca;15 sept 2025 ... 9/8/22 - Eutanasia en el Congreso, cuestiones en juego, dictada por Nicólas Lafferriere y Pedro Coviello, con la moderación a cargo de Daniel Herrera. 12/7 ...
Archivo Novedades UDA;https://www.uda.edu.ar/index.php/archivo-novedades-uda;25 sept 2025 ... Salida al Parque Deportivo de Montaña. 25 Septiembre 2025. Será el 4 de octubre ... Primer Congreso provincial de Ciencia y Técnica. 18 Noviembre 2021. Se ...
Quieren llegar al Congreso, pero antes pasan por el CUC ...;https://www.unidiversidad.com.ar/quieren-llegar-al-congreso-pero-antes-pasan-por-el-cuc-estudiantes-haran-un-nuevo-debate-entre-aspirantes;22 sept 2025 ... Quieren llegar al Congreso, pero antes pasan por el CUC ... La “Fiesta de la Hermandad” cumple 29 años de tradición y vuelve a latir en plaza Chile.
La Casa de la Mirada 2025 cerró una semana dedicada a ...;https://www.ucongreso.edu.ar/la-casa-de-la-mirada-2025-cerro-una-semana-dedicada-a-arquitectura-y-territorio-en-la-universidad-de-congreso/;14 sept 2025 ... La Casa de la Mirada 2025 cerró una semana dedicada a arquitectura y territorio en la Universidad de Congreso ... Parque Deportivo de Montaña (Municipalidad de ...
La Casa de la Mirada 2025 - Universidad de Congreso ...;https://www.ucongreso.edu.ar/la-casa-de-la-mirada-2025/;8 sept 2025 ... ... Congreso, Colón 90 de Ciudad de Mendoza). La Facultad de Ambiente ... 16:40 — Bases: Intervención en el Parque Deportivo de Montaña, Ciudad de Mendoza.
Cambio de calificación: ahora Matías De La Llana deberá ...;https://www.diariomendozasur.com/policiales/cambio-de-calificacion-ahora-matias-de-la-llana-debera-responder-por-el-delito-de-homicidio;2 sept 2025 ... Navegación de entradas. Anterior. Siniestro vial en pleno centro sanrafaelino · Siguiente. San Rafael será sede del XVII Congreso Nacional de Estudiantes de ...
Mendoza defendió la universidad pública en las calles - Unidiversidad;https://www.unidiversidad.com.ar/mas-de-20-mil-personas-marcharon-por-la-universidad-publica-en-mendoza;"17 sept 2025 ... Por el frente sindical universitario hablaron Emiliano Diez, secretario general de Fadiunc, y Noelia Naranjo, secretaria general de Siduncu. Diez manifestó: ""La ..."
Cómo será el recorrido y la concentración por grupos de la marcha ...;https://www.mdzol.com/sociedad/como-sera-el-recorrido-y-la-concentracion-grupos-la-marcha-la-uncuyo-n1339297;16 sept 2025 ... en el Congreso. La marcha tiene un recorrido establecido y además ,la ... Es un frente donde confluyen Fadiunc y Sidincu (que son los sindicatos que ...
Unas 20.000 personas se sumaron a la marcha en Mendoza en ...;https://www.diariouno.com.ar/sociedad/marcha-universidad-uncuyo-mendoza-educacion-publica;16 sept 2025 ... Emiliano Diez, de Fadiunc, criticó los aumentos que anunció el presidente ... Congreso. A la movilización también se sumaron la CGT, las dos CTA, el ...
Participaron 20 mil personas de la marcha universitaria en Mendoza;https://www.mdzol.com/sociedad/participaron-20-mil-personas-la-marcha-universitaria-mendoza-n1339767;16 sept 2025 ... ... Congreso. Esther Sanchez cerró el acto en la Plaza Independencia. Esther ... Qué dice la Fadiunc. Cuando la marcha llegó Juan B. Justo a una cuadra de la ...
La Facultad en los medios - Facultad de Educación;https://educacion.uncuyo.edu.ar/la-facultad-en-los-medios;12 sept 2025 ... ... Fadiunc por el banderazo · MDZ | 14 de abril de 2024 | Hipocresía mendocina ... V Congreso Internacional Infancias, Formación Docente y Educación Infantil.
La calma: ciclo de Desmontajes - NAVE UNCUYO Cine;https://nave.uncuyo.edu.ar/evento/item/la-calma-en-un-nuevo-ciclo-de-desmontajes;11 sept 2025 ... El encuentro será el martes 30 de septiembre desde las 19h en la Sala Verde de la Nave UNCUYO. ... Congreso y la Mendoza Film Comission. La proyección tendrá ...
La UNCuyo va al paro este viernes mientras se define la fecha de la ...;https://www.elsol.com.ar/mendoza/la-uncuyo-va-al-paro-este-viernes-mientras-se-define-la-fecha-de-la-marcha-contra-el-veto-de-milei/;10 sept 2025 ... El Gobierno publicó este miércoles el veto a la Ley de Financiamiento Universitario sancionada por el Congreso a fines de agosto. Establecimientos. ... Fadiunc ...
Entre los mejores del mundo: diseñadores de Mendoza fueron ...;https://ecocuyo.com/nota/149037/entre-los-mejores-del-mundo-disenadores-de-mendoza-fueron-premiados-en-un-concurso-internacional/;9 sept 2025 ... Desde su presentación original en la Nave UNCuyo, “Buenos por conocer ... • Congreso Nacional SEMA Forma y Cuerpo (Universidad Nacional de San Juan)
Orgullo FAD: una cátedra de Diseño gana un premio internacional ...;https://fad.uncuyo.edu.ar/orgullo-fad-una-catedra-de-diseno-gana-un-premio-internacional;3 sept 2025 ... Se expuso en la Nave UNCuyo, el Rectorado de la Universidad, el Congreso Nacional de SEMA en San Juan, la Semana Internacional del Diseño organizada por la ...
Patricia Bullrich dio detalles de cómo capturaron a Pequeño J y del ...;https://www.mdzol.com/policiales/patricia-bullrich-dio-detalles-como-capturaron-pequeno-j-y-del-triple-crimen-fue-un-asesinato-mafioso-n1350781;30 sept 2025 ... En una conferencia de prensa, la ministra de Seguridad de la Nación, Patricia Bullrich, brindó detalles sobre el triple crimen y la captura de “Pequeño J”.
Con el foco en las retenciones cero, los gobernadores de Provincias ...;https://www.mdzol.com/politica/con-el-foco-las-retenciones-cero-los-gobernadores-provincias-unidas-se-reuniran-puerto-madryn-n1349142;28 sept 2025 ... ... Hotel Rayentray, seguido de una conferencia de prensa con transmisión en vivo. Por último, los gobernadores compartirán un almuerzo. Lanzamiento de campaña ...
La preocupación en Dinamarca por las recientes incursiones de ...;https://www.mdzol.com/mundo/la-preocupacion-dinamarca-las-recientes-incursiones-drones-que-obligaron-cerrar-varios-aeropuertos-y-expusieron-las-vulnerabilidades-del-pais-n1346440;26 sept 2025 ... Este es un momento serio para Dinamarca y sus máximos responsables de su gobierno convocaron rápidamente una conferencia de prensa en la que el ministro de ...
Archivo Novedades UDA;https://www.uda.edu.ar/index.php/archivo-novedades-uda;25 sept 2025 ... Resumen de la conferencia del Dr. Manuel Pizarro en la Universidad del Aconcagua ... Leer Más · Curso de Moodle nivel ...
MDG Conferencia 2025: Cristo Presente – El Todo y en todos ...;https://www.eventbrite.com.ar/e/mdg-conferencia-2025-cristo-presente-el-todo-y-en-todos-tickets-1439139919239;24 sept 2025 ... Eventbrite - Mentes de Gobierno presenta MDG Conferencia 2025: Cristo Presente – El Todo y en todos - Jueves, 25 de septiembre de 2025 en Hotel NH Buenos ...
Los lapidarios memes de la eliminación de River ante Palmeiras en ...;https://www.mdzol.com/deportes/los-lapidarios-memes-la-eliminacion-river-palmeiras-la-copa-libertadores-n1345616;24 sept 2025 ... ... hotel. Archivado en. River Plate · palmeiras · Memes · copa libertadores. Notas Relacionadas. En conferencia ... conferencia de prensa. A Gallardo le preguntaron ...
Luján de Cuyo cerró con éxito la 18° Conferencia Anual de Redes ...;https://lujandecuyo.gob.ar/2025/09/19/lujan-de-cuyo-cerro-con-exito-la-18-conferencia-anual-de-redes-de-gobiernos-y-ciudades-inteligentes/;18 sept 2025 ... El Gran Hotel Potrerillos recibió el GOBTECH 2025. Grupo Convergencia, organizador de la conferencia, volvió a elegir a Luján de Cuyo como sede, ratificando ...
Allasino inauguró en Potrerillos la 18ª Conferencia Anual de Redes ...;https://lujandecuyo.gob.ar/2025/09/18/allasino-inauguro-en-potrerillos-la-18a-conferencia-anual-de-redes-de-gobierno-y-ciudades-inteligentes/;17 sept 2025 ... ... Conferencia Anual de Redes de Gobierno y Ciudades Inteligentes, que este año tuvo como sede el Gran Hotel Potrerillos. Por segundo año consecutivo, el ...
Aspectos legales y humanos de la identificación de los caídos en ...;https://www.uda.edu.ar/index.php/categoria-uda/1766-aspectos-legales-y-humanos-de-la-identificacion-de-los-caidos-en-malvinas;17 sept 2025 ... La Universidad del Aconcagua fue sede de una emotiva e importante conferencia a cargo del Dr. Manuel Pizarro, juez de la Cámara Federal de Apelaciones de ...
Milei comparó al gobierno de Paraguay con los que pasaron por ...;https://www.mendovoz.com/actualidad/nacionales/2025/9/16/milei-comparo-al-gobierno-de-paraguay-con-los-que-pasaron-por-argentina-161543.html;15 sept 2025 ... El presidente Javier Milei participa de una nueva edición de la Conferencia de Acción Política Conservadora (CPAC) que se celebra en Paraguay, en la que ...
El spot al que se plegó la UNCuyo para convocar a la marcha ...;https://www.mdzol.com/politica/el-spot-al-que-se-plego-la-uncuyo-convocar-la-marcha-universitaria-contra-el-veto-milei-n1337242;13 sept 2025 ... Tras el veto presidencial a la Ley de Financiamiento Universitario, la rectora de la Universidad Nacional de Cuyo (UNCuyo) ... conferencia de prensa en la ...
Archivo Novedades UDA;https://www.uda.edu.ar/index.php/archivo-novedades-uda;25 sept 2025 ... Resumen de la conferencia del Dr. Manuel Pizarro en la Universidad del Aconcagua ... Leer Más · Curso de Moodle nivel inicial. 18 ...
Éxito en la 67.ª Reunión Anual de la Asociación Argentina de ...;https://um.edu.ar/noticias/exito-en-la-67-a-reunion-anual-de-la-asociacion-argentina-de-astronomia/;18 sept 2025 ... Cada año, convoca a más de 250 especialistas nacionales e internacionales, estudiantes y personal técnico en una conferencia que promueve la colaboración ...
Aspectos legales y humanos de la identificación de los caídos en ...;https://www.uda.edu.ar/index.php/categoria-uda/1766-aspectos-legales-y-humanos-de-la-identificacion-de-los-caidos-en-malvinas;17 sept 2025 ... La Universidad del Aconcagua fue sede de una emotiva e importante conferencia a cargo del Dr. Manuel Pizarro, juez de la Cámara Federal de Apelaciones de ...
El Dr. Manuel Pizarro brindará una conferencia en la Universidad;https://www.uda.edu.ar/index.php/categoria-uda/1762-el-dr-manuel-pizarro-brindara-una-conferencia-en-la-universidad;11 sept 2025 ... Manuel Pizarro brindará una conferencia en la Universidad. 12 Septiembre 2025 ... Doctor en Ciencias Jurídicas y Sociales por la Universidad de Mendoza.
PRE-COP 30 Jornada académica sobre el cambio climático en ...;https://um.edu.ar/noticias/pre-cop-30-jornada-academica-sobre-el-cambio-climatico-en-america-latina/;"10 sept 2025 ... La conferencia contó con la participación de profesores de universidades latinoamericanas: Dra. María Valentina Erice de la Universidad de Mendoza-Argentina; ..."
Consejo Profesional de Ciencias Económicas de Mendoza ...;https://cpcemza.org.ar/A6129_primera-jornada-de-transicion-energetica-en-la-uncuyo;9 sept 2025 ... - Conferencia 2: El valor agregado de la certificación y validación. Normas ... Consejo Profesional de Ciencias Económicas. Av. España 560, Ciudad de ...
Patricia Bullrich dio detalles de cómo capturaron a Pequeño J y del ...;https://www.mdzol.com/policiales/patricia-bullrich-dio-detalles-como-capturaron-pequeno-j-y-del-triple-crimen-fue-un-asesinato-mafioso-n1350781;30 sept 2025 ... En una conferencia de prensa, la ministra de Seguridad de la Nación, Patricia Bullrich, brindó detalles sobre el triple crimen y la captura de “Pequeño J”.
Con el foco en las retenciones cero, los gobernadores de Provincias ...;https://www.mdzol.com/politica/con-el-foco-las-retenciones-cero-los-gobernadores-provincias-unidas-se-reuniran-puerto-madryn-n1349142;28 sept 2025 ... ... Hotel Rayentray, seguido de una conferencia de prensa con transmisión en vivo. Por último, los gobernadores compartirán un almuerzo. Lanzamiento de campaña ...
La preocupación en Dinamarca por las recientes incursiones de ...;https://www.mdzol.com/mundo/la-preocupacion-dinamarca-las-recientes-incursiones-drones-que-obligaron-cerrar-varios-aeropuertos-y-expusieron-las-vulnerabilidades-del-pais-n1346440;26 sept 2025 ... Este es un momento serio para Dinamarca y sus máximos responsables de su gobierno convocaron rápidamente una conferencia de prensa en la que el ministro de ...
Archivo Novedades UDA;https://www.uda.edu.ar/index.php/archivo-novedades-uda;25 sept 2025 ... Resumen de la conferencia del Dr. Manuel Pizarro en la Universidad del Aconcagua ... Leer Más · Curso de Moodle nivel inicial. 18 ...
MDG Conferencia 2025: Cristo Presente – El Todo y en todos ...;https://www.eventbrite.com.ar/e/mdg-conferencia-2025-cristo-presente-el-todo-y-en-todos-tickets-1439139919239;24 sept 2025 ... Eventbrite - Mentes de Gobierno presenta MDG Conferencia 2025: Cristo Presente – El Todo y en todos - Jueves, 25 de septiembre de 2025 en Hotel NH Buenos ...
Los lapidarios memes de la eliminación de River ante Palmeiras en ...;https://www.mdzol.com/deportes/los-lapidarios-memes-la-eliminacion-river-palmeiras-la-copa-libertadores-n1345616;24 sept 2025 ... ... hotel. Archivado en. River Plate · palmeiras · Memes · copa libertadores. Notas Relacionadas. En conferencia ... conferencia de prensa. A Gallardo le preguntaron ...
Luján de Cuyo cerró con éxito la 18° Conferencia Anual de Redes ...;https://lujandecuyo.gob.ar/2025/09/19/lujan-de-cuyo-cerro-con-exito-la-18-conferencia-anual-de-redes-de-gobiernos-y-ciudades-inteligentes/;18 sept 2025 ... El Gran Hotel Potrerillos recibió el GOBTECH 2025. Grupo Convergencia, organizador de la conferencia, volvió a elegir a Luján de Cuyo como sede, ratificando ...
Allasino inauguró en Potrerillos la 18ª Conferencia Anual de Redes ...;https://lujandecuyo.gob.ar/2025/09/18/allasino-inauguro-en-potrerillos-la-18a-conferencia-anual-de-redes-de-gobierno-y-ciudades-inteligentes/;17 sept 2025 ... ... Conferencia Anual de Redes de Gobierno y Ciudades Inteligentes, que este año tuvo como sede el Gran Hotel Potrerillos. Por segundo año consecutivo, el ...
Milei comparó al gobierno de Paraguay con los que pasaron por ...;https://www.mendovoz.com/actualidad/nacionales/2025/9/16/milei-comparo-al-gobierno-de-paraguay-con-los-que-pasaron-por-argentina-161543.html;15 sept 2025 ... El presidente Javier Milei participa de una nueva edición de la Conferencia de Acción Política Conservadora (CPAC) que se celebra en Paraguay, en la que ...
La Pre Conferencia de la #edición 10 aniversario Entradas, Mar, 16 ...;https://www.eventbrite.com.ar/e/la-pre-conferencia-de-la-edicion-10-aniversario-tickets-1601862597149;15 sept 2025 ... La Pre Conferencia de la #edición 10 aniversario. Ver detalles. Seguí a este organizador para mantenerte informado sobre los próximos eventos. Por 100% SEGURO.
Abordarán la Psicomotricidad en la Educación - Facultad de ...;https://educacion.uncuyo.edu.ar/abordaran-la-psicomotricidad-en-la-educacion;2 sept 2025 ... Será en una conferencia el jueves 23 de octubre, a las 18, en la sede Centro de la Facultad de Educación, con opción virtual a través de Google Meet.
Manuel Adorni advirtió que financiar la ley universitaria equivale a ...;https://www.diariouno.com.ar/politica/manuel-adorni-advirtio-que-financiar-la-ley-universitaria-equivale-suspender-planes-sociales-o-aumentar-el-iva-n1478427;17 sept 2025 ... ... conferencia que protagonizó este jueves, y aclaró: “Lo que falla es un ... El Museo Fader sumó 4 acuarelas de nivel internacional gracias al aporte de un privado.
La furia de Miguel Ángel Russo al ser consultado por su estado de ...;https://www.diariouno.com.ar/ovacion/futbol/la-furia-miguel-angel-russo-al-ser-consultado-su-estado-salud-hubo-muchos-n1476850;13 sept 2025 ... En conferencia de prensa, el entrenador de Boca se mostró molesto con la ... El Museo Fader sumó 4 acuarelas de nivel internacional gracias al aporte de un ...
El mensaje de Palestina a Donald Trump que sorprendió en las ...;https://www.mdzol.com/mundo/el-mensaje-palestina-donald-trump-que-sorprendio-las-ultimas-horas-n1349350;29 sept 2025 ... ... plaza independencia palestina libre.jpg Rodrigo D'Angelo / MDZ. La Autoridad ... conferencia de prensa con Benjamín Netanyahu.
Untitled;https://ffyl.uncuyo.edu.ar/upload/5a6c80735c6fcb025ba49bf11403f42a.pdf;9 sept 2025 ... Se sesionará bajo las siguientes modalidades: conferencia, paneles, simposios, mesas redondas y mesas temáticas. Conferencia. La conferencia se realizará el ...
¿Por qué se celebra hoy el Día Internacional del Acceso Universal a ...;https://www.uncuyo.edu.ar/transformaciondigital/dia-internacional-del-acceso-universal-a-la-informacion7654;27 sept 2025 ... Esta jornada había sido proclamada por la Conferencia General de la UNESCO en 2015, tras la adopción de la Resolución 38 C/57 que proclama el 28 de ...
Semana de la Odontología Latinoamericana 2025 - Facultad de ...;https://www.fodonto.uncuyo.edu.ar/semana-odonto-2025;"25 sept 2025 ... ... Universidad, los mismos son niños entre 8 y 15 años.También se realizará ... Conferencia para alumnos; Docentes y público en general. Para asistir a las ..."
"Pipo Gorosito, polémico tras la eliminación de Alianza Lima: ""Ellos ...";https://www.diariouno.com.ar/ovacion/futbol/la-desacertada-frase-pipo-gorosito-la-derrota-universidad-chile-n1481370;25 sept 2025 ... La desacertada frase de Pipo Gorosito tras la derrota con Universidad de Chile. Pipo Gorosito habló en conferencia de prensa tras la eliminación de Alianza Lima ...
Archivo Novedades UDA;https://www.uda.edu.ar/index.php/archivo-novedades-uda;25 sept 2025 ... Resumen de la conferencia del Dr. Manuel Pizarro en la Universidad del Aconcagua ... Leer Más · Curso de Moodle nivel ...
Especialistas en accesibilidad e inclusión disertarán en las ...;https://educacion.uncuyo.edu.ar/especialistas-en-accesibilidad-e-inclusion-disertaran-en-las-jornadas-nacionales-de-educacion-especial;23 sept 2025 ... Conferencia “Construyendo puentes al empleo: Educación y capacitación para la inclusión laboral de personas con discapacidad intelectual y del desarrollo”. Se ...
XXXII JORNADAS NACIONALES RUEDES XXVI JORNADAS ...;https://educacion.uncuyo.edu.ar/upload/0efbf6a8545092d37dda5abbff5ee44b.pdf;20 sept 2025 ... Conferencia inaugural. Tema: “Entender para aprender: el papel de la accesibilidad cognitiva en la educación”. Disertante: Máster. Olga Berrios. Moderadora ...
Universidad Católica Argentina - UCA;https://uca.edu.ar/es/facultad-de-ciencias-economicas/departamento-de-investigacion-y-publicaciones/instituto-shaw-de-estudios-empresariales/extension-instituto-shaw-de-estudios-empresariales;18 sept 2025 ... Conferencia “Enrique Shaw. Semblanza de un Empresario Cristiano”. Organizada por ACDE Rafaela, Instituto Cooperativo de Enseñanza Superior y Espacio ...
La UNCUYO potencia la virtualidad junto a prestigiosa universidad ...;https://www.uncuyo.edu.ar/relacionesinternacionales/la-uncuyo-potencia-la-virtualidad-junto-a-prestigiosa-universidad-europea;18 sept 2025 ... Al finalizar el encuentro, Manuel Herrera brindó la charla: “El Profesor del Siglo XXI. Desafíos y Oportunidades de la Educación Online”. En la conferencia ...
Éxito en la 67.ª Reunión Anual de la Asociación Argentina de ...;https://um.edu.ar/noticias/exito-en-la-67-a-reunion-anual-de-la-asociacion-argentina-de-astronomia/;18 sept 2025 ... Cada año, convoca a más de 250 especialistas nacionales e internacionales, estudiantes y personal técnico en una conferencia que promueve la colaboración ...
Inscriben a Encuentro Internacional de Constitucionalistas ...;https://colabogmza.com.ar/inscriben-a-encuentro-internacional-de-constitucionalistas/;17 sept 2025 ... ... Universidad de Bolonia de Latinoamérica y a ... El decano de la Facultad de Derecho de la UBA, Leandro Vergara, cerrará el día con una conferencia.
¿Por qué se celebra hoy el Día Internacional del Acceso Universal a ...;https://www.uncuyo.edu.ar/transformaciondigital/dia-internacional-del-acceso-universal-a-la-informacion7654;27 sept 2025 ... Esta jornada había sido proclamada por la Conferencia General de la UNESCO en 2015, tras la adopción de la Resolución 38 C/57 que proclama el 28 de ...
Semana de la Odontología Latinoamericana 2025 - Facultad de ...;https://www.fodonto.uncuyo.edu.ar/semana-odonto-2025;"25 sept 2025 ... ... Conferencia para alumnos; Docentes y público en general. Para asistir a las ... Visitaremos el Jardin “Caritas Dulces”, Jardin maternal de la Universidad Nacional ..."
Más de 250 personas participaron del encuentro de Educación ...;https://educacion.uncuyo.edu.ar/mas-de-250-personas-participaron-del-encuentro-de-educacion-especial;24 sept 2025 ... Durante las jornadas se desarrollaron diversas actividades académicas y culturales, entre las que se destacaron: • Conferencia inaugural: La Máster Olga Berrios ...
Especialistas en accesibilidad e inclusión disertarán en las ...;https://educacion.uncuyo.edu.ar/especialistas-en-accesibilidad-e-inclusion-disertaran-en-las-jornadas-nacionales-de-educacion-especial;23 sept 2025 ... Conferencia “Construyendo puentes al empleo: Educación y capacitación para la inclusión laboral de personas con discapacidad intelectual y del desarrollo”. Se ...
XXXII JORNADAS NACIONALES RUEDES XXVI JORNADAS ...;https://educacion.uncuyo.edu.ar/upload/0efbf6a8545092d37dda5abbff5ee44b.pdf;20 sept 2025 ... Conferencia inaugural. Tema: “Entender para aprender: el papel de la accesibilidad cognitiva en la educación”. Disertante: Máster. Olga Berrios. Moderadora ...
La UNCUYO potencia la virtualidad junto a prestigiosa universidad ...;https://www.uncuyo.edu.ar/relacionesinternacionales/la-uncuyo-potencia-la-virtualidad-junto-a-prestigiosa-universidad-europea;18 sept 2025 ... ... Universidad Nacional de Cuyo que permitirá la formación de docentes ... En la conferencia abordó el rol transformador de la educación online en el ...
El spot al que se plegó la UNCuyo para convocar a la marcha ...;https://www.mdzol.com/politica/el-spot-al-que-se-plego-la-uncuyo-convocar-la-marcha-universitaria-contra-el-veto-milei-n1337242;13 sept 2025 ... La Universidad Nacional de Cuyo se pliega a la marcha convocada para el ... conferencia de prensa en la que explicaron la situación presupuestaria ...
La Facultad en los medios - Facultad de Educación;https://educacion.uncuyo.edu.ar/la-facultad-en-los-medios;12 sept 2025 ... Universidad Nacional de Cuyo, carreras, estudios e investigación ... Gisela Schwartzman de PENT/FLACSO dictará la conferencia “Preguntas y ...
¡Feliz día, maestros y maestras! - Facultad de Educación;https://educacion.uncuyo.edu.ar/feliz-dia-maestros-y-maestras8282;10 sept 2025 ... En 1943, la Primera Conferencia de Ministros y Directores de Educación de las Repúblicas Americanas celebrada en Panamá, resolvió decretar el 11 de ...
ISSN EN TRAMITE;https://www.argentina.gob.ar/sites/default/files/2025/09/inta_crcordoba_eeamarcosjuarez_aimetta_m_viiicongresoras.pdf;10 sept 2025 ... CONFERENCIA DE APERTURA: RED ARGENTINA DE SALINIDAD (RAS), 20 AÑOS DE. HISTORIA. Dra. Edith Taleisnik (CONICET-UCC-ANAV). Hace 20 años, el 3 y 4 de marzo de ...
Patricia Bullrich dio detalles de cómo capturaron a Pequeño J y del ...;https://www.mdzol.com/policiales/patricia-bullrich-dio-detalles-como-capturaron-pequeno-j-y-del-triple-crimen-fue-un-asesinato-mafioso-n1350781;30 sept 2025 ... En una conferencia de prensa, la ministra de Seguridad de la Nación, Patricia Bullrich, brindó detalles sobre el triple crimen y la captura de “Pequeño J”.
Con el foco en las retenciones cero, los gobernadores de Provincias ...;https://www.mdzol.com/politica/con-el-foco-las-retenciones-cero-los-gobernadores-provincias-unidas-se-reuniran-puerto-madryn-n1349142;28 sept 2025 ... ... Hotel Rayentray, seguido de una conferencia de prensa con transmisión en vivo. Por último, los gobernadores compartirán un almuerzo. Lanzamiento de campaña ...
La preocupación en Dinamarca por las recientes incursiones de ...;https://www.mdzol.com/mundo/la-preocupacion-dinamarca-las-recientes-incursiones-drones-que-obligaron-cerrar-varios-aeropuertos-y-expusieron-las-vulnerabilidades-del-pais-n1346440;26 sept 2025 ... Este es un momento serio para Dinamarca y sus máximos responsables de su gobierno convocaron rápidamente una conferencia de prensa en la que el ministro de ...
Archivo Novedades UDA;https://www.uda.edu.ar/index.php/archivo-novedades-uda;25 sept 2025 ... Resumen de la conferencia del Dr. Manuel Pizarro en la Universidad del Aconcagua ... Leer Más · Curso de Moodle nivel inicial. 18 ...
MDG Conferencia 2025: Cristo Presente – El Todo y en todos ...;https://www.eventbrite.com.ar/e/mdg-conferencia-2025-cristo-presente-el-todo-y-en-todos-tickets-1439139919239;24 sept 2025 ... Eventbrite - Mentes de Gobierno presenta MDG Conferencia 2025: Cristo Presente – El Todo y en todos - Jueves, 25 de septiembre de 2025 en Hotel NH Buenos ...
Migraciones fue sede de la apertura del XLVII Curso Interamericano ...;https://www.argentina.gob.ar/noticias/migraciones-fue-sede-de-la-apertura-del-xlvii-curso-interamericano-sobre-migraciones;21 sept 2025 ... ... Hotel de los Inmigrantes y también ... Luego de la apertura, el director General de Movimiento Migratorio de la DNM, Juan José Capella, dio una conferencia ...
Luján de Cuyo cerró con éxito la 18° Conferencia Anual de Redes ...;https://lujandecuyo.gob.ar/2025/09/19/lujan-de-cuyo-cerro-con-exito-la-18-conferencia-anual-de-redes-de-gobiernos-y-ciudades-inteligentes/;18 sept 2025 ... El Gran Hotel Potrerillos recibió el GOBTECH 2025. Grupo Convergencia, organizador de la conferencia, volvió a elegir a Luján de Cuyo como sede, ratificando ...
Allasino inauguró en Potrerillos la 18ª Conferencia Anual de Redes ...;https://lujandecuyo.gob.ar/2025/09/18/allasino-inauguro-en-potrerillos-la-18a-conferencia-anual-de-redes-de-gobierno-y-ciudades-inteligentes/;17 sept 2025 ... ... Conferencia Anual de Redes de Gobierno y Ciudades Inteligentes, que este año tuvo como sede el Gran Hotel Potrerillos. Por segundo año consecutivo, el ...
Milei comparó al gobierno de Paraguay con los que pasaron por ...;https://www.mendovoz.com/actualidad/nacionales/2025/9/16/milei-comparo-al-gobierno-de-paraguay-con-los-que-pasaron-por-argentina-161543.html;15 sept 2025 ... El presidente Javier Milei participa de una nueva edición de la Conferencia de Acción Política Conservadora (CPAC) que se celebra en Paraguay, en la que ...
La Pre Conferencia de la #edición 10 aniversario Entradas, Mar, 16 ...;https://www.eventbrite.com.ar/e/la-pre-conferencia-de-la-edicion-10-aniversario-tickets-1601862597149;15 sept 2025 ... La Pre Conferencia de la #edición 10 aniversario. Ver detalles. Seguí a este organizador para mantenerte informado sobre los próximos eventos. Por 100% SEGURO.
Éxito en la 67.ª Reunión Anual de la Asociación Argentina de ...;https://um.edu.ar/noticias/exito-en-la-67-a-reunion-anual-de-la-asociacion-argentina-de-astronomia/;18 sept 2025 ... Cada año, convoca a más de 250 especialistas nacionales e internacionales, estudiantes y personal técnico en una conferencia que promueve la colaboración ...
Oratoria para principiantes - Facultad de Filosofía y Letras;https://ffyl.uncuyo.edu.ar/cursos/curso/oratoria-para-principiantes;10 sept 2025 ... y dar un discurso, brindar una conferencia, afrontar una entrevista. Con ... Marcela Beatriz González es Licenciada en Comunicación Social (Universidad MAZA).
Archivo Novedades UDA;https://www.uda.edu.ar/index.php/archivo-novedades-uda;25 sept 2025 ... Resumen de la conferencia del Dr. Manuel Pizarro en la Universidad del ... en la Municipalidad de Mendoza.... Leer Más ...
El triple crimen narco, las complicidades locales y una advertencia ...;https://www.mdzol.com/politica/el-triple-crimen-narco-las-complicidades-locales-y-una-advertencia-kicillof-que-milei-aun-no-respondio-n1349189;29 sept 2025 ... En la mañana del lunes, en una extensa conferencia de prensa, ya la ... Poder Judicial y la Policía en un lugar clave del territorio como lo es La ...
El Gobierno aseguró que debería despedir a más de 60 mil ...;https://www.mdzol.com/politica/el-gobierno-aseguro-que-deberia-despedir-mas-60-mil-empleados-publicos-pagarle-las-universidades-n1340524;"17 sept 2025 ... ""El Presidente Javier Milei planteó responsabilidad y el Congreso respondió con demagogia"", disparó Adorni al comienzo de su conferencia de prensa, y agregó ..."
Manuel Adorni advirtió que financiar la ley universitaria equivale a ...;https://www.diariouno.com.ar/politica/manuel-adorni-advirtio-que-financiar-la-ley-universitaria-equivale-suspender-planes-sociales-o-aumentar-el-iva-n1478427;17 sept 2025 ... ... conferencia que protagonizó este jueves, y aclaró: “Lo que falla es un ... Poder Judicial por cinco años, o suspender el total de los subsidios al ...
Ley 22520 - poder ejecutivo nacional (pen);https://www.argentina.gob.ar/normativa/nacional/ley-22520-48853/normas-modifican;14 sept 2025 ... ... CONFERENCIA DE LA ORGANIZACION MUNDIAL DEL COMERCIO (OMC) A CELEBRARSE EN LA ... PODER JUDICIAL DE LA NACION O DE LAS DISTINTAS JURISDICCIONES LOCALES ...
Ley 24059 - seguridad interior;https://www.argentina.gob.ar/normativa/nacional/ley-24059-458/normas-modifican;10 sept 2025 ... ... PODER JUDICIAL Y LOS MINISTERIOS PUBLICOS, LAS DEMAS CARTERAS DEL PODER ... CONFERENCIA DE LA ORGANIZACION MUNDIAL DEL COMERCIO (OMC) A CELEBRARSE EN ...
Dura advertencia para el Gobierno: contundente victoria del ...;https://www.mdzol.com/politica/dura-advertencia-el-gobierno-contundente-victoria-del-peronismo-frente-milei-mas-13-puntos-n1331212;6 sept 2025 ... Los bonaerense han denunciado la caída del padrón electoral oficial que está bajo la órbita del Poder Judicial. ... A la espera de los resultados, Axel Kicillof ...
La Justicia como equilibrista entre el derecho a la salud y su ...;https://www.unidiversidad.com.ar/la-justicia-como-equilibrista-entre-el-derecho-a-la-salud-y-su-efectivo-cumplimiento;1 sept 2025 ... En un encuentro sobre la temática que se realizó en el Poder Judicial de Mendoza, un grupo de profesionales dijo que se incrementaron los amparos en el ...
Néstor Pedro Sagüés (1942 - 2024). Vida, obra y legado;https://repositorio.uca.edu.ar/bitstream/123456789/20402/1/nestor-pedro-sagues.pdf;1 sept 2025 ... timidad política del Poder Judicial”(31), “Reflexiones so- bre el activismo judicial legítimo (a los cincuenta años de la creación jurisprudencial del amparo ...
Marcelo Gallardo le pidió disculpas a los hinchas de River por el ...;https://www.diariouno.com.ar/ovacion/futbol/marcelo-gallardo-pidio-disculpas-los-hinchas-river-el-mal-momento-que-atraviesa-el-millonario-n1481847;28 sept 2025 ... En conferencia de prensa, el Muñeco Gallardo se sinceró con la actualidad del Millonario y le habló al simpatizante de River en el inicio de sus ...
La tremenda reacción de Marcelo Gallardo tras la dura derrota de ...;https://www.diariouno.com.ar/ovacion/futbol/la-tremenda-reaccion-marcelo-gallardo-la-dura-derrota-river-riestra-n1482057;28 sept 2025 ... Las imágenes no fueron captadas por las cámaras de televisión. Marcelo Gallardo se hizo cargo de la histórica derrota contra Deportivo Riestra en la conferencia ...
Qué dijo Marcelo Gallardo de la final que jugará River ante Racing ...;https://www.mdzol.com/deportes/que-dijo-marcelo-gallardo-la-final-que-jugara-river-racing-el-jueves-la-copa-argentina-n1348312;"27 sept 2025 ... Marcelo Gallardo, serio en la conferencia de prensa en el Monumental tras la derrota con Riestra, ya piensa en la ""final"" ante Racing por Copa Argentina. Foto: ..."
El mensaje de Ramón Díaz a los jugadores de Inter de Porto Alegre ...;https://www.diariouno.com.ar/ovacion/futbol/el-mensaje-ramon-diaz-los-jugadores-inter-porto-alegre-su-presentacion-oficial-n1481064;24 sept 2025 ... Tras haber recibido la bienvenida en las redes sociales, el entrenador dirigió su primer entrenamiento y brindó su primera conferencia de prensa. Al riojano ...
Gustavo Costas vs Guillermo Barros Schelotto: qué dijeron los ...;https://www.diariouno.com.ar/ovacion/futbol/gustavo-costas-vs-guillermo-barros-schelotto-que-dijeron-los-entrenadores-racing-y-velez-post-clasificacion-la-academia-n1480274;"23 sept 2025 ... ""Estoy contento y orgulloso por el partido que hicieron los chicos"", comenzó diciendo el entrenador de Racing en conferencia de prensa. ""Estamos entre los ..."
Un duro mensaje para River: Abel Ferreira, el DT de Palmeiras, fue ...;https://www.diariouno.com.ar/ovacion/futbol/un-duro-mensaje-river-abel-ferreira-el-dt-palmeiras-fue-terminante-antes-del-crucial-partido-n1479698;21 sept 2025 ... El entrenador de Palmeiras, Abel Ferreira, dio una conferencia de prensa antes de la revancha ante River, por los cuartos de final de la Copa Libertadores.
La pesadilla de Julián Álvarez en el Atlético de Madrid del Cholo ...;https://www.diariouno.com.ar/ovacion/futbol/la-pesadilla-julian-alvarez-el-atletico-madrid-del-cholo-simeone-siempre-mi-n1479277;20 sept 2025 ... En conferencia, Simeone justificó el cambio: “Julián es el mejor que tenemos ofensivamente, pero necesitamos tenerlo en las mejores condiciones. Entendía ...
El Gato Oldrá volvió a su casa, se emocionó y no gritó el gol de ...;https://www.diariouno.com.ar/ovacion/futbol/el-gato-oldra-volvio-su-casa-se-emociono-y-no-grito-el-gol-instituto-frente-godoy-cruz-n1479308;"20 sept 2025 ... Santino Andino al Mundial Sub 20: ""Estoy feliz, la verdad es que se merece eso y mucho más. Dios quiera que pueda disfrutarlo. Como dije en la conferencia ..."
Atento, Estudiantes: Conmebol respondió al pedido de Flamengo ...;https://www.diariouno.com.ar/ovacion/futbol/atento-estudiantes-conmebol-respondio-al-pedido-flamengo-la-expulsion-gonzalo-plata-n1479009;18 sept 2025 ... En sus canales oficiales de comunicación, el club emitió un duro comunicado. A su vez Filipe Luis, DT del Mengao, fue tajante en conferencia de prensa, donde ...
Qué dijo Mascherano sobre la inminente renovación de Messi en ...;https://www.diariouno.com.ar/ovacion/futbol/que-dijo-mascherano-la-inminente-renovacion-messi-inter-miami-n1479020;18 sept 2025 ... En conferencia de prensa, al Jefecito le consultaron por el 10 y no dudó en responder. Lionel Messi - Inter Miami.
Le dieron el alta a la niña de La Paz que había ingresado con un ...;https://www.mdzol.com/sociedad/le-dieron-el-alta-la-nina-la-paz-que-habia-ingresado-un-arma-la-escuela-n1347007;25 sept 2025 ... Por su parte, el director General de Escuelas, Tadeo García Zalazar, brindó una conferencia de prensa en su momento y detalló que no hubo indicios que ...
Semana de la Odontología Latinoamericana 2025 - Facultad de ...;https://www.fodonto.uncuyo.edu.ar/semana-odonto-2025;"25 sept 2025 ... ... escuela” donde visitaremos el Jardin “Caritas Dulces”, habrá además ... Conferencia para alumnos; Docentes y público en general. Para asistir a las ..."
Encuentro Federal por la Transformación de la Escuela Secundaria ...;https://www.argentina.gob.ar/noticias/encuentro-federal-por-la-transformacion-de-la-escuela-secundaria;"25 sept 2025 ... La primera jornada incluyó también una dinámica de trabajo y la conferencia ""Diseñar procesos de transformación"", brindada por Lila Pinto. Por la tarde ..."
Archivo Novedades UDA;https://www.uda.edu.ar/index.php/archivo-novedades-uda;25 sept 2025 ... Resumen de la conferencia del Dr. Manuel Pizarro en la Universidad del Aconcagua ... Leer Más · Curso de Moodle nivel inicial. 18 ...
La fragata ARA “Libertad” se despidió de Costa Rica | Argentina.gob ...;https://www.argentina.gob.ar/noticias/la-fragata-ara-libertad-se-despidio-de-costa-rica;24 sept 2025 ... ... conferencia de prensa. Desde allí, se trasladaron hasta el antiguo Palacio Municipal, donde rindieron homenaje con la colocación de una ofrenda floral, en ...
Al Halabi denunció el genocidio en Gaza y pidió duras sanciones ...;https://diariosanrafael.com.ar/al-halabi-denuncio-el-genocidio-en-gaza-y-pidio-duras-sanciones-contra-israel-al-que-llamo-el-hijo-malcriado-de-la-comunidad-internacional/;23 sept 2025 ... Pero nosotros lo hicimos a través de videoconferencia virtual, llegó el mensaje de nuestro presidente y esta conferencia fue contendiente y afirma que la ...
Especialistas en accesibilidad e inclusión disertarán en las ...;https://educacion.uncuyo.edu.ar/especialistas-en-accesibilidad-e-inclusion-disertaran-en-las-jornadas-nacionales-de-educacion-especial;23 sept 2025 ... Conferencia “Construyendo puentes al empleo: Educación y capacitación para la inclusión laboral de personas con discapacidad intelectual y del desarrollo”. Se ...
Noticias - Luján de Cuyo;https://lujandecuyo.gob.ar/noticias-2/page/11/?et_blog;23 sept 2025 ... Allasino inauguró la 17° Conferencia Anual de Redes de Gobiernos y Ciudades Inteligentes ... El intendente de Luján de Cuyo, con su ponencia en Lomas del Malbec, ...
"Claudia D'amico: ""Se puede explicar lo que nos pasa añadiendo ...";https://ffyl.uncuyo.edu.ar/claudia-damico-se-puede-explicar-lo-que-nos-pasa-a-traves-de-pensar;23 sept 2025 ... Su especialidad es la Filosofía Medieval, específicamente el neoplatonismo del Medioevo y la Escuela de Colonia. Brindó la Conferencia Inaugural del XXI ...
Un chico llevó una pistola de aire comprimido a la escuela y desató ...;https://www.mdzol.com/policiales/un-chico-llevo-una-pistola-aire-comprimido-la-escuela-y-desato-el-panico-n1343193;21 sept 2025 ... A raíz del hecho, la Dirección General de Escuelas convocó una conferencia de prensa que será dirigida por el director de Educación Técnica y Trabajo, Claudio ...
Homenaje al Dr. Edberto Oscar Acevedo (1926-2015) - Facultad de ...;https://ffyl.uncuyo.edu.ar/homenaje-al-profesor-dr-edberto-oscar-acevedo-1926-2015;4 sept 2025 ... En ese país, y como fruto de sus investigaciones en el Archivo General ... Geoff Lindsey dará una conferencia en la FFyL. Sep 5, 2025. imagen Analizarán ...
Archivo Novedades UDA;https://www.uda.edu.ar/index.php/archivo-novedades-uda;25 sept 2025 ... Salida al Parque Deportivo de Montaña ... Resumen de la conferencia del Dr. Manuel Pizarro en la Universidad del ...
Presentaron oficialmente la cuarta edición de la Natural Race 2025 ...;https://www.mendovoz.com/deportes/polideportivo/2025/9/9/presentaron-oficialmente-la-cuarta-edicion-de-la-natural-race-2025-161209.html;8 sept 2025 ... Encabezaron la conferencia Federico Chiapetta, subsecretario de Deportes de ... Parque Deportivo de Montaña. Las distancias de 42, 21 y 15 kilómetros ...
La Facultad en los medios - Facultad de Educación;https://educacion.uncuyo.edu.ar/la-facultad-en-los-medios;12 sept 2025 ... ... Fadiunc por el banderazo · MDZ | 14 de abril de 2024 | Hipocresía mendocina: el ... Gisela Schwartzman de PENT/FLACSO dictará la conferencia “Preguntas y ...
ISSN EN TRAMITE;https://www.argentina.gob.ar/sites/default/files/2025/09/inta_crcordoba_eeamarcosjuarez_aimetta_m_viiicongresoras.pdf;10 sept 2025 ... CONFERENCIA DE APERTURA: RED ARGENTINA DE SALINIDAD (RAS), 20 AÑOS DE ... 1 Estación Experimental Agropecuaria INTA Marcos Juárez, Ruta Prov. N° 12 Km ...
Julieta Poggio y el ganador del Martín Fierro con quien habría ...;https://www.mdzol.com/napsix/julieta-poggio-y-el-ganador-del-martin-fierro-quien-habria-pasado-la-noche-n1350710;30 sept 2025 ... Martín Salwe, por su parte, se mostró incómodo con la exposición, aunque reconoció que “hubo buena onda”. En redes, los fans de Julieta celebraron su ...
CONCURSO PÚBLICO DE DISEÑO DEL SISTEMA DE IDENTIDAD ...;https://www.mendoza.gov.ar/wp-content/uploads/sites/17/2025/09/BASES-CONCURSO-GRAFICA-VENDIMIA-2026.pdf;30 sept 2025 ... - Representante titular por Universidad del Aconcagua: María Alejandra Ricciardi, ... exposición y/o exhibición gratuita, por parte de la Subsecretaría de ...
Moodys ratificó la calificación positiva de Mendoza pero alertó sobre ...;https://www.mdzol.com/politica/moodys-ratifico-la-calificacion-positiva-mendoza-pero-alerto-una-debilidad-n1348803;29 sept 2025 ... ... hotel diplomatic (6).JPG ALF PONCE MERCADO / MDZ. La calificadora Moody's Local ... Exposición considerable a deuda en moneda extranjera. Débil ambiente ...
Qué se esconde detrás del boom con el precio del oro;https://www.mdzol.com/dinero/que-se-esconde-detras-del-boom-el-precio-del-oro-n1347927;27 sept 2025 ... De esta forma, y fuertemente influenciados por este contexto macroeconómico, los bancos centrales siguen aumentando su exposición al oro. Un dato no menor ...
Comenzaron en la UNCUYO las Jornadas Nacionales de ...;https://www.uncuyo.edu.ar/prensa/comenzaron-en-la-uncuyo-las-jornadas-nacionales-de-educacion-especial;25 sept 2025 ... ... Universidad Nacional de Cuyo (UNCUYO). Durante dos días habrá conferencias de especialistas, paneles, mesas de trabajo y exposición de pósters en la sede ...
San Rafael será sede de un conversatorio sobre Planos de ...;https://um.edu.ar/noticias/san-rafael-sera-sede-de-un-conversatorio-sobre-planos-de-mensura-con-enfoque-practico/;25 sept 2025 ... La exposición estará a cargo del Ing. Agrim. Mariano Miras, quien abordará los aspectos técnicos y legales vinculados a la elaboración y presentación de ...
Archivo Novedades UDA;https://www.uda.edu.ar/index.php/archivo-novedades-uda;25 sept 2025 ... La Universidad del Aconcagua es parte de RIISUPA, una nueva red que reúne a ... Se encuentra abierta la convocatoria para encuentra la exposición de trabajos.
Expo RodanteAR: la comunidad de un tipo de turismo que crece ...;https://www.mdzol.com/sociedad/expo-rodantear-la-comunidad-un-tipo-turismo-que-crece-cada-vez-mas-argentina-n1340955;18 sept 2025 ... ... exposición dedicada al universo de los motorhomes, casas rodantes, tráileres y el turismo itinerante. Esta exposición, que convoca a miles de visitantes ...
Un montón: El video íntimo de la China Suárez y Mauro Icardi que ...;https://viapais.com.ar/entretenimiento/un-monton-el-video-intimo-de-la-china-suarez-y-mauro-icardi-que-genero-repudio-en-las-redes/;17 sept 2025 ... Lejos de generar empatía, el clip despertó fastidio en varios usuarios, que apuntaron contra la exposición constante de la pareja y el nivel de “miel” que ...
Aspectos legales y humanos de la identificación de los caídos en ...;https://www.uda.edu.ar/index.php/categoria-uda/1766-aspectos-legales-y-humanos-de-la-identificacion-de-los-caidos-en-malvinas;17 sept 2025 ... La Universidad del Aconcagua fue sede de una emotiva e importante ... Pizarro abrió su exposición resaltando el valor de tratar la causa Malvinas en el ...
Cultura y Turismo archivos - Guaymallén;https://www.guaymallen.gob.ar/category/prensa/cultura/;11 sept 2025 ... La artista Elena Lavizzari presenta esta exposición con obras ... Ballet Municipal de Guaymallén: 40 años de historia celebrados en el Teatro Independencia.
Comenzaron en la UNCUYO las Jornadas Nacionales de ...;https://www.uncuyo.edu.ar/prensa/comenzaron-en-la-uncuyo-las-jornadas-nacionales-de-educacion-especial;25 sept 2025 ... ... Universidad Nacional de Cuyo (UNCUYO). Durante dos días habrá conferencias de especialistas, paneles, mesas de trabajo y exposición de pósters en la sede ...
Comienza la Feria del Libro: esta es la agenda de zona Este y Sur ...;https://www.mendovoz.com/eskpe/2025/9/25/comienza-la-feria-del-libro-esta-es-la-agenda-de-zona-este-sur-provincial-161892.html;24 sept 2025 ... Lunes 29 de septiembre. San Carlos. Apertura. Plaza Gral. San Martín, de La Consulta, a las 9.30. Exposición, venta de libros y artesanos, de 9.30 a 21.
La muestra jurásica más grande de Latinoamérica llegó a Mendoza ...;https://www.mendovoz.com/eskpe/2025/9/22/la-muestra-jurasica-mas-grande-de-latinoamerica-llego-mendoza-161771.html;21 sept 2025 ... Inauguró la muestra “Viven Dinosaurios” en Godoy Cruz. La exposición más realista y grande de dinosaurios de Latinoamérica aterrizó con una experiencia ...
Agenda fin de semana en Mendoza: teatro, recitales y muestras ...;https://www.diariouno.com.ar/espectaculos/agenda-fin-semana-mendoza-teatro-recitales-y-muestras-n1475711;10 sept 2025 ... Cine Teatro Plaza de Godoy Cruz (Colón 27, Godoy Cruz). MÚSICA. Santiago ... El horario de la exposición es de 14 a 20 de lunes a viernes y de 10 a 21 ...
El Espacio de Fotografía Máximo Arias abre un nuevo ciclo de cine ...;https://www.elsol.com.ar/cultura/el-espacio-de-fotografia-maximo-arias-abre-un-nuevo-ciclo-de-cine-de-fotografos/;8 sept 2025 ... Desde 2019 forma parte de la Feria de Fotolibros, un espacio de encuentro, formación y exposición de publicaciones de fotografía de autor. ... Teatro Plaza ...
plan estratégico urbano territorial de cañada rosquín en el marco ...;https://www.argentina.gob.ar/sites/default/files/plan_estrategico_urbano_territorial_de_canada_rosquin_i.pdf;30 ago 2025 ... Estudio Epidemiológico de la Exposición de. Arsénico a través del consumo de agua. ... Actitud positiva de la gente en el caso del Club Juventud Unida.
CONCURSO PÚBLICO DE DISEÑO DEL SISTEMA DE IDENTIDAD ...;https://www.mendoza.gov.ar/wp-content/uploads/sites/17/2025/09/BASES-CONCURSO-GRAFICA-VENDIMIA-2026.pdf;30 sept 2025 ... - Representante titular por Universidad de Mendoza: Leticia Fernanda Paladini, ... exposición y/o exhibición gratuita, por parte de la Subsecretaría de Cultura ...
San Rafael será sede de un conversatorio sobre Planos de ...;https://um.edu.ar/noticias/san-rafael-sera-sede-de-un-conversatorio-sobre-planos-de-mensura-con-enfoque-practico/;25 sept 2025 ... La exposición estará a cargo del Ing. Agrim. Mariano Miras, quien abordará los aspectos técnicos y legales vinculados a la elaboración y presentación de ...
Archivo Novedades UDA;https://www.uda.edu.ar/index.php/archivo-novedades-uda;25 sept 2025 ... Se encuentra abierta la convocatoria para encuentra la exposición de trabajos. En esta nota podrás acceder a toda la información.... Leer Más ...
V Jornada de Derecho Humano a la Paz - Universidad de Mendoza;https://um.edu.ar/noticias/v-jornada-de-derecho-humano-a-la-paz/;18 sept 2025 ... Romina Bravo Suárez y el estudiante Guillermo Álvarez. El programa incluirá asimismo la exposición de estudiantes de la UCSE sobre el proyecto de creación de un ...
Arquitectura, Urbanismo y Diseño – Página 38 – Universidad de ...;https://um.edu.ar/facultad/facultad-arquitectura-ubanismo-diseno/page/38/;17 sept 2025 ... El viernes 29 de octubre de 2021, en las instalaciones del Club Social y Deportivo San Roque de Maipú, se realizó la exposición del relevamiento de este poblado ...
Aspectos legales y humanos de la identificación de los caídos en ...;https://www.uda.edu.ar/index.php/categoria-uda/1766-aspectos-legales-y-humanos-de-la-identificacion-de-los-caidos-en-malvinas;17 sept 2025 ... Educación, memoria y soberanía. El Dr. Pizarro abrió su exposición resaltando el valor de tratar la causa Malvinas en el ámbito académico: “La educación siembra ...
San Rafael – Universidad de Mendoza;https://um.edu.ar/sedes/san-rafael/;12 sept 2025 ... La Red Andina de Universidades invita a participar de una jornada híbrida sobre nuevos horizontes académicos, con la exposición del Dr. Paulo Falcón. El ...
Investigaciones UM - Universidad de Mendoza;https://um.edu.ar/investigaciones-um/;11 sept 2025 ... La Red Andina de Universidades invita a participar de una jornada híbrida sobre nuevos horizontes académicos, con la exposición del Dr. Paulo Falcón. El ...
Legal Athenaeum in San Rafael: reflexiones sobre ejecuciones de ...;https://um.edu.ar/en/noticias/ateneo-juridico-en-san-rafael-reflexiones-sobre-ejecuciones-de-sentencia/;11 sept 2025 ... La jornada contará con la exposición de la Dra. Laura Eliana Troyano, quien abordará aspectos complejos y actuales del proceso de ejecución de sentencias ...
La Universidad de Mendoza será sede de las II Jornadas ...;https://um.edu.ar/noticias/la-universidad-de-mendoza-sera-sede-de-las-ii-jornadas-odontologicas-universitarias-del-crup/;11 sept 2025 ... La Universidad de Mendoza será sede de las II Jornadas Odontológicas Universitarias del CRUP · Disertaciones magistrales y diálogos con expertos · Exposición oral ...
“Libros Parlantes”: cuando el arte y la educación resignifican la vida ...;https://diariosanrafael.com.ar/libros-parlantes-cuando-el-arte-y-la-educacion-resignifican-la-vida-de-los-libros/;16 sept 2025 ... En el CEBJA 3-102 Combatientes de Malvinas, en articulación con la Biblioteca Popular Mariano Moreno ... La exposición “Libros Parlantes” abrió sus puertas ...
Edulcorantes bajo la lupa: cómo se controlan los aditivos ...;https://www.mdzol.com/sociedad/edulcorantes-la-lupa-como-se-controlan-los-aditivos-alimentarios-nivel-mundial-n1332080;11 sept 2025 ... Allí, la especialista Susana Socolovsky, miembro de la Academia Internacional de Ciencia y Tecnología de los Alimentos, brindó una exposición detallada ...
Por qué las personas preferimos lo dulce: la explicación biológica ...;https://www.mdzol.com/sociedad/por-que-las-personas-preferimos-lo-dulce-la-explicacion-biologica-detras-un-gusto-universal-n1331875;8 sept 2025 ... ... Cámara Argentina de la Industria de Bebidas sin Alcohol (CADIBSA). Precisamente ... exposición de Vargha en el simposio, que tuvo lugar el viernes 5 de ...
La capital jujeña tendrá en 2026 más líneas de colectivos y ...;https://viapais.com.ar/jujuy/la-capital-jujena-tendra-en-2026-mas-lineas-de-colectivos-y-unidades-electricas-en-circulacion/;30 sept 2025 ... ... exposición del director de Tránsito y Transporte centrada en las líneas a licitar y los nuevos recorridos diseñados. MAYOR COBERTURA Y CUIDADO DEL AMBIENTE.
Finalizó la primera jornada de la Feria Internacional de Turismo ...;https://www.argentina.gob.ar/noticias/finalizo-la-primera-jornada-de-la-feria-internacional-de-turismo;26 sept 2025 ... Más tarde, se llevó a cabo una exposición sobre las propuestas dedicadas a turismo y grandes eventos deportivos en Argentina. ... Cordillera de los Andes ...
El ... - Consejo Profesional de Ciencias Económicas de Mendoza;https://cpcemza.org.ar/A6132_el-tribunal-de-etica-del-cpce-mendoza-visito-san-rafael-en-una-jornada-de-fortalecimiento-institucional-y-profesional;15 sept 2025 ... El pasado miércoles 10 de septiembre, el Tribunal de Ética del Consejo Profesional de Ciencias Económicas ... exposición sobre la importancia y los beneficios de ...
Congreso regional PLAFT 2025 | Argentina.gob.ar;https://www.argentina.gob.ar/noticias/congreso-regional-plaft-2025;9 sept 2025 ... La Dra. Salvatierra dio la bienvenida e hizo una exposición a modo de introducción del panel titulado “Iniciativas internacionales a LA/CFT/PADMPY desde ...
Finance of Tomorrow | Argentina.gob.ar;https://www.argentina.gob.ar/noticias/finance-tomorrow;8 sept 2025 ... La moderadora fue la cofundadora de Finance of Tomorrow, Bianca Lopes. El Dr. Silva resaltó durante su exposición que “en Argentina, trabajamos mucho desde el ...
El Espacio de Fotografía Máximo Arias abre un nuevo ciclo de cine ...;https://www.elsol.com.ar/cultura/el-espacio-de-fotografia-maximo-arias-abre-un-nuevo-ciclo-de-cine-de-fotografos/;8 sept 2025 ... ... Consejo Profesional de Ciencias Económicas, el Ministerio de Mujeres, Géneros y Diversidad y el Ministerio de Salud de la Nación. En el ámbito audiovisual ...
25° Congreso Nacional de Profesionales de Ciencias Económicas ...;https://www.argentina.gob.ar/noticias/25deg-congreso-nacional-de-profesionales-de-ciencias-economicas;7 sept 2025 ... En el marco de su exposición, el presidente de la CNV explicó el innovador marco regulatorio que se impulsa desde la CNV para facilitar el financiamiento ...
Se ... - Consejo Profesional de Ciencias Económicas de Mendoza;https://cpcemza.org.ar/A6126_se-realizo-el-25o-congreso-nacional-de-profesionales-de-ciencias-economicas;3 sept 2025 ... “En su exposición, Giordano advirtió sobre la estructura tributaria ... Consejo Profesional de Ciencias Económicas. Av. España 560, Ciudad de Mendoza
Consejo Profesional de Ciencias Económicas de Mendoza ...;https://cpcemza.org.ar/A6114_convocatoria-abierta-para-el-43-salon-de-pintura-del-cpce-mendoza;3 sept 2025 ... El Consejo Profesional de Ciencias Económicas de Mendoza invita a ... 11 de octubre y el montaje de la exposición comenzará el 15 de octubre. La ...
Comienza la Feria del Libro: esta es la agenda de zona Este y Sur ...;https://www.mendovoz.com/eskpe/2025/9/25/comienza-la-feria-del-libro-esta-es-la-agenda-de-zona-este-sur-provincial-161892.html;24 sept 2025 ... Leer también El Espacio Cultural Julio Le Parc recibe una nueva edición de la Feria del Libro. Con entrada libre y gratuita, el público podrá disfrutar de ...
La muestra jurásica más grande de Latinoamérica llegó a Mendoza ...;https://www.mendovoz.com/eskpe/2025/9/22/la-muestra-jurasica-mas-grande-de-latinoamerica-llego-mendoza-161771.html;21 sept 2025 ... Inauguró la muestra “Viven Dinosaurios” en Godoy Cruz. La exposición más realista y grande de dinosaurios de Latinoamérica aterrizó con una experiencia ...
Cultura y Turismo archivos - Guaymallén;https://www.guaymallen.gob.ar/category/prensa/cultura/;11 sept 2025 ... Será el martes 14 de octubre en el Espacio Cultural Julio Le Parc. Estará a cargo de la Escuela de. Hoy comienza la Fiesta y Encuentro de las Colectividades ...
Agenda fin de semana en Mendoza: teatro, recitales y muestras ...;https://www.diariouno.com.ar/espectaculos/agenda-fin-semana-mendoza-teatro-recitales-y-muestras-n1475711;10 sept 2025 ... El horario de la exposición es de 14 a 20 de lunes a viernes y de 10 a ... Este sábado y domingo, a las 21, en el Espacio Cultural Julio Le Parc (Mitre ...
Mes del Arte: Se lanza el segundo intercambio de Experiencias ...;https://www.mendoza.edu.ar/mes-del-arte-se-lanza-el-segundo-intercambio-de-experiencias-artisticas/;4 sept 2025 ... La propuesta consiste en la exposición ... El mismo se realizará el miércoles 12 de noviembre, en las instalaciones del Espacio Cultural Julio Le Parc ...
Denunció que le robaron sus iPhone en la Expo y Foro Industrial ...;https://www.elsol.com.ar/policiales/denuncio-que-le-robaron-sus-iphone-en-la-expo-y-foro-industrial-mendoza-2025/;3 sept 2025 ... Una mujer detalló que le sustrajeron una computadora y el celular, entre las 16 y las 16.30 en el espacio Cultural Julio Le Parc, en Guaymallén. ... exposición de ...
Estudiantes participaron de la Expo Foro 2025 Mendoza Industrial ...;https://www.mendoza.edu.ar/expo-foro-2025-mendoza-industrial/;1 sept 2025 ... ... Espacio Cultural Julio Le Parc, una iniciativa que promueve la industria, la transición energética, la sustentabilidad y la transformación digital del sector.
Guaymallén, sede de la Expo Foro 2025: Cornejo y Calvente ...;https://www.guaymallen.gob.ar/guaymallen-sede-de-la-expo-foro-2025-cornejo-y-calvente-pusieron-a-la-industria-en-el-centro-de-la-agenda-productiva/;1 sept 2025 ... Con el lema “Producción Sostenible”, el Espacio Cultural Julio Le Parc reunió a empresarios, funcionarios y referentes académicos. ... exposición donde las ...
Mendoza impulsa su matriz productiva: llega el Foro Industrial 2025 ...;https://ecocuyo.com/nota/149025/mendoza-impulsa-su-matriz-productiva-llega-el-foro-industrial-2025-con-foco-en-sostenibilidad-y-desarrollo/;31 ago 2025 ... Este evento, que se desarrollará del 2 al 4 de setiembre en el Espacio Cultural Julio Le Parc ... Exposición de productos y servicios de empresas industriales ...
"Este martes comienza la ""Expo y Foro Industrial Mendoza 2025 ...";https://mendoza.puntoapunto.com.ar/este-martes-comienza-el-expo-y-foro-industrial-mendoza-2025-produccion-sostenible-aqui-el-programa-completo/;31 ago 2025 ... ... Espacio Cultural Julio Le Parc y que reunirá a empresas, cámaras ... Exposición de productos y servicios de empresas industriales durante los tres días.
Julieta Poggio y el ganador del Martín Fierro con quien habría ...;https://www.mdzol.com/napsix/julieta-poggio-y-el-ganador-del-martin-fierro-quien-habria-pasado-la-noche-n1350710;30 sept 2025 ... Martín Salwe, por su parte, se mostró incómodo con la exposición, aunque reconoció que “hubo buena onda”. En redes, los fans de Julieta celebraron su ...
Moodys ratificó la calificación positiva de Mendoza pero alertó sobre ...;https://www.mdzol.com/politica/moodys-ratifico-la-calificacion-positiva-mendoza-pero-alerto-una-debilidad-n1348803;29 sept 2025 ... ... hotel diplomatic (6).JPG ALF PONCE MERCADO / MDZ. La calificadora Moody's Local ... Exposición considerable a deuda en moneda extranjera. Débil ambiente ...
Qué se esconde detrás del boom con el precio del oro;https://www.mdzol.com/dinero/que-se-esconde-detras-del-boom-el-precio-del-oro-n1347927;27 sept 2025 ... De esta forma, y fuertemente influenciados por este contexto macroeconómico, los bancos centrales siguen aumentando su exposición al oro. Un dato no menor ...
San Rafael será sede de un conversatorio sobre Planos de ...;https://um.edu.ar/noticias/san-rafael-sera-sede-de-un-conversatorio-sobre-planos-de-mensura-con-enfoque-practico/;25 sept 2025 ... La exposición estará a cargo del Ing. Agrim. Mariano Miras, quien abordará los aspectos técnicos y legales vinculados a la elaboración y presentación de ...
Expo RodanteAR: la comunidad de un tipo de turismo que crece ...;https://www.mdzol.com/sociedad/expo-rodantear-la-comunidad-un-tipo-turismo-que-crece-cada-vez-mas-argentina-n1340955;18 sept 2025 ... ... exposición dedicada al universo de los motorhomes, casas rodantes, tráileres y el turismo itinerante. Esta exposición, que convoca a miles de visitantes ...
Un montón: El video íntimo de la China Suárez y Mauro Icardi que ...;https://viapais.com.ar/entretenimiento/un-monton-el-video-intimo-de-la-china-suarez-y-mauro-icardi-que-genero-repudio-en-las-redes/;17 sept 2025 ... Lejos de generar empatía, el clip despertó fastidio en varios usuarios, que apuntaron contra la exposición constante de la pareja y el nivel de “miel” que ...
Milei comparó al gobierno de Paraguay con los que pasaron por ...;https://www.mendovoz.com/actualidad/nacionales/2025/9/16/milei-comparo-al-gobierno-de-paraguay-con-los-que-pasaron-por-argentina-161543.html;15 sept 2025 ... ... exposición conservadora. Loading video. Tap to unmute. Your browser can't play ... Desde el Hotel Sheraton de Asunción, el libertario planteó que ...
Milei en la CPAC: “Paraguay es un ejemplo de lo que hay que hacer ...;https://diariosanrafael.com.ar/milei-en-la-cpac-paraguay-es-un-ejemplo-de-lo-que-hay-que-hacer/;15 sept 2025 ... Frente a un auditorio colmado en el Hotel Sheraton, abrió su ... En su exposición, el mandatario argentino también buscó marcar un contraste ...
Texto completo | Argentina.gob.ar;https://www.argentina.gob.ar/normativa/nacional/resoluci%C3%B3n-265-2025-417434/texto;11 sept 2025 ... ... exposición, salvo expresa indicación en contrario: GRUPO A: Parque Nacional Iguazú, Parque Nacional Los Glaciares, Parque Nacional Nahuel Huapi, Parque ...
Cultura y Turismo archivos - Guaymallén;https://www.guaymallen.gob.ar/category/prensa/cultura/;11 sept 2025 ... La artista Elena Lavizzari presenta esta exposición con obras propias y de su entrañable amiga, a un año de su. “15 fábulas de amor”: concierto homenaje a ...
Buscar | Argentina.gob.ar;https://www.argentina.gob.ar/servicios?page=1265&searchword=burundanga&searchphrase=all&f%5B0%5D=bundle%3Abook;30 sept 2025 ... En la exposición «Primeros años y experimentos confederales ... Instituto Nacional de Vitivinicultura 90 Apply Instituto Nacional de Vitivinicultura filter.
Nuevos graduados del Instituto Universitario de Seguridad Marítima ...;https://www.argentina.gob.ar/noticias/nuevos-graduados-del-instituto-universitario-de-seguridad-maritima;23 sept 2025 ... El Instituto Universitario de Seguridad ... Se abre la convocatoria a participar de la XXXII Exposición Nacional de Arte de la Prefectura Naval Argentina ...
Lo Presti fortalece la seguridad: aspirantes a policía se entrenarán ...;https://lasheras.gob.ar/convenio-iusp-formacion/;21 sept 2025 ... El ciclo pretende generar y sostener espacios alternativos de exposición que impulsen tanto la producción artística local como el acceso de la comunidad a ...
PROYECTO DE LEY DE PRESUPUESTO GENERAL DE GASTOS Y ...;https://www.argentina.gob.ar/sites/default/files/proyecto_de_ley_de_presupuesto_general_de_gastos_y_calculo_de_recursos_de_la_administracio_nacional_2026_-_mensaje_articulado_y_planillas_del_proyecto_de_ley.pdf;14 sept 2025 ... ... exposición a fuentes de riesgo externas —como la volatilidad en los precios ... Instituto Nacional de Vitivinicultura. 465. 465. 0. 0. 0. 0. Tribunal de ...
Pliego provisorio;https://www.mendoza.gov.ar/wp-content/uploads/sites/67/2025/08/MODERNIZACION-DE-RIEGO-CANAL-MATRIZ-VALLE-DE-UCO-SISTEMA-informacion-1.pdf;31 ago 2025 ... Desde el 2015 el Instituto Nacional de Vitivinicultura (INV) reconoce ... exposición solar y productos contaminantes. La envoltura de protección debe ...
Sarelli por dos y Gil: la imperdible muestra de arte que se viene en ...;https://www.mdzol.com/estilo/sarelli-dos-y-gil-la-imperdible-muestra-arte-que-se-viene-el-museo-fader-n1347305;30 sept 2025 ... Sarelli por dos y Gil: la imperdible muestra de arte que se viene en el Museo Fader ... Más que una exposición colectiva, la propuesta se plantea como un ...
Las Heras firmó un convenio histórico de hermanamiento con la ...;https://lasheras.gob.ar/las-heras-firmo-un-convenio-historico-de-hermanamiento-con-la-ciudad-de-pingxiang-china/;25 sept 2025 ... MISIÓN. La Municipalidad de Las Heras asume la resolución de las problemáticas del ... El ciclo pretende generar y sostener espacios alternativos de exposición ...
Rocío López Díaz Valentín, la artista que descubrió la pintura en ...;https://www.diariouno.com.ar/sociedad/rocio-lopez-diaz-valentin-la-artista-que-descubrio-la-pintura-plena-lucha-contra-el-cancer-n1480270;23 sept 2025 ... “Eutopía del Color”, su muestra actual en la Bolsa de Comercio de Mendoza, es, además una exposición de arte abstracto, el relato visual de una mujer que ...
Lo Presti fortalece la seguridad: aspirantes a policía se entrenarán ...;https://lasheras.gob.ar/convenio-iusp-formacion/;21 sept 2025 ... MISIÓN. La Municipalidad de Las Heras asume la resolución de las problemáticas del ... El ciclo pretende generar y sostener espacios alternativos de exposición ...
Godoy Cruz será parte del 1° Encuentro Federal de Urban ...;https://www.godoycruz.gob.ar/godoy-cruz-sera-parte-del-1-encuentro-federal-urban-sketchers-argentina/;21 sept 2025 ... Además de los circuitos, especialistas nacionales y extranjeros arribarán con demostraciones en vivo y una exposición colectiva. ... Municipalidad de Godoy Cruz.
"""Eutopía del color"", la muestra de Rocío López Díaz Valentín se ...";https://www.elsol.com.ar/cultura/eutopia-del-color-la-muestra-de-rocio-lopez-diaz-valentin-se-inaugura-en-la-bolsa-de-comercio/;15 sept 2025 ... La exposición de arte abstracto permanecerá abierta hasta el 18 de octubre ... Museo del Vino y la Vendimia (Fiesta Internacional Grito de Mujer 2024) ...
Godoy Cruz compartió su modelo de seguridad en Chile - Godoy Cruz;https://www.godoycruz.gob.ar/godoy-cruz-compartio-modelo-seguridad-chile/;14 sept 2025 ... Entonces, su exposición giró en torno a la estrategia de policiamiento por ... Municipalidad de Godoy Cruz. Dirección. Rivadavia 448. Horario. Lunes a ...
1º Encuentro Federal de Urban Sketchers Argentina;https://camza.org.ar/1o-encuentro-federal-de-urban-sketchers-argentina/;14 sept 2025 ... Estos artistas compartirán demos en vivo y una exposición ... Urban Sketchers Mendoza, Cultura del Colegio de Arquitectos de Mendoza y Cultura de la Municipalidad ...
«Sabores de la Tierra y del Tiempo»: se abre la convocatoria para ...;https://www.godoycruz.gob.ar/sabores-la-tierra-del-tiempo-se-abre-la-convocatoria-la-receta-la-abuela-2025/;"8 sept 2025 ... Explicación y exposición del plato; Emplatado; Historia de la receta ... Municipalidad de Godoy Cruz. Dirección. Rivadavia 448. Horario. Lunes a viernes de 9 ..."
Memoria activa: Godoy Cruz invita a la muestra “Twitterelatos por la ...;https://www.godoycruz.gob.ar/memoria-activa-godoy-cruz-invita-la-muestra-twitterelatos-la-identidad1/;8 sept 2025 ... La exposición es el resultado de un certamen que reúne varios microcuentos y ... Municipalidad de Godoy Cruz. Dirección. Rivadavia 448. Horario. Lunes a ...
El cierre del Septiembre Musical convocó a una multitud en Plaza ...;https://viapais.com.ar/entretenimiento/el-cierre-del-septiembre-musical-convoco-a-una-multitud-en-plaza-independencia/;30 sept 2025 ... Plaza Independencia se convirtió en escenario de un auténtico festival ... Hoy se dan cita el canto, la danza, la exposición de turismo con toda la ...
La inmigración italiana 2026: abren la inscripción para el III Salón ...;https://www.elsol.com.ar/cultura/la-inmigracion-italiana-2026-abren-la-inscripcion-para-el-iii-salon-de-arte-espiritu-de-italia/;16 sept 2025 ... Asimismo, se aceptarán obras realizadas en formato digital pero, si resultan seleccionadas para la exposición, deberán ser presentadas en formato físico al ...
Agenda fin de semana en Mendoza: teatro, recitales y muestras ...;https://www.diariouno.com.ar/espectaculos/agenda-fin-semana-mendoza-teatro-recitales-y-muestras-n1475711;10 sept 2025 ... El viernes 12 de septiembre a las 22, el escenario del Teatro Quintanilla (Plaza Independencia) ... El horario de la exposición es de 14 a 20 de lunes a ...
«Sabores de la Tierra y del Tiempo»: se abre la convocatoria para ...;https://www.godoycruz.gob.ar/sabores-la-tierra-del-tiempo-se-abre-la-convocatoria-la-receta-la-abuela-2025/;8 sept 2025 ... Explicación y exposición del plato ... La etapa definitiva de “Sabores de la Tierra y del Tiempo” tendrá lugar el 18 de octubre, en el Polideportivo Municipal de ...
Primeras Jornadas Nacionales e Internacionales de Camélidos ...;https://www.argentina.gob.ar/noticias/primeras-jornadas-nacionales-e-internacionales-de-camelidos-sudamericanos;30 sept 2025 ... Cabe destacar que el INTA estará presente en estas jornadas a través de la exposición de dos trabajos y otro en articulación con la Universidad de Catamarca, a ...
CONCURSO PÚBLICO DE DISEÑO DEL SISTEMA DE IDENTIDAD ...;https://www.mendoza.gov.ar/wp-content/uploads/sites/17/2025/09/BASES-CONCURSO-GRAFICA-VENDIMIA-2026.pdf;30 sept 2025 ... - Representante titular por Universidad Champagnat: Hernán Aníbal Gutiérrez ... exposición y/o exhibición gratuita, por parte de la Subsecretaría de ...
"El Instituto Nacional de Epidemiología ""Dr. Juan H. Jara"" (INE) de la ...";https://www.argentina.gob.ar/noticias/el-instituto-nacional-de-epidemiologia-dr-juan-h-jara-ine-de-la-anlis-malbran-celebro-su;29 sept 2025 ... Como parte de la actividad, el Departamento de Enseñanza Especializada del INE presentó la exposición “40 años de Educación a Distancia: perspectivas ...
Una capacitación de alto vuelo | Argentina.gob.ar;https://www.argentina.gob.ar/noticias/una-capacitacion-de-alto-vuelo;29 sept 2025 ... La misma estuvo destinada a estudiantes universitarios de la Universidad ... Al culminar la exposición los participantes observaron la demostración de la ...
Se realizará el decimosexto encuentro del Ciclo de Seminarios ...;https://fca.uncuyo.edu.ar/se-realizara-el-decimosexto-encuentro-del-ciclo-de-seminarios-ibam-2025;"29 sept 2025 ... La exposición será sobre ""Conversion of lignocellulose components to value added chemical products"" y estará a cargo de un expositor externo, invitado por el ..."
Inscriben a un curso de posgrado de Bioestadística - Facultad de ...;https://fcm.uncuyo.edu.ar/inscriben-a-un-curso-de-posgrado-de-bioestadistica;29 sept 2025 ... ... Universidad Pública o Privada o Extranjera afín a las ... exposición sobre diferentes aproximaciones estadísticas e interpretaciones de cada análisis.
Inscriben para ingresar a las escuelas secundarias de la UNCUYO ...;https://www.uncuyo.edu.ar/academica/fechas-de-ingreso-a-las-escuelas-secundarias-de-la-uncuyo;28 sept 2025 ... Así lo aprobó el Consejo Superior de la Universidad, en la sesión de ... Exposición del listado de ingresantes: Viernes 13 de noviembre a partir de ...
Comenzaron en la UNCUYO las Jornadas Nacionales de ...;https://www.uncuyo.edu.ar/prensa/comenzaron-en-la-uncuyo-las-jornadas-nacionales-de-educacion-especial;25 sept 2025 ... ... Universidad Nacional de Cuyo (UNCUYO). Durante dos días habrá conferencias de especialistas, paneles, mesas de trabajo y exposición de pósters en la sede ...
Agenda de Cultura para el fin de semana | Argentina.gob.ar;https://www.argentina.gob.ar/noticias/agenda-de-cultura-para-el-fin-de-semana-57;"25 sept 2025 ... SÁBADO 27 DE SEPTIEMBRE. ""Toy Story 30: Exposición aniversario"" | De 14 a 20 h | Palacio Libertad (Sarmiento 151, CABA) Una invitación a recorrer ..."
San Rafael será sede de un conversatorio sobre Planos de ...;https://um.edu.ar/noticias/san-rafael-sera-sede-de-un-conversatorio-sobre-planos-de-mensura-con-enfoque-practico/;25 sept 2025 ... La exposición estará a cargo del Ing. Agrim. Mariano Miras, quien abordará los aspectos técnicos y legales vinculados a la elaboración y presentación de ...
“Libros Parlantes”: cuando el arte y la educación resignifican la vida ...;https://diariosanrafael.com.ar/libros-parlantes-cuando-el-arte-y-la-educacion-resignifican-la-vida-de-los-libros/;16 sept 2025 ... En el CEBJA 3-102 Combatientes de Malvinas, en articulación con la Biblioteca Popular ... La exposición “Libros Parlantes” abrió sus puertas el martes 16 de ...
Se realizará el decimosexto encuentro del Ciclo de Seminarios ...;https://fca.uncuyo.edu.ar/se-realizara-el-decimosexto-encuentro-del-ciclo-de-seminarios-ibam-2025;"29 sept 2025 ... Será el jueves 2 de octubre, a las 11 horas con modalidad virtual a través de la plataforma zoom. La exposición será sobre ""Conversion of lignocellulose ..."
Comenzaron en la UNCUYO las Jornadas Nacionales de ...;https://www.uncuyo.edu.ar/prensa/comenzaron-en-la-uncuyo-las-jornadas-nacionales-de-educacion-especial;25 sept 2025 ... ... Universidad Nacional de Cuyo (UNCUYO). Durante dos días habrá conferencias de especialistas, paneles, mesas de trabajo y exposición de pósters en la sede ...
XXXII JORNADAS NACIONALES RUEDES XXVI JORNADAS ...;https://educacion.uncuyo.edu.ar/upload/0efbf6a8545092d37dda5abbff5ee44b.pdf;20 sept 2025 ... La duración de la exposición será de 10 minutos, previendo un espacio para preguntas. ANEXO 3 PROGRAMACIÓN DE MESAS DE TRABAJOS LIBRES (PONENCIAS Y RELATORÍAS).
La inmigración italiana 2026: abren la inscripción para el III Salón ...;https://www.elsol.com.ar/cultura/la-inmigracion-italiana-2026-abren-la-inscripcion-para-el-iii-salon-de-arte-espiritu-de-italia/;16 sept 2025 ... La Universidad Nacional de Cuyo ... Asimismo, se aceptarán obras realizadas en formato digital pero, si resultan seleccionadas para la exposición, deberán ser ...
El ... - Consejo Profesional de Ciencias Económicas de Mendoza;https://cpcemza.org.ar/A6132_el-tribunal-de-etica-del-cpce-mendoza-visito-san-rafael-en-una-jornada-de-fortalecimiento-institucional-y-profesional;15 sept 2025 ... También tuvieron el agrado de contar con la presencia del Delegado de la sede San Rafael, Contador Renzo Gilli, quien brindó una exposición sobre la ...
NAVE UNCUYO 3° Salón de Arte Espíritu de Italia: La Inmigración ...;https://nave.uncuyo.edu.ar/novedad/3-salon-de-arte-espiritu-de-italia-la-inmigracion-italiana-2026;14 sept 2025 ... Asimismo, se aceptarán obras realizadas en formato digital, pero si resultan seleccionadas para la exposición, deberán ser presentadas en formato físico al ...
Defensa de tesis de la Prof. Pablo César MARTIN - Facultad de ...;https://ffyl.uncuyo.edu.ar/defensa-de-tesis-de-la-prof-pablo-cesar-martin;11 sept 2025 ... Oscar Enrique SANTILLI (Universidad Nacional de Cuyo). Jurado: Dra ... En la exposición oral y posteriores comentarios y preguntas, se exhibió la ...
Defensa de tesis de la Lic. Karina Alejandra RUIZ PERALTA ...;https://ffyl.uncuyo.edu.ar/defensa-de-tesis-de-la-lic-karina-alejandra-ruiz-peralta;11 sept 2025 ... Cumplió con los requerimientos que el jurado expresara a través de los dictámenes, mostrando solvencia en el manejo de la temática durante la exposición, y ...
Defensa de la tesis de la Arq. María Carolina PÉREZ - Facultad de ...;https://ffyl.uncuyo.edu.ar/defensa-de-la-tesis-de-la-arq-maria-carolina-perez;10 sept 2025 ... Clarisa ALEJANDRINO (Universidad Nacional de Cuyo) - Dr. Mauricio PINTO ... La exposición evidenció un conocimiento adecuado del tema y sus conceptos ...
Mostrá tu investigación al mundo: UR Inspiración 2025 - Relaciones ...;https://www.uncuyo.edu.ar/relacionesinternacionales/mostra-tu-investigacion-al-mundo-ur-inspiracion-2025;4 sept 2025 ... Por segundo año consecutivo, la Universidad Nacional de Cuyo se suma a ... Exposición oral sin apoyo visual. Los cupos para expositores/as son limitados ...
Julieta Poggio y el ganador del Martín Fierro con quien habría ...;https://www.mdzol.com/napsix/julieta-poggio-y-el-ganador-del-martin-fierro-quien-habria-pasado-la-noche-n1350710;30 sept 2025 ... Martín Salwe, por su parte, se mostró incómodo con la exposición, aunque reconoció que “hubo buena onda”. En redes, los fans de Julieta celebraron su ...
San Rafael será sede de un conversatorio sobre Planos de ...;https://um.edu.ar/noticias/san-rafael-sera-sede-de-un-conversatorio-sobre-planos-de-mensura-con-enfoque-practico/;25 sept 2025 ... La exposición estará a cargo del Ing. Agrim. Mariano Miras, quien abordará los aspectos técnicos y legales vinculados a la elaboración y presentación de ...
Expo RodanteAR: la comunidad de un tipo de turismo que crece ...;https://www.mdzol.com/sociedad/expo-rodantear-la-comunidad-un-tipo-turismo-que-crece-cada-vez-mas-argentina-n1340955;18 sept 2025 ... ... exposición dedicada al universo de los motorhomes, casas rodantes, tráileres y el turismo itinerante. Esta exposición, que convoca a miles de visitantes ...
Un montón: El video íntimo de la China Suárez y Mauro Icardi que ...;https://viapais.com.ar/entretenimiento/un-monton-el-video-intimo-de-la-china-suarez-y-mauro-icardi-que-genero-repudio-en-las-redes/;17 sept 2025 ... Lejos de generar empatía, el clip despertó fastidio en varios usuarios, que apuntaron contra la exposición constante de la pareja y el nivel de “miel” que ...
Milei comparó al gobierno de Paraguay con los que pasaron por ...;https://www.mendovoz.com/actualidad/nacionales/2025/9/16/milei-comparo-al-gobierno-de-paraguay-con-los-que-pasaron-por-argentina-161543.html;15 sept 2025 ... ... exposición conservadora. Loading video. Tap to unmute. Your browser can't play ... Desde el Hotel Sheraton de Asunción, el libertario planteó que ...
Milei en la CPAC: “Paraguay es un ejemplo de lo que hay que hacer ...;https://diariosanrafael.com.ar/milei-en-la-cpac-paraguay-es-un-ejemplo-de-lo-que-hay-que-hacer/;15 sept 2025 ... Frente a un auditorio colmado en el Hotel Sheraton, abrió su ... En su exposición, el mandatario argentino también buscó marcar un contraste ...
Texto completo | Argentina.gob.ar;https://www.argentina.gob.ar/normativa/nacional/resoluci%C3%B3n-265-2025-417434/texto;11 sept 2025 ... ... exposición, salvo expresa indicación en contrario: GRUPO A: Parque Nacional Iguazú, Parque Nacional Los Glaciares, Parque Nacional Nahuel Huapi, Parque ...
Cultura y Turismo archivos - Guaymallén;https://www.guaymallen.gob.ar/category/prensa/cultura/;11 sept 2025 ... La artista Elena Lavizzari presenta esta exposición con obras propias y de su entrañable amiga, a un año de su. “15 fábulas de amor”: concierto homenaje a ...
Mendoza exhibe su potencial en la mayor cita de la industria ...;https://ecocuyo.com/nota/149067/mendoza-exhibe-su-potencial-en-la-mayor-cita-de-la-industria-hidrocarburifera-argentina/;8 sept 2025 ... La ministra de Energía y Ambiente, Jimena Latorre, inauguró el stand de Mendoza en la XV Exposición Internacional del Petróleo y del Gas (Argentina Oil ...
«Sabores de la Tierra y del Tiempo»: se abre la convocatoria para ...;https://www.godoycruz.gob.ar/sabores-la-tierra-del-tiempo-se-abre-la-convocatoria-la-receta-la-abuela-2025/;8 sept 2025 ... Explicación y exposición del plato ... La etapa definitiva de “Sabores de la Tierra y del Tiempo” tendrá lugar el 18 de octubre, en el Polideportivo Municipal de ...
Archivo Novedades UDA;https://www.uda.edu.ar/index.php/archivo-novedades-uda;25 sept 2025 ... Se encuentra abierta la convocatoria para encuentra la exposición de trabajos. ... en la Municipalidad de Mendoza.... Leer Más ...
La SRT en la 21° Jornada de la Industria en Entre Ríos | Argentina ...;https://www.argentina.gob.ar/noticias/la-srt-en-la-21deg-jornada-de-la-industria-en-entre-rios;25 sept 2025 ... Durante su exposición, destacó como eje central de la agenda del Sistema de ... El Poder Judicial de Mendoza participó en la jornada de actualización del baremo.
Rocío López Díaz Valentín, la artista que descubrió la pintura en ...;https://www.diariouno.com.ar/sociedad/rocio-lopez-diaz-valentin-la-artista-que-descubrio-la-pintura-plena-lucha-contra-el-cancer-n1480270;23 sept 2025 ... “Eutopía del Color”, su muestra actual en la Bolsa de Comercio de Mendoza, es, además una exposición ... Museo del Vino y la Vendimia, el Espacio del Monte ...
El policía acusado de femicidio zafó de la perpetua porque el jurado ...;https://www.diariouno.com.ar/judiciales/las-cartas-favor-y-contra-del-policia-acusado-femicidio-horas-la-sentencia-n1478700;18 sept 2025 ... juicio por jurado comenzó el lunes pasado con la exposición de todas las pruebas. ... Foto: Prensa Poder Judicial. Presunto femicidio en Godoy Cruz. En la noche ...
"""Eutopía del color"", la muestra de Rocío López Díaz Valentín se ...";https://www.elsol.com.ar/cultura/eutopia-del-color-la-muestra-de-rocio-lopez-diaz-valentin-se-inaugura-en-la-bolsa-de-comercio/;15 sept 2025 ... La exposición de arte abstracto permanecerá abierta hasta el 18 de octubre ... Museo del Vino y la Vendimia (Fiesta Internacional Grito de Mujer 2024), ...
PROYECTO DE LEY DE PRESUPUESTO GENERAL DE GASTOS Y ...;https://www.argentina.gob.ar/sites/default/files/proyecto_de_ley_de_presupuesto_general_de_gastos_y_calculo_de_recursos_de_la_administracio_nacional_2026_-_mensaje_articulado_y_planillas_del_proyecto_de_ley.pdf;14 sept 2025 ... ... Poder Judicial de la Nación, y la implementación de controles más rigurosos ... exposición a fuentes de riesgo externas —como la volatilidad en los ...
La Justicia prohibió difundir datos de la chica de 14 que llevó un ...;https://diariosanrafael.com.ar/la-justicia-prohibio-difundir-datos-de-la-chica-de-14-que-llevo-un-arma-a-la-escuela/;13 sept 2025 ... A pesar de la orden judicial, el Poder Judicial informó que algunos ... exposición pública innecesaria. Fuente: Jornada. image_pdf image_print. Click ...
La Justicia como equilibrista entre el derecho a la salud y su ...;https://www.unidiversidad.com.ar/la-justicia-como-equilibrista-entre-el-derecho-a-la-salud-y-su-efectivo-cumplimiento;1 sept 2025 ... ... Poder Judicial de Mendoza. El mismo forma parte de una serie de propuestas ... Y, aunque no fue el tema específico de su exposición, dijo que crecieron ...
Arte | Últimas Noticias de Arte | Temas en Vía País | Vía País;https://viapais.com.ar/temas/arte/;17 sept 2025 ... Museo Mulazzi: exposición de pintura contemporánea del taller de Beatriz Pedersen.
Está abierta en el CAJA la muestra del Premio Ledesma de Arte ...;https://viapais.com.ar/jujuy/esta-abierta-en-el-caja-la-muestra-del-premio-ledesma-de-arte-infantil-2025/;17 sept 2025 ... Además de las obras premiadas por el jurado, la exposición se completa con una selección de trabajos realizados con diversas técnicas.
Luis Petri relanza su campaña en Mendoza: del Conurbano ...;https://www.elsol.com.ar/mendoza/luis-petri-relanza-su-campana-en-mendoza-del-conurbano-bonaerense-a-san-martin/;4 sept 2025 ... De la defensiva al relanzamiento. En Mendoza, Petri comenzó la campaña con bajo perfil, condicionado por su rol ministerial y por la exposición del Gobierno ...
El Museo del Área Fundacional incorporó una sala didáctica para ...;https://www.diariouno.com.ar/sociedad/el-museo-del-area-fundacional-incorporo-una-sala-didactica-bebes-y-ninos-n1473952;4 sept 2025 ... En su interior, las salas de exposición permanente presentan, mediante recursos didácticos y accesibles, la transformación de la Ciudad de Mendoza como ...
La sequía dejó de ser sorpresa e Irrigación diseñó un plan para ...;https://www.diariouno.com.ar/politica/la-sequia-dejo-ser-sorpresa-e-irrigacion-diseno-un-plan-convivir-ella-n1482711;30 sept 2025 ... La autoridad de aplicación será el Departamento General de Irrigación. ¿Para qué ... Diagnóstico (balance hídrico, exposición y vulnerabilidad). Diseño ...
Concurso Literario: “Las mujeres y el agua en tiempos de cambio ...;https://um.edu.ar/noticias/concurso-literario-las-mujeres-y-el-agua-en-tiempos-de-cambio-climatico/;10 sept 2025 ... ... Departamento General de Irrigación lanzaron, el mes internacional de la ... Premiación y exposición: 3 de diciembre de 2025 – V Congreso Internacional ...
Pliego provisorio;https://www.mendoza.gov.ar/wp-content/uploads/sites/67/2025/08/MODERNIZACION-DE-RIEGO-CANAL-MATRIZ-VALLE-DE-UCO-SISTEMA-informacion-1.pdf;31 ago 2025 ... ... DEPARTAMENTO GENERAL DE IRRIGACIÓN. 2. V. REVESTIMIENTO CANAL UCO ... exposición solar y productos contaminantes. La envoltura de protección debe ...
Lavalle celebró la 28° Expo Apícola con gran convocatoria;https://www.diariouno.com.ar/sociedad/lavalle-celebro-la-28-expo-apicola-gran-convocatoria-n1474631;7 sept 2025 ... La Expo contó con el acompañamiento del Municipio de Lavalle, que trabajó ... También, el predio tuvo el paseo de artesanos, exposición y venta de ...
Cultura Federal: convocatorias abiertas al 27 de agosto de 2025 ...;https://www.argentina.gob.ar/noticias/cultura-federal-convocatorias-abiertas-al-27-de-agosto-de-2025;30 sept 2025 ... Concurso de anteproyectos de artes visuales para la obra que representará a la Argentina en la exposición internacional. Cierre: 25 de septiembre de 2025 ...
Cultura Federal: convocatorias abiertas al 24 de septiembre de ...;https://www.argentina.gob.ar/noticias/cultura-federal-convocatorias-abiertas-al-24-de-septiembre-de-2025;30 sept 2025 ... Concurso de anteproyectos de artes visuales para la obra que representará a la Argentina en la exposición internacional. Cierre: 25 de septiembre de 2025.
Se realizará el decimosexto encuentro del Ciclo de Seminarios ...;https://fca.uncuyo.edu.ar/se-realizara-el-decimosexto-encuentro-del-ciclo-de-seminarios-ibam-2025;"29 sept 2025 ... La exposición será sobre ""Conversion of lignocellulose components to value added chemical products"" y estará a cargo de un expositor externo, invitado por el ..."
Gendarmería participó en la “77° Exposición de Agricultura ...;https://www.argentina.gob.ar/noticias/gendarmeria-participo-en-la-77deg-exposicion-de-agricultura-ganaderia-industria-y-comercio;29 sept 2025 ... Gendarmería participó en la “77° Exposición de Agricultura, ganadería, industria y comercio” de Mercedes. En un evento de tres días, la Fuerza presentó un ...
Exposición de Silvia Goltzman en el Mubata;https://viapais.com.ar/tres-arroyos/exposicion-de-silvia-goltzman-en-el-mubata/;29 sept 2025 ... La propuesta de Goltzman parte de un aprendizaje profundo que se nutre de la Escuela ... Exposición de Silvia Goltzman en el Mubata.
Novedades - Municipalidad de La Paz;https://lapazmendoza.gob.ar/category/novedades/;28 sept 2025 ... LA PAZ PREPARA LA SEGUNDA EDICIÓN DE SU EXPO CAPRINA DEL ESTE: ACTIVIDADES, CHARLAS Y EXPOSICIÓN. Luego de la primera edición en 2024, el Portal de Mendoza ...
Agregados Navales extranjeros visitaron el Comando del Área ...;https://www.argentina.gob.ar/noticias/agregados-navales-extranjeros-visitaron-el-comando-del-area-naval-austral;28 sept 2025 ... Durante la jornada, los agregados militares extranjeros recorrieron la Sala Histórica y asistieron a una exposición brindada por el Jefe de Operaciones del ...
La escuela Carlos O'Donnell participó de una creativa jornada ...;https://www.mendoza.edu.ar/la-escuela-carlos-odonnell-participo-de-una-creativa-jornada-literaria/;28 sept 2025 ... El recorrido incluyó el stand de fluidez lectora, adultos narradores invitados y el momento de lectura con los antagonistas, además de la exposición de desafíos ...
Inscriben para ingresar a las escuelas secundarias de la UNCUYO ...;https://www.uncuyo.edu.ar/academica/fechas-de-ingreso-a-las-escuelas-secundarias-de-la-uncuyo;28 sept 2025 ... Exposición del listado de ingresantes: Viernes 13 de noviembre a partir de las 10 h. Matriculación (obligatoria para estudiantes que deseen optar por la ...
Agenda de Cultura para el fin de semana | Argentina.gob.ar;https://www.argentina.gob.ar/noticias/agenda-de-cultura-para-el-fin-de-semana-57;"25 sept 2025 ... SÁBADO 27 DE SEPTIEMBRE. ""Toy Story 30: Exposición aniversario"" | De 14 a 20 h | Palacio Libertad (Sarmiento 151, CABA) Una invitación a recorrer ..."
PROYECTO DE LEY DE PRESUPUESTO GENERAL DE GASTOS Y ...;https://www.argentina.gob.ar/sites/default/files/proyecto_de_ley_de_presupuesto_general_de_gastos_y_calculo_de_recursos_de_la_administracio_nacional_2026_-_mensaje_articulado_y_planillas_del_proyecto_de_ley.pdf;14 sept 2025 ... ... exposición a fuentes de riesgo externas —como la volatilidad en los precios ... Archivo General de Documentación Financiera de la Administración ...
Educación y patrimonio: las huellas materiales de la educación ...;https://www.argentina.gob.ar/noticias/educacion-y-patrimonio-las-huellas-materiales-de-la-educacion-argentina;10 sept 2025 ... El Archivo General de la Nación y el Museo de las Escuelas se unen para ... En su exposición, detallaron el contenido de este fondo, que recientemente ...
Novedades - Municipalidad de La Paz;https://lapazmendoza.gob.ar/category/novedades/;28 sept 2025 ... LA PAZ PREPARA LA SEGUNDA EDICIÓN DE SU EXPO CAPRINA DEL ESTE: ACTIVIDADES, CHARLAS Y EXPOSICIÓN ... Plaza 9 de Julio se convertirá en el epicentro de ...
Archivo Novedades UDA;https://www.uda.edu.ar/index.php/archivo-novedades-uda;25 sept 2025 ... Salida al Parque Deportivo de ... Se encuentra abierta la convocatoria para encuentra la exposición de trabajos.
Innovación en la formación y el manejo de plantaciones de ...;https://www.argentina.gob.ar/noticias/innovacion-en-la-formacion-y-el-manejo-de-plantaciones-de-manzanos-y-perales-hacia-una;22 sept 2025 ... La Estación Experimental Agropecuaria Alto Valle se ubica en el corazón de ... exposición a las inclemencias del clima, lo que redunda en una ...
La inmigración italiana 2026: abren la inscripción para el III Salón ...;https://www.elsol.com.ar/cultura/la-inmigracion-italiana-2026-abren-la-inscripcion-para-el-iii-salon-de-arte-espiritu-de-italia/;16 sept 2025 ... La Secretaría de Extensión de la Universidad Nacional de Cuyo —con su coordinación en gestión artístico-cultural con el área de Artes Visuales de la Nave UNCuyo ...
NAVE UNCUYO 3° Salón de Arte Espíritu de Italia: La Inmigración ...;https://nave.uncuyo.edu.ar/novedad/3-salon-de-arte-espiritu-de-italia-la-inmigracion-italiana-2026;14 sept 2025 ... ... Nave UNCUYO ... Asimismo, se aceptarán obras realizadas en formato digital, pero si resultan seleccionadas para la exposición, deberán ser presentadas en formato ...
Agenda fin de semana en Mendoza: teatro, recitales y muestras ...;https://www.diariouno.com.ar/espectaculos/agenda-fin-semana-mendoza-teatro-recitales-y-muestras-n1475711;10 sept 2025 ... El horario de la exposición es de 14 a 20 de lunes a viernes ... Este sábado 13 de septiembre a las 19 en la Nave UNCuyo (exactamente en la Nave Creativa).
INTA Quimilí avanza en el segundo año de ensayos con colza ...;https://www.argentina.gob.ar/noticias/inta-quimili-avanza-en-el-segundo-ano-de-ensayos-con-colza;9 sept 2025 ... En la Estación Experimental Agropecuaria INTA Quimilí se llevó a cabo la ... En este sentido, la anticipación de la siembra permite reducir la exposición ...
plan estratégico urbano territorial de cañada rosquín en el marco ...;https://www.argentina.gob.ar/sites/default/files/plan_estrategico_urbano_territorial_de_canada_rosquin_i.pdf;30 ago 2025 ... Estudio Epidemiológico de la Exposición de. Arsénico a través del consumo de agua. ... INTA, Estación Experimental Agropecuaria de Rafaela. 2011. “Datos ...
Archivo Novedades UDA;https://www.uda.edu.ar/index.php/archivo-novedades-uda;25 sept 2025 ... La Universidad del Aconcagua es parte de RIISUPA, una nueva red que reúne a ... XXXVII Seminario virtual de e-learning para profesores universitarios.
El tiempo en Mendoza: alerta por Zonda y por tormentas;https://www.elsol.com.ar/mendoza/el-tiempo-en-mendoza-alerta-por-zonda-y-por-tormentas/;17 sept 2025 ... Pompeyo Audivert dictará un seminario de actuación en el Espacio Cultural Julio Le Parc septiembre 18, 2025 8:16 am. Guaymallén prepara un foro sobre ...
Interpretaron Milei-Cornejo-rectora, analizó Esther Sanchez sobre ...;https://www.diariouno.com.ar/politica/interpretaron-milei-cornejo-rectora-analizo-esther-sanchez-los-abucheos-su-contra-n1478303;17 sept 2025 ... La rectora de la Universidad Nacional de Cuyo (UNCuyo), Esther Sanchez, atribuyó el abucheo que recibió durante la marcha por el financiamiento ...
La rectora de la UNCuyo alertó que es crítica la situación de las ...;https://www.diariouno.com.ar/politica/la-rectora-la-uncuyo-alerto-que-es-critica-la-situacion-las-obras-sociales-las-universidades-n1471723;1 sept 2025 ... Esther Sanchez, rectora de la Universidad Nacional de Cuyo (UNCuyo). El Consejo Interuniversitario Nacional (CIN) se reunió en un plenario de ...
El histórico Festival Internacional de Danza de Nuevas Tendencias ...;https://www.mdzol.com/mdz-show/el-historico-festival-internacional-danza-nuevas-tendencias-cumple-30-anos-y-trae-propuestas-imperdibles-n1348574;28 sept 2025 ... Viernes 3 de octubre. Seminario. En el Teatro Independencia (Chile 1184, Ciudad) a las 15 h. Dictado por Compañía de Danza Espiral ...
Pompeyo Audivert dictará un seminario de actuación en el Espacio ...;https://www.elsol.com.ar/cultura/pompeyo-audivert-dictara-un-seminario-de-actuacion-en-el-espacio-cultural-julio-le-parc/;17 sept 2025 ... Al día siguiente, sábado 27, se presentará en el Teatro Independencia a las 21 con su obra “Habitación Macbeth”. ... El seminario se hará el viernes 26, de 19 a ...
Interpretaron Milei-Cornejo-rectora, analizó Esther Sanchez sobre ...;https://www.diariouno.com.ar/politica/interpretaron-milei-cornejo-rectora-analizo-esther-sanchez-los-abucheos-su-contra-n1478303;17 sept 2025 ... La rectora de la Universidad Nacional de Cuyo (UNCuyo), Esther Sanchez, atribuyó el abucheo que recibió durante la marcha por el financiamiento ...
La rectora de la UNCuyo alertó que es crítica la situación de las ...;https://www.diariouno.com.ar/politica/la-rectora-la-uncuyo-alerto-que-es-critica-la-situacion-las-obras-sociales-las-universidades-n1471723;1 sept 2025 ... Esther Sanchez, rectora de la Universidad Nacional de Cuyo (UNCuyo). El Consejo Interuniversitario Nacional (CIN) se reunió en un plenario de ...
Archivo Novedades UDA;https://www.uda.edu.ar/index.php/archivo-novedades-uda;25 sept 2025 ... Será el 11 y 12 de septiembre en el Auditorio de la Facultad de Derecho - Centro Universitario - UNCuyo La RADU subsidia este Seminario para la parti... Leer ...
San Rafael – Universidad de Mendoza;https://um.edu.ar/sedes/san-rafael/;12 sept 2025 ... La Facultad de Ciencias Jurídicas y Sociales de la UM invita a una nueva edición del Seminario permanente de Filosofía Jurídica, en modalidad virtual, dedicada ...
Seminario permanente de Filosofía Jurídica: diálogo con Guillermo ...;https://um.edu.ar/noticias/seminario-permanente-de-filosofia-juridica-dialogo-con-guillermo-martinez-sobre-crimenes-logica-y-derecho/;7 sept 2025 ... Destinado a graduados, profesionales y estudiantes de posgrado de carreras afines, el seminario compartirá bibliografía con anticipación para propiciar un ...
El Microcine Municipal reanudó sus actividades después de ...;https://www.elsol.com.ar/cultura/el-microcine-municipal-reanudo-sus-actividades-despues-de-refacciones/;3 sept 2025 ... La época de la primavera llega con el terror como protagonista, para dar proyecciones con filmes del género y además un seminario sobre guion a cargo de ...
El tiempo en Mendoza: alerta por Zonda y por tormentas;https://www.elsol.com.ar/mendoza/el-tiempo-en-mendoza-alerta-por-zonda-y-por-tormentas/;17 sept 2025 ... Pompeyo Audivert dictará un seminario de actuación en el Espacio Cultural Julio Le Parc septiembre 18, 2025 8:16 am. Guaymallén prepara un foro sobre ...
Paso a Chile: cómo está este 18 de septiembre;https://www.elsol.com.ar/mendoza/paso-a-chile-como-esta-este-18-de-septiembre/;17 sept 2025 ... Pompeyo Audivert dictará un seminario de actuación en el Espacio Cultural Julio Le Parc septiembre 18, 2025 8:16 am. Diario El Sol Mendoza. Facebook Page · X ...
Impsa cambió su plan de reestructuración para garantizar ...;https://www.elsol.com.ar/mendoza/impsa-cambio-su-plan-de-reestructuracion-para-garantizar-beneficios-a-sus-acreedores/;17 sept 2025 ... Pompeyo Audivert dictará un seminario de actuación en el Espacio Cultural Julio Le Parc septiembre 18, 2025 8:16 am. Guaymallén prepara un foro sobre ...
Pompeyo Audivert dictará un seminario de actuación en el Espacio ...;https://www.elsol.com.ar/cultura/pompeyo-audivert-dictara-un-seminario-de-actuacion-en-el-espacio-cultural-julio-le-parc/;17 sept 2025 ... Pompeyo Audivert dictará un seminario de actuación en el Espacio Cultural Julio Le Parc. El actor y dramaturgo brindará el viernes 26 —en el complejo ...
Con la ausencia de Messi, la 10 de la Selección Argentina ya tiene ...;https://www.elsol.com.ar/deportes/con-la-ausencia-de-messi-la-10-de-la-seleccion-argentina-ya-tiene-nuevo-dueno/;7 sept 2025 ... Pompeyo Audivert dictará un seminario de actuación en el Espacio Cultural Julio Le Parc. Dentro de los eventos de la Feria del Libro 2025, el actor y ...
Autos chinos en Mendoza: precios competitivos, pero poca ...;https://www.elsol.com.ar/mendoza/autos-chinos-en-mendoza-precios-competitivos-pero-poca-confianza-del-consumidor/;3 sept 2025 ... Pompeyo Audivert dictará un seminario de actuación en el Espacio Cultural Julio Le Parc septiembre 18, 2025 8:16 am. Diario El Sol Mendoza. Facebook Page · X ...
Carrefour se amplía y compra una conocida cadena de ...;https://www.elsol.com.ar/mendoza/carrefour-se-amplia-y-compra-una-conocida-cadena-de-supermercados-mendocina/;2 sept 2025 ... Pompeyo Audivert dictará un seminario de actuación en el Espacio Cultural Julio Le Parc septiembre 18, 2025 8:16 am. Guaymallén prepara un foro sobre ...
Archivo Novedades UDA;https://www.uda.edu.ar/index.php/archivo-novedades-uda;25 sept 2025 ... Será el 11 y 12 de septiembre en el Auditorio de la Facultad de Derecho - Centro Universitario - UNCuyo La RADU subsidia este Seminario para la parti... Leer ...
El tiempo en Mendoza: alerta por Zonda y por tormentas;https://www.elsol.com.ar/mendoza/el-tiempo-en-mendoza-alerta-por-zonda-y-por-tormentas/;17 sept 2025 ... Pompeyo Audivert dictará un seminario de actuación en el Espacio Cultural Julio Le Parc septiembre 18, 2025 8:16 am. Guaymallén prepara un foro sobre ...
Ley 23981;https://www.argentina.gob.ar/normativa/nacional/ley-23981-380/normas-modifican;"3 sept 2025 ... SE DECLARA DE INTERES NACIONAL EL SEMINARIO ""LAS VENTAJAS COMPETITIVAS DE LA ... INSTITUTO NACIONAL DE VITIVINICULTURA (I.N.V.). Fecha publicación 03 ..."
El histórico Festival Internacional de Danza de Nuevas Tendencias ...;https://www.mdzol.com/mdz-show/el-historico-festival-internacional-danza-nuevas-tendencias-cumple-30-anos-y-trae-propuestas-imperdibles-n1348574;28 sept 2025 ... Seminario. En el Teatro Independencia (Chile 1184, Ciudad) a las 15 h ... En el Teatro Quintanilla, ubicado en la Plaza Independencia, a las 20.30 h.
Interpretaron Milei-Cornejo-rectora, analizó Esther Sanchez sobre ...;https://www.diariouno.com.ar/politica/interpretaron-milei-cornejo-rectora-analizo-esther-sanchez-los-abucheos-su-contra-n1478303;17 sept 2025 ... Los silbidos se escucharon cuando la manifestación llegó a la plaza Independencia y la rectora Sanchez se dirigió a los manifestantes desde el escenario ...
Actividades de la AAIP en el mes del Acceso a la Información y la ...;https://www.argentina.gob.ar/noticias/actividades-de-la-aaip-en-el-mes-del-acceso-la-informacion-y-la-transparencia;30 sept 2025 ... Por otra parte, el 10 de septiembre la AAIP organizó el seminario abierto ... Universidad Nacional de San Martín (UNSAM). La apertura estuvo a cargo de ...
Universidad Católica Argentina - UCA;https://uca.edu.ar/es/cursos-de-educacion-continua/facultad-de-psicologia-y-psicopedagogia/curso-acreditable/diseno-metodologico-cualitativo;30 sept 2025 ... Seminario orientado a que el alumno logre Conocer las características de la investigación cualitativa y la variedad de enfoques que comprende, Distinguir ...
ACRES: protagonistas de la formación y la innovación en salud;https://www.intramed.net/content/acres-protagonistas-de-la-formacion-y-la-innovacion-en-salud;27 sept 2025 ... ... educación. Su presidenta analiza el presente de la institución, mientras un seminario reciente abrió el debate sobre la inteligencia y sus campos.
BASES Y CONDICIONES_FINAL_EDITABLE;https://www.argentina.gob.ar/sites/default/files/2025/09/bases_y_condiciones_del_concurso.pdf;25 sept 2025 ... BASES DEL CONCURSO: PARTICIPACIÓN: estudiantes universitarios de grado/postgrado, graduados y público en general que haya participado del Seminario.
Archivo Novedades UDA;https://www.uda.edu.ar/index.php/archivo-novedades-uda;25 sept 2025 ... XXXVII Seminario virtual de e-learning para profesores universitarios. 16 Abril 2021. Este Seminario impartido por la Universidad Católica de Ávila (España) es ...
PROGRAMA DEL CICLO ESTRATEGICO -ARA-;https://www.argentina.gob.ar/sites/default/files/2025/09/programa_del_ciclo_estrategico_-ara-.pdf;25 sept 2025 ... DÍA 4/11 - AULA MAGNA DE LA UNIVERSIDAD DE LA DEFENSA AMERICA TEMA 3 ... 19:45 hs: CIERRE DEL SEMINARIO. 20:30 hs: Resumen y cierre del segundo día. 1 ...
"Seminario ""Antropología Filosófica. Textos y problemas II: ¿piensa ...";https://ffyl.uncuyo.edu.ar/cursos/item/antropologia-filosofica-textos-y-problemas-ii-piensa-la-inteligencia-artificial;"23 sept 2025 ... imagen Seminario ""Antropología Filosófica. Textos y problemas II: ¿piensa la Inteligencia Artificial. Aranceles. Estudiantes de la FFyL: $5.600."
Del pizarrón al prompt: desafíos de la Inteligencia Artificial en la vida ...;https://www.ucongreso.edu.ar/del-pizarron-al-prompt-desafios-de-la-inteligencia-artificial-en-la-vida-universitaria/;22 sept 2025 ... ... Seminario “Alfabetismos postdigitales y educación” en la Maestría en Educación de la Universidad de San Andrés. También se. desempeña como asesora pedagógica ...
Lanzan seis seminarios de posgrado destinados a mejorar la ...;https://fcp.uncuyo.edu.ar/lanzan-seis-seminarios-de-posgrado-destinados-a-mejorar-la-gestion-publica;"21 sept 2025 ... Beatriz de Anchorena, actual titular de la Agencia de Acceso a la Información Pública, quien conducirá el seminario ""Transparencia y rendición de cuentas""."
Universidad Católica Argentina - UCA;https://uca.edu.ar/es/facultad-de-ciencias-economicas/departamento-de-investigacion-y-publicaciones/instituto-shaw-de-estudios-empresariales/extension-instituto-shaw-de-estudios-empresariales;18 sept 2025 ... “Seminario de Investigaciones en el Área de Contabilidad” Marcela Sisto, María Alejandra Marin, Monserrat Barreto, Marcelo Crocco, Agustina Biscotti, Liliana ...
Lanzan seis seminarios de posgrado destinados a mejorar la ...;https://fcp.uncuyo.edu.ar/lanzan-seis-seminarios-de-posgrado-destinados-a-mejorar-la-gestion-publica;"21 sept 2025 ... Beatriz de Anchorena, actual titular de la Agencia de Acceso a la Información Pública, quien conducirá el seminario ""Transparencia y rendición de cuentas""."
Anuncian segunda edición de curso de posgrado sobre atención ...;https://educacion.uncuyo.edu.ar/anuncian-segunda-edicion-de-curso-de-posgrado-sobre-atencion-temprana-del-desarrollo-infantil;18 sept 2025 ... Es investigadora en Atención Temprana y ha publicado artículos en revistas científicas relacionadas con la temática de este seminario. Etiquetas. seminario ...
Interpretaron Milei-Cornejo-rectora, analizó Esther Sanchez sobre ...;https://www.diariouno.com.ar/politica/interpretaron-milei-cornejo-rectora-analizo-esther-sanchez-los-abucheos-su-contra-n1478303;17 sept 2025 ... La rectora de la Universidad Nacional de Cuyo ... Por las muertes por fentanilo contaminado, Ariel García Furfaro quedó preso, embargado y arriesga · Seminario ...
La Facultad en los medios - Facultad de Educación;https://educacion.uncuyo.edu.ar/la-facultad-en-los-medios;12 sept 2025 ... Universidad Nacional de Cuyo, carreras, estudios e investigación ... Seminario de actualización en Psicomotricidad. Prensa UNCUYO | 12 de agosto ...
La rectora de la UNCuyo alertó que es crítica la situación de las ...;https://www.diariouno.com.ar/politica/la-rectora-la-uncuyo-alerto-que-es-critica-la-situacion-las-obras-sociales-las-universidades-n1471723;1 sept 2025 ... ... Universidad Nacional de Cuyo (UNCuyo) ... Por las muertes por fentanilo contaminado, Ariel García Furfaro quedó preso, embargado y arriesga. Seminario ...
Facultad de Derecho UNCuyo – Colegio de Abogados y Procuradores;https://colabogmza.com.ar/tag/facultad-de-derecho-uncuyo/;31 ago 2025 ... ... seminario tiene el objetivo general de exponer a los participantes el ... Universidad Nacional de Cuyo, representada por el decano Fernando Pérez ...
Archivo Novedades UDA;https://www.uda.edu.ar/index.php/archivo-novedades-uda;25 sept 2025 ... Será el 11 y 12 de septiembre en el Auditorio de la Facultad de Derecho - Centro Universitario - UNCuyo La RADU subsidia este Seminario para la parti... Leer ...
El tiempo en Mendoza: alerta por Zonda y por tormentas;https://www.elsol.com.ar/mendoza/el-tiempo-en-mendoza-alerta-por-zonda-y-por-tormentas/;17 sept 2025 ... Pompeyo Audivert dictará un seminario de actuación en el Espacio Cultural Julio Le Parc septiembre 18, 2025 8:16 am. Guaymallén prepara un foro sobre ...
El Microcine Municipal reanudó sus actividades después de ...;https://www.elsol.com.ar/cultura/el-microcine-municipal-reanudo-sus-actividades-despues-de-refacciones/;3 sept 2025 ... La época de la primavera llega con el terror como protagonista, para dar proyecciones con filmes del género y además un seminario ... Alianza Francesa).
Archivo Novedades UDA;https://www.uda.edu.ar/index.php/archivo-novedades-uda;25 sept 2025 ... Este Seminario impartido por la Universidad Católica de Ávila (España) es ... en la Municipalidad de Mendoza.... Leer Más ...
Néstor Pedro Sagüés (1942 - 2024). Vida, obra y legado;https://repositorio.uca.edu.ar/bitstream/123456789/20402/1/nestor-pedro-sagues.pdf;1 sept 2025 ... Fue también docente en el Seminario práctico de juris- prudencia ... timidad política del Poder Judicial”(31), “Reflexiones so- bre el activismo ...
La Facultad en los medios - Facultad de Educación;https://educacion.uncuyo.edu.ar/la-facultad-en-los-medios;12 sept 2025 ... Sitio Andino | 11 de junio de 2024 | Crianza respetuosa e inteligencias ... Seminario de actualización en Psicomotricidad. Prensa UNCUYO | 12 de agosto ...
Actividades de la AAIP en el mes del Acceso a la Información y la ...;https://www.argentina.gob.ar/noticias/actividades-de-la-aaip-en-el-mes-del-acceso-la-informacion-y-la-transparencia;30 sept 2025 ... Por otra parte, el 10 de septiembre la AAIP organizó el seminario abierto ... Escuela de Política y Gobierno de la Universidad Nacional de San Martín ...
diseño metodológico cualitativo;https://uca.edu.ar/es/cursos-de-educacion-continua/facultad-de-psicologia-y-psicopedagogia/curso-acreditable/diseno-metodologico-cualitativo;30 sept 2025 ... Seminario orientado a que el alumno logre Conocer las características de la investigación cualitativa y la variedad de enfoques que comprende, Distinguir ...
BASES Y CONDICIONES_FINAL_EDITABLE;https://www.argentina.gob.ar/sites/default/files/2025/09/bases_y_condiciones_del_concurso.pdf;25 sept 2025 ... BASES DEL CONCURSO: PARTICIPACIÓN: estudiantes universitarios de grado/postgrado, graduados y público en general que haya participado del Seminario.
Archivo Novedades UDA;https://www.uda.edu.ar/index.php/archivo-novedades-uda;25 sept 2025 ... Será el 11 y 12 de septiembre en el Auditorio de la Facultad de Derecho - Centro Universitario - UNCuyo La RADU subsidia este Seminario para la parti... Leer ...
PROGRAMA DEL CICLO ESTRATEGICO -ARA-;https://www.argentina.gob.ar/sites/default/files/2025/09/programa_del_ciclo_estrategico_-ara-.pdf;25 sept 2025 ... DÍA 5/11 – AULA MAGNA DE LA ESCUELA DE GUERRA NAVAL. MODERADOR: CF (RE) ... 19:45 hs: CIERRE DEL SEMINARIO. 20:30 hs: Resumen y cierre del segundo día. 1 ...
Universidad Católica Argentina - UCA;https://uca.edu.ar/es/facultad-de-ciencias-economicas/departamento-de-investigacion-y-publicaciones/instituto-shaw-de-estudios-empresariales/extension-instituto-shaw-de-estudios-empresariales;18 sept 2025 ... “Seminario de Investigaciones en el Área de Contabilidad” Marcela Sisto, María Alejandra Marin, Monserrat Barreto, Marcelo Crocco, Agustina Biscotti, Liliana ...
Facultad de Derecho y Ciencias Sociales del Rosario > Extensión;https://uca.edu.ar/es/facultad-de-derecho-y-ciencias-sociales-del-rosario/extension;16 sept 2025 ... Datos de contacto de Posgrado. posgradoderecho_rosario@uca.edu.ar. whatsapp +54 9 3416 45-5183. Actividades 2º SEMESTRE. Seminario Nuevas fronteras del Der.
Ingeniería y Ciencias Agrarias - Sustentabilidad;https://uca.edu.ar/es/educacion-continua/ingenieria-y-ciencias-agrarias;15 sept 2025 ... El Desarrollo Sostenible en la Gestión de la Empresa: Seminario II. INICIO : CONSULTAR. SEDE: Rosario. MÁS INFO >>. Virtual. Sustentabilidad. El Desarrollo ...
La Facultad en los medios - Facultad de Educación;https://educacion.uncuyo.edu.ar/la-facultad-en-los-medios;12 sept 2025 ... Escuela Martín Zapata UNCUYO | 8 de febrero de 2023 | Docentes de todos ... Seminario de actualización en Psicomotricidad. Prensa UNCUYO | 12 de agosto ...
| Argentina.gob.ar;https://www.argentina.gob.ar/node/204107/noticias;11 sept 2025 ... Seminario Binacional Argentina – Chile sobre intercambio de experiencias ... El Servicio Penitenciario Federal incorporó a sus filas 220 nuevos funcionarios ...
Archivo Novedades UDA;https://www.uda.edu.ar/index.php/archivo-novedades-uda;25 sept 2025 ... Salida al Parque Deportivo de Montaña. 25 Septiembre 2025. Será el 4 de ... Este Seminario impartido por la Universidad Católica de Ávila (España) es ...
El histórico Festival Internacional de Danza de Nuevas Tendencias ...;https://www.mdzol.com/mdz-show/el-historico-festival-internacional-danza-nuevas-tendencias-cumple-30-anos-y-trae-propuestas-imperdibles-n1348574;28 sept 2025 ... Seminario. En el Teatro Independencia (Chile 1184, Ciudad) a las 15 h ... En la Nave Creativa, ubicada en la Nave UNCUYO (Maza 250, Ciudad), a las 19 h.
La Facultad en los medios - Facultad de Educación;https://educacion.uncuyo.edu.ar/la-facultad-en-los-medios;12 sept 2025 ... ... Fadiunc por el banderazo · MDZ | 14 de abril de 2024 | Hipocresía ... Seminario de actualización en Psicomotricidad. Prensa UNCUYO | 12 de agosto ...
Noticias - Facultad de Artes y Diseño;https://fad.uncuyo.edu.ar/categorias/index/noticias;4 sept 2025 ... Se encuentran abiertas las inscripciones para el Seminario de posgrado: Debates feministas en arte y cultura en Latinoamérica. ... Nave UNCUYO y Nave ...
Con más de 1200 atletas arranca la 2da edición del IRONMAN 5i50 ...;https://viapais.com.ar/gualeguaychu/arranca-la-2da-edicion-del-ironman-5i50-en-gualeguaychu/;30 sept 2025 ... Este evento deportivo internacional reúne a más de 1200 atletas que llegan de distintos puntos del país y de la región para desafiarse en tres disciplinas y ...
