title;link;snippet
JORNADA REGIONAL DE PEDIATRIA DEL NEA Inscripción, Vie, 10 ...;https://www.eventbrite.com.ar/e/jornada-regional-de-pediatria-del-nea-registration-1379087340359;30 may 2025 ... Eventbrite - SAP CHACO presenta JORNADA REGIONAL DE PEDIATRIA DEL NEA - Viernes, 10 de octubre de 2025 en Amérian Casino Gala, Resistencia, Chaco.
mayo 2025 – AGDUBA;https://agduba.org.ar/2025/05/;29 may 2025 ... 19 y 20, paro nacional. Miércoles 14/5Salariazo. Jornada nacional de lucha y visibilización Lunes 19 y martes 20/5Paro nacional de la Conadu Histórica – Por ...
Participación del Mgtr. José Álvaro Duarte como docente invitado en ...;https://www.uda.edu.ar/index.php/noticias-psi/1710-participacion-del-dr-jose-alvaro-duarte-como-docente-invitado-en-el-marco-de-la-lic-en-criminalistica;29 may 2025 ... En el marco de las actividades académicas de la Licenciatura en Criminalística, la Facultad de Psicología de la Universidad del Aconcagua tuvo el honor de ...
La emoción del boxeo vuelve al Bustelo con una velada inolvidable;https://www.mdzol.com/sociedad/la-emocion-del-boxeo-vuelve-al-bustelo-una-velada-inolvidable-n1255753;28 may 2025 ... El 20 de junio los fans del boxeo vivirán una jornada única. Pandolfino Box Promotora presenta otra edición de su exitoso ciclo de veladas, ...
La Subsecretaría de Cultura acompaña los 80 años del Hospital ...;https://www.mendoza.gov.ar/prensa/la-subsecretaria-de-cultura-acompana-los-80-anos-del-hospital-central/;27 may 2025 ... Participaron en la jornada el ballet mendocino Querencia Criolla, dirigido por Marcos Verdier. Se trata de una agrupación con mucha trayectoria en los ...
Mendoza Mejora Aprendiendo Matemática: una jornada con foco en ...;https://www.mendoza.edu.ar/jornada-con-foco-en-geometria-y-medida/;26 may 2025 ... ... Jornada Provincial de Formación Docente, bajo el eje «Geometría y Medida». ... Centro de Congresos y Exposiciones Francisco (San Martín), la Escuela 9-004 ...
Instructivo para el cálculo del Aporte de Obra Social – S/Jornada ...;https://www.uncuyo.edu.ar/economica/instructivo-para-el-calculo-del-aporte-de-obra-social-sjornada-completa-damsu-personal-en-relacion-de-dependencia-uncuyo;26 may 2025 ... ... Universidad Nacional de Cuyo (UNCUYO) ... Instructivo para el cálculo del Aporte de Obra Social – S/Jornada Completa (DAMSU) – Personal en Relación de Dependencia ...
EL MUSEO MILITAR ABRE SUS PUERTAS PARA VIVIR EL “DÍA ...;https://www.sanrafael.gov.ar/el-museo-militar-abre-sus-puertas-para-vivir-el-dia-del-ejercito-argentino/;22 may 2025 ... Durante el miércoles 28 y jueves 29 de mayo el museo, ubicado en Avenida Mitre al 5200 de Cuadro Nacional, realizará una jornada de “puertas abiertas”.
XLII Congreso Nacional de Cardiología - Universidad de Mendoza;https://um.edu.ar/noticias/xlii-congreso-nacional-de-cardiologia/;19 may 2025 ... Incluye certificado. b. Jornada Abierta de Salud Cardiovascular | 17 de Mayo 2025 “Día Mundial de la Hipertensión Arterial” Capacitación para enfermeros y ...
Manuel Adorni junto a Javier Milei: Esperando los resultados junto ...;https://www.mdzol.com/politica/2025/5/18/manuel-adorni-junto-javier-milei-esperando-los-resultados-junto-al-presidente-de-la-nacion-1210303.html;17 may 2025 ... Concluida la jornada electoral y con las principales figuras libertarias en el búnker porteño ubicado en el Hotel Libertador, el candidato de La Libertad ...
La inesperada buena noticia que recibió Franco Colapinto a horas ...;https://www.elsol.com.ar/deportes/la-inesperada-buena-noticia-que-recibio-franco-colapinto-a-horas-del-gran-premio-de-espana/;30 may 2025 ... Stroll había quedado 14º, por lo que su lugar quedará vacante en la grilla. Este escenario beneficia directamente a Colapinto, quien había tenido una jornada de ...
La Subsecretaría de Cultura acompaña los 80 años del Hospital ...;https://www.mendoza.gov.ar/prensa/la-subsecretaria-de-cultura-acompana-los-80-anos-del-hospital-central/;27 may 2025 ... ... Teatro Independencia junto a nuestra Orquesta Filarmónica”. De esta manera ... Participaron en la jornada el ballet mendocino Querencia Criolla, dirigido por ...
Estos son los recomendados del fin de semana : Prensa Gobierno ...;https://www.mendoza.gov.ar/prensa/estos-son-los-recomendados-del-fin-de-semana/;22 may 2025 ... En: Teatro Independencia (Chile y Espejo, Ciudad de Mendoza). Domingo 25 de mayo. Festival. A las 12. La Gran Peña del 25 de Mayo. Organizada por la ...
"Pablo Picotto llega a Mendoza con ""Tiempos modernos"" y un taller ...";https://www.mendovoz.com/eskpe/2025/5/5/pablo-picotto-llega-mendoza-con-tiempos-modernos-un-taller-exclusivo-de-comedia-155795.html;4 may 2025 ... La función será el domingo 11 de mayo, a las 20.30, en el Teatro Independencia (Chile 1184). ... Durante la jornada, se explorarán técnicas de stand up ...
APERTURA SESIONES ORDINARIAS 185º PERÍODO LEGISLATIVO;https://www.mendoza.gov.ar/wp-content/uploads/sites/5/2025/05/Anexos-Discruso-2025.pdf;30 abr 2025 ... talecieron espacios emblemáticos como el Teatro Independencia y el Le Parc, y se ... · Se realizó la “II Jornada de Forraje Bajo Riego” el 13 de marzo. · Se ...
Instructivo para el cálculo del Aporte de Obra Social – S/Jornada ...;https://www.uncuyo.edu.ar/economica/instructivo-para-el-calculo-del-aporte-de-obra-social-sjornada-completa-damsu-personal-en-relacion-de-dependencia-uncuyo;26 may 2025 ... ... Universidad Nacional de Cuyo (UNCUYO) ... Instructivo para el cálculo del Aporte de Obra Social – S/Jornada Completa (DAMSU) – Personal en Relación de Dependencia ...
Más de 650 vecinos de Godoy Cruz celebraron en el Bingo ...;https://www.godoycruz.gob.ar/mas-de-650-vecinos-de-godoy-cruz-celebraron-en-el-bingo-aniversario/;10 may 2025 ... Diversión y premios para culminar la jornada. Durante el bingo, cada participante recibió dos cartones para jugar y competir por una serie de premios que ...
APERTURA SESIONES ORDINARIAS 185º PERÍODO LEGISLATIVO;https://www.mendoza.gov.ar/wp-content/uploads/sites/5/2025/05/Anexos-Discruso-2025.pdf;30 abr 2025 ... · Universidad Nacional de Cuyo (UNCuyo): Programa de Capacitación Perma- ... · Se realizó la “II Jornada de Forraje Bajo Riego” el 13 de marzo. · Se ...
Especialistas locales e internacionales resaltaron el impacto de la ...;https://www.uncuyo.edu.ar/prensa/especialistas-locales-e-internacionales-resaltaron-el-impacto-de-la-academia-en-la-gestion-territorial;29 abr 2025 ... En la Jornada de Networking. El rol de las Universidades en el desarrollo regional de Mendoza, que se desarrolló en la Universidad Nacional de Cuyo (UNCUYO) ...
Untitled;https://www.mendoza.gov.ar/wp-content/uploads/sites/26/2025/05/Informe-de-Gestio%CC%81n-2024.pdf;31 may 2025 ... La jornada en honor a la patrona de la música, Santa Cecilia, se realizó por ... Universidad de Mendoza y la. Universidad Nacional de Cuyo. Estas.
El Iscamen y Ambiente presentaron el “Dossier técnico para el ...;https://www.mendoza.gov.ar/prensa/iscamen-y-ambiente-realizaron-una-jornada-de-presentacion-del-dossier-tecnico-para-el-manejo-de-la-chinche-del-arce/;27 may 2025 ... Cuenta con el acompañamiento de las Facultades de Ciencias Médicas de la Universidad Nacional de Cuyo y Universidad de Mendoza. El dossier se propone como ...
Geografía y formación ciudadana. Temas, problemas y debates ...;https://ffyl.uncuyo.edu.ar/cursos/item/geografia-y-formacion-ciudadana-temas-problemas-y-debates-sobre-el-futuro-de-la-organizacion-territorial-de-mendoza;"22 may 2025 ... Amalia Ramírez: Directora de Gestión Ambiental, Municipalidad de Malargüe. ... Jornada; Modalidad: Presencial. Facultad de Filosofía y Letras. » Centro ..."
Feria de Emprendedores Artesanales por el Día del Padre en ...;https://viapais.com.ar/tres-arroyos/feria-de-emprendedores-artesanales-por-el-dia-del-padre-en-gonzales-chaves/;21 may 2025 ... Se realizará el domingo 8 de junio en el Gimnasio Polideportivo Municipal ... Además, durante la jornada habrá propuestas artísticas y culturales ...
Latinoamericanos del Mendoza Film Lab – Sitio oficial;https://www.malargue.gov.ar/tag/latinoamericanos-del-mendoza-film-lab/;20 may 2025 ... La jornada inaugural ofreció una variada selección de proyecciones que ... Municipalidad de Malargüe. Todos los derechos reservados. Accesibilidad. Texto.
Jornada de reflexión: «Los desafíos de la autonomía municipal ...;https://um.edu.ar/noticias/jornada-de-reflexion-los-desafios-de-la-autonomia-municipal/;"20 may 2025 ... El próximo viernes 30 de mayo, desde las 16:00 horas, se desarrollará en el Salón Blanco del Palacio Municipal de Río Cuarto la jornada ""Los desafíos de la…"
Jornada de Conjuntos Inmobiliarios y Propiedad Horizontal ...;https://derecho.uncuyo.edu.ar/primera-jornada-nacional-de-propiedad-horizontal-y-conjuntos-inmobiliarios;19 may 2025 ... ... jornada pensada para debatir, reflexionar y actualizar conocimientos sobre ... Universidad de Mendoza. Coordinadora del Centro de Capacitación e ...
XLII Congreso Nacional de Cardiología - Universidad de Mendoza;https://um.edu.ar/noticias/xlii-congreso-nacional-de-cardiologia/;19 may 2025 ... Incluye certificado. b. Jornada Abierta de Salud Cardiovascular | 17 de Mayo 2025 “Día Mundial de la Hipertensión Arterial” Capacitación para enfermeros y ...
Aída Kemelmajer de Carlucci expondrá sobre prevención del daño ...;https://colabogmza.com.ar/aida-kemelmajer-de-carlucci-expondra-sobre-prevencion-del-dano/;17 may 2025 ... En este contexto, se realizará una jornada de Derecho Civil donde se le entregará un reconocimiento a la Dra. Aida Kemelmajer de Carlucci, coautora del ...
18 de mayo: Día de la Escarapela Argentina - Universidad de ...;https://um.edu.ar/noticias/18-de-mayo-dia-de-la-escarapela-argentina/;17 may 2025 ... En 2025, esta fecha caerá en domingo. Aunque no es un feriado nacional, es una jornada significativa para recordar uno de los símbolos patrios más ...
Walter Bressia fue reelecto como presidente de Bodegas de Argentina;https://mendoza.puntoapunto.com.ar/walter-bressia-fue-reelecto-como-presidente-de-bodegas-de-argentina/;5 may 2025 ... El acto formal de la cámara empresaria del vino se realizó en Bodega Los Toneles ... Fue una muy buena jornada”, expresó el Presidente de Bodegas de Argentina ...
La palabra del día es ataraxia: ¿qué significa?;https://www.diariouno.com.ar/sociedad/la-palabra-del-dia-es-ataraxia-que-significa-n1440405;28 may 2025 ... La palabra del día puede acompañar tu jornada. En esta ocasión ... Mónica Oviedo trabaja en el corazón de la Cordillera de los Andes, enseñando con la.
Por el Día del Geólogo, se realizará una salida de campo para ...;https://www.copigmza.org.ar/por-el-dia-del-geologo-se-realizara-una-salida-de-campo-para-recorrer-proyecto-san-jorge-uspallata/;28 may 2025 ... En el marco del Día del Geólogo, el Consejo Profesional de Ingenieros y Geólogos de Mendoza ... jornada de recorrido guiado por Proyecto San Jorge. Leer más.
El dólar volvió a subir y superó al blue por segunda vez desde abril;https://www.diariouno.com.ar/economia/el-dolar-volvio-subir-y-supero-al-blue-segunda-vez-abril-n1441130;27 may 2025 ... Pero al final del día fue una jornada singular, debido a que todos ... Mónica Oviedo trabaja en el corazón de la Cordillera de los Andes, enseñando con la.
Defensa Civil;https://tupungato.gov.ar/?feed=rss2&cat=45;26 may 2025 ... bordeada por la Cordillera de Los Andes, ubicada en una zona sísmicamente ... a salvar y destaca el accionar correcto. En la misma jornada se deja la ...
Consejo Profesional de Ciencias Económicas de Mendoza ...;https://cpcemza.org.ar/A6072_celebremos-juntos-en-el-sunset-del-graduado;25 may 2025 ... ... jornada de fortalecimiento institucional y profesional. Consejo Profesional de Ciencias Económicas. Av. España 560, Ciudad de Mendoza Provincia de Mendoza ...
Tres cerros para disfrutar el fin de semana en Mendoza: trekking ...;https://www.mdzol.com/estilo/2025/5/23/tres-cerros-para-disfrutar-el-fin-de-semana-en-mendoza-trekking-vistas-naturaleza-1211485.html;22 may 2025 ... La Cordillera de los Andes convierte a Mendoza en un lugar privilegiado para ... La cima ofrece una vista amplia de toda la región, coronando una jornada que ...
Paso Internacional Cristo Redentor: la previsión para los próximos ...;https://www.mdzol.com/sociedad/2025/5/22/paso-internacional-cristo-redentor-la-prevision-para-los-proximos-dias-1211250.html;21 may 2025 ... El sábado se registrará cielo parcialmente nublado en la localidad de Las Cuevas ubicada en la cordillera de los Andes. ... jornada del martes. Desde el ...
Jornada de Conjuntos Inmobiliarios y Propiedad Horizontal ...;https://derecho.uncuyo.edu.ar/primera-jornada-nacional-de-propiedad-horizontal-y-conjuntos-inmobiliarios;19 may 2025 ... ... jornada pensada para debatir, reflexionar y actualizar ... Integrante de la Comisión de Propiedad Horizontal del Consejo Profesional de Ciencias Económicas de ...
Montañas, dique y termas: el pueblo argentino que hay que conocer ...;https://www.mdzol.com/estilo/2025/5/16/montanas-dique-termas-el-pueblo-argentino-que-hay-que-conocer-una-vez-en-la-vida-1209569.html;15 may 2025 ... ... Cordillera de los Andes. Te Podría Interesar. Este pueblo sobre la Ruta 7 ... jornada moderada entre montañas y quebradas. También hay rutas más ...
Mes de ... - Consejo Profesional de Ciencias Económicas de Mendoza;https://cpcemza.org.ar/A6063_mes-de-la-auditoria-interna-el-cpce-mendoza-invita-al-enai-2025;6 may 2025 ... ... jornada de fortalecimiento institucional y profesional. Consejo Profesional de Ciencias Económicas. Av. España 560, Ciudad de Mendoza Provincia de Mendoza ...
Celebración del Día de los Jardines de Infantes en el Espacio ...;https://www.mendoza.gov.ar/prensa/celebracion-del-dia-de-los-jardines-de-infantes-en-el-espacio-cultural-julio-le-parc/;27 may 2025 ... Alumnos de jardines de toda la provincia disfrutaron de una jornada llena de espectáculos infantiles y actividades recreativas. ... espacio Cultural Julio Le Parc ...
Más de 10.000 mendocinos disfrutaron de la Gran Peña del 25 en el ...;https://www.guaymallen.gob.ar/mas-de-10-000-mendocinos-disfrutaron-de-la-gran-pena-del-25-en-el-le-parc/;25 may 2025 ... Más de 10 mil personas colmaron el predio del Espacio Cultural Julio Le Parc ... Esta vez el tiempo acompañó ofreciendo una soleada jornada otoñal. No ...
Postales de la Gran Peña del 25 de Mayo en el Espacio Cultural ...;https://www.mendoza.gov.ar/prensa/postales-de-la-gran-pena-del-25-de-mayo-en-el-espacio-cultural-julio-le-parc/;25 may 2025 ... El canto cuyano y las danzas folclóricas tradicionales fueron protagonistas de la jornada patria, con familias enteras disfrutando del paseo gastronómico ...
Una multitud celebró el 25 de Mayo en el Espacio Cultural Julio Le ...;https://www.mendoza.gov.ar/prensa/una-multitud-celebro-el-25-de-mayo-en-el-espacio-cultural-julio-le-parc/;24 may 2025 ... Este domingo 25 se conmemoró un nuevo aniversario de la Revolución de Mayo y la celebración oficial fue en el Espacio Cultural Julio Le Parc, ubicado en ...
Estos son los recomendados del fin de semana : Prensa Gobierno ...;https://www.mendoza.gov.ar/prensa/estos-son-los-recomendados-del-fin-de-semana/;22 may 2025 ... Espacio Cultural Julio Le Parc | Sala Tito Francia (Mitre y Godoy Cruz, Guaymallén). Sábado 24 de mayo. A las 17.30. Baño de gongs, a cargo de KalyGong. Una ...
Se acerca la Gran Peña del 25 de Mayo en el Le Parc - Guaymallén;https://www.guaymallen.gob.ar/se-acerca-la-gran-pena-del-25-de-mayo-en-el-le-parc/;20 may 2025 ... ... Espacio Cultural Julio Le Parc. El domingo 25, desde las 12h, el canto cuyano y las danzas folclóricas tradicionales serán protagonistas de la jornada ...
Feriado del 25 de Mayo: ¿qué hacer en Mendoza?;https://www.mdzol.com/sociedad/2025/5/20/feriado-del-25-de-mayo-que-hacer-en-mendoza-1210756.html;19 may 2025 ... El próximo domingo se realizará una Gran Peña en el Espacio Cultural Julio Le Parc, pero también otros puntos de la provincia se vestirán de celeste y ...
Educación: se realizó el tercer encuentro de Líderes de Asistencia ...;https://www.mendoza.gov.ar/prensa/educacion-se-realizo-el-tercer-encuentro-de-lideres-de-asistencia/;12 may 2025 ... ... Espacio Cultural Julio Le Parc ... Cabe destacar que, en representación del Ministerio de Salud, el doctor Sergio Saracco asistió a la jornada para compartir con ...
Los festejos por el 25 de Mayo serán en el Espacio Cultural Julio Le ...;https://www.guaymallen.gob.ar/los-festejos-por-el-25-de-mayo-sera-en-el-espacio-cultural-julio-le-parc/;11 may 2025 ... La cita será en el Espacio Cultural Julio Le Parc, ubicado en el Mitre ... Es una jornada que va a empezar al mediodía y que tiene la intención de ...
Esta es la agenda del Espacio Cultural Julio Le Parc para los ...;https://www.mendoza.gov.ar/prensa/esta-es-la-agenda-del-espacio-cultural-julio-le-parc-para-los-proximos-dias/;7 may 2025 ... Esta es la agenda del Espacio Cultural Julio Le Parc para los próximos días ... Cerrando la jornada, a las 21.30, la Compañía Experimental Los Toritos ...
JORNADA REGIONAL DE PEDIATRIA DEL NEA Inscripción, Vie, 10 ...;https://www.eventbrite.com.ar/e/jornada-regional-de-pediatria-del-nea-registration-1379087340359;30 may 2025 ... Eventbrite - SAP CHACO presenta JORNADA REGIONAL DE PEDIATRIA DEL NEA - Viernes, 10 de octubre de 2025 en Amérian Casino Gala, Resistencia, Chaco.
mayo 2025 – AGDUBA;https://agduba.org.ar/2025/05/;29 may 2025 ... 19 y 20, paro nacional. Miércoles 14/5Salariazo. Jornada nacional de lucha y visibilización Lunes 19 y martes 20/5Paro nacional de la Conadu Histórica – Por ...
La emoción del boxeo vuelve al Bustelo con una velada inolvidable;https://www.mdzol.com/sociedad/la-emocion-del-boxeo-vuelve-al-bustelo-una-velada-inolvidable-n1255753;28 may 2025 ... El 20 de junio los fans del boxeo vivirán una jornada única. Pandolfino Box Promotora presenta otra edición de su exitoso ciclo de veladas, ...
La Subsecretaría de Cultura acompaña los 80 años del Hospital ...;https://www.mendoza.gov.ar/prensa/la-subsecretaria-de-cultura-acompana-los-80-anos-del-hospital-central/;27 may 2025 ... Participaron en la jornada el ballet mendocino Querencia Criolla, dirigido por Marcos Verdier. Se trata de una agrupación con mucha trayectoria en los ...
EL MUSEO MILITAR ABRE SUS PUERTAS PARA VIVIR EL “DÍA ...;https://www.sanrafael.gov.ar/el-museo-militar-abre-sus-puertas-para-vivir-el-dia-del-ejercito-argentino/;22 may 2025 ... Durante el miércoles 28 y jueves 29 de mayo el museo, ubicado en Avenida Mitre al 5200 de Cuadro Nacional, realizará una jornada de “puertas abiertas”.
XLII Congreso Nacional de Cardiología - Universidad de Mendoza;https://um.edu.ar/noticias/xlii-congreso-nacional-de-cardiologia/;19 may 2025 ... Incluye certificado. b. Jornada Abierta de Salud Cardiovascular | 17 de Mayo 2025 “Día Mundial de la Hipertensión Arterial” Capacitación para enfermeros y ...
Manuel Adorni junto a Javier Milei: Esperando los resultados junto ...;https://www.mdzol.com/politica/2025/5/18/manuel-adorni-junto-javier-milei-esperando-los-resultados-junto-al-presidente-de-la-nacion-1210303.html;17 may 2025 ... Concluida la jornada electoral y con las principales figuras libertarias en el búnker porteño ubicado en el Hotel Libertador, el candidato de La Libertad ...
Más de 1000 personas visitaron el networking turístico realizado en ...;https://www.maipu.gob.ar/mas-de-1000-personas-visitaron-el-networking-turistico-realizado-en-maipu/;11 may 2025 ... La actividad, organizada por la Asociación Mendocina de Agencias de Viajes y Turismo (AMAVyT), la Municipalidad de Maipú y el Hotel ... Durante la jornada, los ...
Maipú será sede de un networking turístico con prestadores de todo ...;https://www.maipu.gob.ar/maipu-sera-sede-de-un-networking-turistico-con-prestadores-de-todo-el-pais/;5 may 2025 ... Durante la jornada, participarán representantes de diversos ámbitos del turismo nacional e internacional, como operadores mayoristas, hoteles, compañías ...
A UN AÑO DEL TRIPLE LESBICIDIO DE BARRACAS – AGDUBA;https://agduba.org.ar/a-un-ano-del-triple-lesbicidio-de-barracas/;4 may 2025 ... El 6 de mayo del año 2024 Justo Fernando Barrientos irrumpió en una habitación del Hotel ... Nos sumamos a la jornada de lucha convocada por Lesbianes ...
Untitled;https://www.mendoza.gov.ar/wp-content/uploads/sites/26/2025/05/Informe-de-Gestio%CC%81n-2024.pdf;31 may 2025 ... La jornada en honor a la patrona de la música, Santa Cecilia, se realizó por primera vez en 2016 y desde entonces tiene espacio ininterrumpidamente en los ...
Invitan a la 3° Jornada Interdisciplinaria de Seguridad Vial – Sitio ...;https://www.malargue.gov.ar/invitan-a-la-3-jornada-interdisciplinaria-de-seguridad-vial/;26 may 2025 ... ª Jornada Interdisciplinaria de Seguridad Vial, evento preparatorio del 1.º ... Instituto Universitario de Seguridad Pública, la Unidad Ejecutiva de ...
Geografía y formación ciudadana. Temas, problemas y debates ...;https://ffyl.uncuyo.edu.ar/cursos/item/geografia-y-formacion-ciudadana-temas-problemas-y-debates-sobre-el-futuro-de-la-organizacion-territorial-de-mendoza;"22 may 2025 ... Jornada; Modalidad: Presencial. Facultad de Filosofía y Letras. » Centro Universitario » M5502JMA. Mendoza, Argentina. Tel: +54 261 4135000 · Facebook Youtube ..."
Centro de Mediación – Colegio de Abogados y Procuradores;https://colabogmza.com.ar/tag/centro-de-mediacion/;8 may 2025 ... ... jornada teórico práctica gratuita, con dos especialistas sobre la temática ... Magíster Ejecutivo en Mediación y Negociación, por el Instituto Universitario Kurt ...
APERTURA SESIONES ORDINARIAS 185º PERÍODO LEGISLATIVO;https://www.mendoza.gov.ar/wp-content/uploads/sites/5/2025/05/Anexos-Discruso-2025.pdf;30 abr 2025 ... temente autorizado por el Instituto Nacional de Vitivinicultura. La cantidad ... · Se realizó la “II Jornada de Forraje Bajo Riego” el 13 de marzo.
Marinelli presentó en sociedad el área de control de agua potable y ...;https://www.mendoza.gov.ar/prensa/marinelli-presento-en-sociedad-el-area-de-control-de-agua-potable-y-saneamiento/;29 abr 2025 ... Al mismo tiempo, se presentó el informe del Instituto Universitario del Agua y del Saneamiento (IUAS). ... Uno de los puntos destacados de la jornada se refirió a ...
Biritos se sumó a la inclusión con el encuentro «Todos al agua ...;https://www.godoycruz.gob.ar/biritos-se-sumo-la-inclusion-encuentro-todos-al-agua/;31 may 2025 ... Durante la jornada, municipios y clubes se unieron para celebrar el deporte ... Municipalidad de Godoy Cruz. Dirección. Rivadavia 448. Horario. Lunes a ...
Más de 1200 niños celebraron el Día de los Jardines en el Espacio ...;https://www.godoycruz.gob.ar/mas-1200-ninos-celebraron-dia-los-jardines-espacio-arizu/;27 may 2025 ... Es que docentes, auxiliares y equipos directivos acompañaron a los pequeños protagonistas de la jornada en cada actividad. ... Municipalidad de Godoy Cruz.
Encuentro para el bienestar: charla de acompañamiento para ...;https://www.godoycruz.gob.ar/encuentro-bienestar-charla-acompanamiento-personas-mayores/;22 may 2025 ... El lunes 2 de junio, el Centro de Jubilados «Rosas de Otoño» abrirá sus puertas para una jornada gratuita de contención, escucha activa y reflexión destinada a ...
El intendente de Godoy Cruz convocó a sus pares para frenar los ...;https://www.diariouno.com.ar/sociedad/el-intendente-godoy-cruz-convoco-sus-pares-frenar-los-casos-alcohol-al-volante-n1439472;22 may 2025 ... En esa jornada, se detectó a 21 conductores ebrios en Godoy Cruz. Fuente: Prensa de la Municipalidad de Godoy Cruz. Temas relacionados. Godoy Cruz · Diego ...
El locro más grande de Mendoza se prepara en Las Heras ...;https://www.mendovoz.com/las-heras/la-comuna/2025/5/23/el-locro-mas-grande-de-mendoza-se-prepara-en-las-heras-156516.html;22 may 2025 ... La Municipalidad de Las Heras celebrará el 25 de Mayo con actividades ... La jornada se extenderá hasta las 18.30 y Leo Riveros estará a cargo del gran ...
Llega el estacionamiento medido digital: más moderno, ágil y ...;https://www.godoycruz.gob.ar/llega-estacionamiento-medido-digital-mas-moderno-agil-sustentable/;20 may 2025 ... Los agentes de estacionamiento mantendrán su rutina habitual, iniciando su jornada en el punto de control donde se les asignará la zona de trabajo. Luego ...
Licencia de Conducir Profesional - Godoy Cruz;https://www.godoycruz.gob.ar/centro-emision-licencias-conducir/licencia-conducir-profesional/;18 may 2025 ... Para solicitud de categoría ”D”, el curso vial y los exámenes se desarrollarán en la misma jornada ... No poseer multas en la Municipalidad de Godoy Cruz.
Se celebró el día mundial del reciclaje con actividades para ...;https://www.godoycruz.gob.ar/se-celebro-dia-mundial-del-reciclaje-actividades-promover-la-conciencia-ambiental/;15 may 2025 ... La jornada de reciclaje permitió recolectar materiales electrónicos en desuso. ... Municipalidad de Godoy Cruz. Dirección. Rivadavia 448. Horario. Lunes a ...
Una noche mágica entre leyendas y tradición en el Museo del Vino ...;https://www.maipu.gob.ar/10602-2/;15 may 2025 ... Una noche mágica entre leyendas y tradición en el Museo del Vino en Maipú ... La jornada está inspirada en mitos y leyendas del folclore cuyano, donde se ...
Las actividades del Municipio por el Día Mundial del Reciclaje ...;https://www.godoycruz.gob.ar/las-actividades-del-municipio-dia-mundial-del-reciclaje/;12 may 2025 ... Así, se conmemorará la jornada y se apuntará a tomar conciencia sobre la importancia de proteger el ambiente. ... Municipalidad de Godoy Cruz. Dirección.
Feria de Emprendedores Artesanales por el Día del Padre en ...;https://viapais.com.ar/tres-arroyos/feria-de-emprendedores-artesanales-por-el-dia-del-padre-en-gonzales-chaves/;21 may 2025 ... Se realizará el domingo 8 de junio en el Gimnasio Polideportivo Municipal ... Además, durante la jornada habrá propuestas artísticas y culturales ...
Mañana muy fría en Mendoza, con leve ascenso de la temperatura;https://www.elsol.com.ar/mendoza/manana-muy-fria-en-mendoza-con-leve-ascenso-de-la-temperatura/;19 may 2025 ... Para esta jornada, la Dirección de Contingencias Climáticas indica: “Poca ... Desde la UNCuyo a la Plaza Independencia: comenzó la Marcha Federal ...
El Paso a Chile continúa cerrado: hay intensas nevadas en alta ...;https://www.elsol.com.ar/mendoza/el-paso-a-chile-continua-cerrado-hay-intensas-nevadas-en-alta-montana/;18 may 2025 ... ... jornada. Las principales temperaturas: Uspallata: 2 grados. Punta de Vaca: -2 grados. Puente del Inca: -6 grados. Las Cuevas: -7 grados. Cómo está el ...
Cómo está el Paso a Chile este lunes 12 de mayo;https://www.elsol.com.ar/mendoza/como-esta-el-paso-a-chile-este-lunes-12-de-mayo/;11 may 2025 ... ... jornada estará poco nuboso en cordillera. Este lunes, se registran las siguientes temperaturas: Uspallata: 5°. Punta de Vaca: 2°. Puente del Inca: – 2°. Las ...
El Paso Cristo Redentor se encuentra cerrado por nevadas: hasta ...;https://www.elcucodigital.com/el-paso-cristo-redentor-se-encuentra-cerrado-por-nevadas-hasta-cuando/;7 may 2025 ... ... jornada, se espera la llegada de un sistema de inestabilidad con nevadas ... Punta de Vaca: -3 grados. Puente del Inca: -6 grados. Las Cuevas: -7 ...
El Paso a Chile, cerrado: cuándo reabrirá el corredor fronterizo y ...;https://www.elsol.com.ar/mendoza/el-paso-a-chile-cerrado-cuando-reabrira-el-corredor-fronterizo/;7 may 2025 ... ... jornada se avecina para alta montaña un sistema de inestabilidad con nevadas ... Punta de Vaca: -3 grados. Puente del Inca: -6 grados. Las Cuevas: -7 ...
Ventoso y con descenso de la temperatura: así estará el tiempo en ...;https://www.elsol.com.ar/mendoza/ventoso-y-con-descenso-de-la-temperatura-asi-esta-el-tiempo-en-mendoza/;1 may 2025 ... La temperatura máxima prevista para la jornada podría llegar a los 23 grados. ... En fotos: la marcha universitaria llegó a la Plaza Independencia septiembre 17, ...
La gota que rebalsó el vaso en la frontera argentina y podría ...;https://www.elsol.com.ar/mendoza/la-gota-que-rebalso-el-vaso-en-la-frontera-argentina-y-podria-generar-problemas-en-el-paso-a-chile/;1 may 2025 ... ... jornada que registró mucho movimiento, con ingresos que llegaron a las 4.500 personas. ... En fotos: la marcha universitaria llegó a la Plaza Independencia ...
Una víctima declaró y aportó nuevos detalles: cómo siguen las ...;https://www.elsol.com.ar/policiales/una-victima-declaro-y-aporto-nuevos-detalles-como-siguen-las-causas-contra-el-monstruo-de-las-heras/;30 abr 2025 ... Efectivos de Investigaciones intensificaron durante la jornada de este ... En fotos: la marcha universitaria llegó a la Plaza Independencia septiembre 17, 2025 5: ...
“Yo Creo”, la iniciativa que inspira compromiso y transforma el futuro ...;https://www.mendoza.gov.ar/prensa/yo-creo-la-iniciativa-que-inspira-compromiso-y-transforma-el-futuro-de-ninas-ninos-y-adolescentes/;30 may 2025 ... Para conmemorar este primer aniversario, se llevó a cabo una jornada de reflexión y balance en la Facultad de Ciencias Políticas y Sociales de la Universidad ...
Facultad Abierta 2025 - Facultad de Ciencias Económicas;https://fce.uncuyo.edu.ar/facultad-abierta-2025;29 may 2025 ... Universidad Nacional de Cuyo, carreras, estudios e investigación ... Esta jornada representa una valiosa oportunidad para conocer la vida ...
mayo 2025 – AGDUBA;https://agduba.org.ar/2025/05/;29 may 2025 ... La Universidad no es una excepción. Esta pauperización se ve ... jornada de clases públicas en la Plaza de Mayo. Desgastan y desmoralizan las ...
Universidad Católica Argentina - UCA;https://uca.edu.ar/es/comunicacion-institucional/noticias;29 may 2025 ... Jornada en la UCA a 10 años de Laudato si' - De la ecología integral a la Inteligencia Artificial- 5/8/25 · Las novedades de la Facultad de Teología de la UCA ...
Universidad Católica Argentina - UCA;https://uca.edu.ar/es/facultad-de-artes-y-ciencias-musicales/instituto-de-investigacion-musicologica-carlos-vega/xvi-semana-de-la-musica-y-la-musicologia;29 may 2025 ... I Jornada Investigación Musical UCA-UNTREF. Teléfono: 0810-2200-822 (UCA) Buenos Aires Av. Alicia Moreau de Justo 1300 (C1107AAZ). C.A.B.A.. Mendoza Uruguay ...
Destacados referentes dictarán la jornada de capacitación para ...;https://www.mendoza.gov.ar/prensa/destacados-referentes-dictaran-lajornada-de-capacitacion-para-educacion-privadael-futuro-se-disena/;29 may 2025 ... El jueves 5 de junio, en la Nave Cultural de Mendoza, se llevará a cabo una nueva Jornada de Educación Privada, organizada de forma conjunta con las cámaras que ...
El Semillero Científico de la FCM presenta sus informes finales de ...;https://fcm.uncuyo.edu.ar/el-semillero-cientifico-de-la-fcm-presenta-sus-informes-finales-de-beca;28 may 2025 ... Se trata de la Primer Jornada Institucional de Investigación de Estudiantes: Semillero Científico FCM, que se celebrará el martes 3 de junio, de 12 a 14:30, ...
El Iscamen y Ambiente presentaron el “Dossier técnico para el ...;https://www.mendoza.gov.ar/prensa/iscamen-y-ambiente-realizaron-una-jornada-de-presentacion-del-dossier-tecnico-para-el-manejo-de-la-chinche-del-arce/;27 may 2025 ... Cuenta con el acompañamiento de las Facultades de Ciencias Médicas de la Universidad Nacional de Cuyo y Universidad de Mendoza. El dossier se propone como ...
Jornada homenaje: El Arbitraje Societario;https://uca.edu.ar/es/eventos/jornada-homenaje-el-arbitraje-societario;27 may 2025 ... Homenaje al Prof. Jaime Luis Anaya a 100 años de su natalicio. La Facultad de Derecho de la UCA invita a participar de la jornada “El Arbitraje Societario”, ...
Jornada académica en homenaje a Susana Cures;https://uca.edu.ar/es/eventos/jornada-academica-en-homenaje-a-susana-cures;27 may 2025 ... El Centro de Derecho Civil de la Facultad de Derecho de la UCA - sede Buenos Aires - invita a participar de una jornada académica en reconocimiento a la ...
Untitled;https://www.mendoza.gov.ar/wp-content/uploads/sites/26/2025/05/Informe-de-Gestio%CC%81n-2024.pdf;31 may 2025 ... La jornada en honor a la patrona de la música, Santa Cecilia, se realizó por primera vez en 2016 y desde entonces tiene espacio ininterrumpidamente en los ...
Horóscopo de hoy domingo 1 de junio de 2025 para los Signos de ...;https://www.diariouno.com.ar/sociedad/horoscopo-hoy-domingo-1-junio-2025-los-signos-tierra-tauro-virgo-y-capricornio-n1440924;30 may 2025 ... Querido Tauro, este domingo se presenta como una jornada ideal para la introspección y el disfrute de tu hogar. La energía lunar te invita a consolidar tus ...
Con Lionel Messi de titular antes de las Eliminatorias, Inter Miami se ...;https://www.diariouno.com.ar/ovacion/futbol/con-lionel-messi-titular-antes-las-eliminatorias-inter-miami-se-enfrenta-columbus-crew-la-mls-n1441993;30 may 2025 ... El conjunto de Florida, con el astro argentino, disputa una nueva jornada por la Conferencia Este.
“Yo Creo”, la iniciativa que inspira compromiso y transforma el futuro ...;https://www.mendoza.gov.ar/prensa/yo-creo-la-iniciativa-que-inspira-compromiso-y-transforma-el-futuro-de-ninas-ninos-y-adolescentes/;30 may 2025 ... Para conmemorar este primer aniversario, se llevó a cabo una jornada de ... Universidad Nacional de Cuyo. La actividad reunió a autoridades ...
La Delegación celebró su Acto Académico 2025 - Facultad de ...;https://fce.uncuyo.edu.ar/la-delegacion-celebro-un-nuevo-acto-de-juramento;29 may 2025 ... En una jornada colmada de emociones, la Delegación San Rafael de la nuestra ... Universidad Nacional de Cuyo. El acto comenzó con la presentación ...
Facultad Abierta 2025 - Facultad de Ciencias Económicas;https://fce.uncuyo.edu.ar/facultad-abierta-2025;29 may 2025 ... Universidad Nacional de Cuyo, carreras, estudios e investigación ... Esta jornada representa una valiosa oportunidad para conocer la vida ...
La queja de docentes de Uspallata: Nos avisan que suspenden las ...;https://www.diariouno.com.ar/sociedad/la-queja-docentes-uspallata-nos-avisan-que-suspenden-las-clases-cuando-estamos-llegar-n1441263;29 may 2025 ... Lleva 15 años recorriendo la Ruta 7, una vía internacional que bordea precipicios y tiene escasa banquina. En cada jornada invernal, se enfrenta a lo mismo, ...
El Semillero Científico de la FCM presenta sus informes finales de ...;https://fcm.uncuyo.edu.ar/el-semillero-cientifico-de-la-fcm-presenta-sus-informes-finales-de-beca;28 may 2025 ... Se trata de la Primer Jornada Institucional de Investigación de Estudiantes: Semillero Científico FCM, que se celebrará el martes 3 de junio, de 12 a 14:30, ...
Jornadas-Taller de Redacción de Escritos Judiciales bajo la óptica ...;https://derecho.uncuyo.edu.ar/jornadas-taller-de-redaccion-de-escritos-judiciales-bajo-la-optica-del-codigo-procesal-civil-comercial-y-tributario-de-la-provincia-de-mendoza;28 may 2025 ... 1. Bienvenida y Presentación de la Jornada (15 minutos) Prof. · 2. Módulo 1: Introducción al Código Procesal Civil, Comercial y Tributario de la Provincia de ...
El Iscamen y Ambiente presentaron el “Dossier técnico para el ...;https://www.mendoza.gov.ar/prensa/iscamen-y-ambiente-realizaron-una-jornada-de-presentacion-del-dossier-tecnico-para-el-manejo-de-la-chinche-del-arce/;27 may 2025 ... Cuenta con el acompañamiento de las Facultades de Ciencias Médicas de la Universidad Nacional de Cuyo y Universidad de Mendoza. El dossier se propone como ...
JORNADA REGIONAL DE PEDIATRIA DEL NEA Inscripción, Vie, 10 ...;https://www.eventbrite.com.ar/e/jornada-regional-de-pediatria-del-nea-registration-1379087340359;30 may 2025 ... Eventbrite - SAP CHACO presenta JORNADA REGIONAL DE PEDIATRIA DEL NEA - Viernes, 10 de octubre de 2025 en Amérian Casino Gala, Resistencia, Chaco.
mayo 2025 – AGDUBA;https://agduba.org.ar/2025/05/;29 may 2025 ... 19 y 20, paro nacional. Miércoles 14/5Salariazo. Jornada nacional de lucha y visibilización Lunes 19 y martes 20/5Paro nacional de la Conadu Histórica – Por ...
La emoción del boxeo vuelve al Bustelo con una velada inolvidable;https://www.mdzol.com/sociedad/la-emocion-del-boxeo-vuelve-al-bustelo-una-velada-inolvidable-n1255753;28 may 2025 ... El 20 de junio los fans del boxeo vivirán una jornada única. Pandolfino Box Promotora presenta otra edición de su exitoso ciclo de veladas, ...
La Subsecretaría de Cultura acompaña los 80 años del Hospital ...;https://www.mendoza.gov.ar/prensa/la-subsecretaria-de-cultura-acompana-los-80-anos-del-hospital-central/;27 may 2025 ... Participaron en la jornada el ballet mendocino Querencia Criolla, dirigido por Marcos Verdier. Se trata de una agrupación con mucha trayectoria en los ...
EL MUSEO MILITAR ABRE SUS PUERTAS PARA VIVIR EL “DÍA ...;https://www.sanrafael.gov.ar/el-museo-militar-abre-sus-puertas-para-vivir-el-dia-del-ejercito-argentino/;22 may 2025 ... Durante el miércoles 28 y jueves 29 de mayo el museo, ubicado en Avenida Mitre al 5200 de Cuadro Nacional, realizará una jornada de “puertas abiertas”.
XLII Congreso Nacional de Cardiología - Universidad de Mendoza;https://um.edu.ar/noticias/xlii-congreso-nacional-de-cardiologia/;19 may 2025 ... Incluye certificado. b. Jornada Abierta de Salud Cardiovascular | 17 de Mayo 2025 “Día Mundial de la Hipertensión Arterial” Capacitación para enfermeros y ...
Manuel Adorni junto a Javier Milei: Esperando los resultados junto ...;https://www.mdzol.com/politica/2025/5/18/manuel-adorni-junto-javier-milei-esperando-los-resultados-junto-al-presidente-de-la-nacion-1210303.html;17 may 2025 ... Concluida la jornada electoral y con las principales figuras libertarias en el búnker porteño ubicado en el Hotel Libertador, el candidato de La Libertad ...
Más de 1000 personas visitaron el networking turístico realizado en ...;https://www.maipu.gob.ar/mas-de-1000-personas-visitaron-el-networking-turistico-realizado-en-maipu/;11 may 2025 ... La actividad, organizada por la Asociación Mendocina de Agencias de Viajes y Turismo (AMAVyT), la Municipalidad de Maipú y el Hotel ... Durante la jornada, los ...
El PJ de Mendoza confirmó una cita clave para definir su interna;https://www.elsol.com.ar/mendoza/el-pj-de-mendoza-definio-una-cita-clave-para-definir-su-interna/;5 may 2025 ... Uno de los puntos más relevantes de la jornada fue la convocatoria al ... Con estas definiciones, el Partido Justicialista de Mendoza reafirma su ...
Maipú será sede de un networking turístico con prestadores de todo ...;https://www.maipu.gob.ar/maipu-sera-sede-de-un-networking-turistico-con-prestadores-de-todo-el-pais/;5 may 2025 ... Durante la jornada, participarán representantes de diversos ámbitos del turismo nacional e internacional, como operadores mayoristas, hoteles, compañías ...
Una noche mágica entre leyendas y tradición en el Museo del Vino ...;https://www.maipu.gob.ar/10602-2/;15 may 2025 ... ... Museo Nacional del Vino y la Vendimia, Ozamis 914, con entrada libre, gratuita y para todo público. La jornada está inspirada en mitos y leyendas del ...
La UM festejó su 65ª Aniversario - Universidad de Mendoza;https://um.edu.ar/noticias/la-um-festejo-su-65a-aniversario/;"13 may 2025 ... El Sr Rector de la Universidad Maza, Dr. Daniel Miranda; El Sr. Rector de la ... jornada, aportando un marco solemne y emotivo a este día tan significativo."
El atraco al camión blindado en la UMaza y un policía asesinado en ...;https://www.diariouno.com.ar/sociedad/el-atraco-al-camion-blindado-la-umaza-y-un-policia-asesinado-una-balacera-descomunal-n1428703;3 may 2025 ... Un puñado de pasos separa de la Universidad Maza a dos funcionarios ... Al cierre de la jornada, la jueza Nancy Lecek le impuso una pena de prisión ...
APERTURA SESIONES ORDINARIAS 185º PERÍODO LEGISLATIVO;https://www.mendoza.gov.ar/wp-content/uploads/sites/5/2025/05/Anexos-Discruso-2025.pdf;30 abr 2025 ... Inmueble, la Universidad Maza, la Universidad Nacional de Cuyo, municipalidades, ... · Se realizó la “II Jornada de Forraje Bajo Riego” el 13 de marzo. · Se ...
Estos son los recomendados del fin de semana : Prensa Gobierno ...;https://www.mendoza.gov.ar/prensa/estos-son-los-recomendados-del-fin-de-semana/;22 may 2025 ... 70 aniversario de la Alianza Francesa. ... En la oportunidad, el canto cuyano y las danzas folclóricas tradicionales serán protagonistas de la jornada patria.
Una noche mágica entre leyendas y tradición en el Museo del Vino ...;https://www.maipu.gob.ar/10602-2/;15 may 2025 ... ... Museo Nacional del Vino y la Vendimia, Ozamis 914, con entrada libre, gratuita y para todo público. La jornada está inspirada en mitos y leyendas del ...
El 170º aniversario de Godoy Cruz se celebra a lo grande - Godoy ...;https://www.godoycruz.gob.ar/170o-aniversario-godoy-cruz-se-celebra-lo-grande3/;7 may 2025 ... También el Parque Benegas se adhiere a los festejos con la Feria de Intercambio de Coleccionables. En esta ocasión, a partir de las 15, se viene una jornada ...
Pura ternura: fotos, historias y mucho amor detrás de la maratón ...;https://www.mdzol.com/estilo/2025/5/18/pura-ternura-fotos-historias-mucho-amor-detras-de-la-maraton-animal-de-mendoza-1210146.html;17 may 2025 ... ... jornada, mientras otros se pasaron por los diferentes stands de venta de ... La Municipalidad de Mendoza, además de promover el deporte y la vida sana ...
Derecho Penal – Colegio de Abogados y Procuradores;https://colabogmza.com.ar/tag/derecho-penal/;21 may 2025 ... ... Jornada, jornada de capacitación, penal, técnicas de litigación · Mariano ... Poder Judicial · Eugenio R. Zaffaroni: Videoconferencia sobre el Derecho ...
Jornada especial por los 10 años de Laudato si;https://uca.edu.ar/es/noticias/jornada-especial-por-los-10-anos-de-laudato-si;21 may 2025 ... Jornada especial por los 10 años de Laudato si'. Noticias UCA > Jornada ... Lorenzetti remarcó la presencia de distintos representantes del Poder Judicial ...
Mendoza se posiciona como polo de innovación tecnológica con un ...;https://www.mendoza.gov.ar/prensa/mendoza-se-posiciona-como-polo-de-innovacion-tecnologica-con-un-gran-evento-sobre-ia/;8 may 2025 ... Se abordarán temas como la aplicación de la inteligencia artificial en el Poder Judicial ... La jornada culminará con un sunset tech, ofreciendo un espacio de ...
Centro de Mediación – Colegio de Abogados y Procuradores;https://colabogmza.com.ar/tag/centro-de-mediacion/;8 may 2025 ... ... Poder Judicial”, señaló al tiempo que explicaba que se trata de una comisión ... jornada teórico práctica gratuita, con dos especialistas sobre la ...
Invitan a Jornada Interdisciplinaria de Seguridad Vial – Colegio de ...;https://colabogmza.com.ar/invitan-a-jornada-interdisciplinaria-de-seguridad-vial/;28 may 2025 ... Invitan a Jornada Interdisciplinaria de Seguridad Vial. Se realizará el 24 y 25 de junio, de 9 a 18, en la Nave Cultural. La 3º Jornada Interdisciplinaria de ...
Sin paciencia: los hinchas de River se hartaron de un jugador y ...;https://www.diariouno.com.ar/ovacion/futbol/sin-paciencia-los-hinchas-river-se-hartaron-un-jugador-y-estallaron-los-memes-n1440755;27 may 2025 ... River igualó ante Universitario de Perú en El Monumental, por el partido correspondiente a la Jornada 6 de la Copa Libertadores. Luego del empate, enojados ...
Invitan a la 3° Jornada Interdisciplinaria de Seguridad Vial – Sitio ...;https://www.malargue.gov.ar/invitan-a-la-3-jornada-interdisciplinaria-de-seguridad-vial/;26 may 2025 ... ª Jornada Interdisciplinaria de Seguridad Vial, evento preparatorio del 1.º Congreso Internacional de Seguridad Vial y del 2.º Congreso Andino de ...
Defensa Civil;https://tupungato.gov.ar/?feed=rss2&cat=45;26 may 2025 ... ... Andino, explica el profesor Francisco Mingorance. Cómo actuar antes ... a salvar y destaca el accionar correcto. En la misma jornada se deja la ...
Habemus Papas: el festival de alta cocina que honra la tradición ...;https://ecocuyo.com/nota/148672/habemus-papas-el-festival-de-alta-cocina-que-honra-la-tradicion-andina-en-el-valle-de-uco/;26 may 2025 ... Con el objetivo de poner en valor el cultivo ancestral de la papa y su diversidad en la gastronomía local, Tierras Atamisque será el escenario de una jornada ...
Fluidez y Comprensión Lectora: Mendoza comparte su experiencia ...;https://www.mendoza.gov.ar/prensa/fluidez-y-comprension-lectora-mendoza-comparte-su-experiencia-en-la-region/;25 may 2025 ... La jornada continuó con la visita de esta comitiva a la Escuela 1-256 República de Chile, donde compartieron junto a docentes, directivos y estudiantes y ...
Marista empató con Los Tordos y continúa en lo alto del hockey ...;https://www.mdzol.com/deportes/2025/5/25/marista-empato-con-los-tordos-continua-en-lo-alto-del-hockey-sobre-cesped-1211917.html;24 may 2025 ... La jornada había comenzado el jueves con el empate 1-1 entre Banco Mendoza ... Andino repartieron puntos al finalizar 2-2 (los penales fueron para las ...
Geografía y formación ciudadana. Temas, problemas y debates ...;https://ffyl.uncuyo.edu.ar/cursos/item/geografia-y-formacion-ciudadana-temas-problemas-y-debates-sobre-el-futuro-de-la-organizacion-territorial-de-mendoza;"22 may 2025 ... Marcela Andino. Secretaria de Gestión Institucional del Departamento General ... Jornada; Modalidad: Presencial. Facultad de Filosofía y Letras. » Centro ..."
Derecho Penal – Colegio de Abogados y Procuradores;https://colabogmza.com.ar/tag/derecho-penal/;21 may 2025 ... La jornada, que programó la Comisión de Derecho Penal del Colegio ... Jornada, jornada de capacitación, penal, técnicas de litigación · Mariano ...
El paso Cristo Redentor se mantiene habilitado para todo tipo de ...;https://www.mendovoz.com/guru-andino/2025/5/16/el-paso-cristo-redentor-se-mantiene-habilitado-para-todo-tipo-de-vehiculos-156264.html;15 may 2025 ... Paso Cristo Redentor. GURU ANDINO. Por Redacción MendoVoz. 16/5/2025 ... En un primer momento se anunció que durante la jornada el cruce solo estaría ...
Geografía y formación ciudadana. Temas, problemas y debates ...;https://ffyl.uncuyo.edu.ar/cursos/item/geografia-y-formacion-ciudadana-temas-problemas-y-debates-sobre-el-futuro-de-la-organizacion-territorial-de-mendoza;"22 may 2025 ... Secretaria de Gestión Institucional del Departamento General de Irrigación de la Provincia de Mendoza; Dr. ... Jornada; Modalidad: Presencial. Facultad de ..."
Los organismos sectoriales visitaron el proyecto PSJ Cobre ...;https://www.mendoza.gov.ar/prensa/los-organismos-sectoriales-visitaron-el-proyecto-psj-cobre-mendocino/;5 may 2025 ... Esta jornada representó un paso significativo en el proceso de evaluación, ya que permitió a los organismos contar con información técnica de primera mano ...
OBRA: Departamento: MAIPÚ Provincia: MENDOZA;https://www.mendoza.gov.ar/wp-content/uploads/sites/100/2025/04/Pliego_RP_33_Tr_20_-_31_-_Num_-_Expte.pdf;30 abr 2025 ... final de cada jornada quedará estacionado en el Obrador o donde disponga el Contratista, quien será el único responsable por el uso de la movilidad según lo ...
APERTURA SESIONES ORDINARIAS 185º PERÍODO LEGISLATIVO;https://www.mendoza.gov.ar/wp-content/uploads/sites/5/2025/05/Anexos-Discruso-2025.pdf;30 abr 2025 ... El Departamento General de Irrigación, enfocado en establecer un control sobre ... · Se realizó la “II Jornada de Forraje Bajo Riego” el 13 de marzo. · Se ...
PLIEGO DE ESPECIFICACIONES TÉCNICAS ...;https://www.mendoza.gov.ar/wp-content/uploads/sites/100/2025/04/Pliegos-ambientales-PETSA-y-PGAS.pdf;30 abr 2025 ... avisar con la necesaria antelación al Departamento General de Irrigación, para que ... El Código de Conducta será aplicable tanto durante la jornada laboral, como ...
Marinelli presentó en sociedad el área de control de agua potable y ...;https://www.mendoza.gov.ar/prensa/marinelli-presento-en-sociedad-el-area-de-control-de-agua-potable-y-saneamiento/;29 abr 2025 ... ... Departamento General de Irrigación. Para ello, me acompaña Sebastián Pulido ... Uno de los puntos destacados de la jornada se refirió a la reunión ...
Más de 3.200 docentes de primaria se forman en matemática ...;https://www.mendoza.gov.ar/prensa/mas-de-3-200-docentes-de-primaria-se-forman-en-matematica/;30 may 2025 ... En San Rafael, la subsecretaria de Educación, Claudia Ferrari, participó rm la jornada que se desarrolló en un colmado teatro de la Escuela 1-270 Rodolfo Iselín ...
La escuela Dr Pedro Nolasco Ferreyra vivenció una gran jornada ...;https://www.mendoza.edu.ar/la-escuela-dr-pedro-nolasco-ferreyra-vivencio-una-gran-jornada-patriotica/;29 may 2025 ... La escuela Dr Pedro Nolasco Ferreyra vivenció una gran jornada patriótica ... La comunidad educativa participó de un emotivo acto para conmemorar los 215ª ...
XVI Semana de la Música y la Musicología;https://uca.edu.ar/es/facultad-de-artes-y-ciencias-musicales/instituto-de-investigacion-musicologica-carlos-vega/xvi-semana-de-la-musica-y-la-musicologia;29 may 2025 ... I Jornada Investigación Musical UCA-UNTREF. Teléfono: 0810-2200-822 (UCA) Buenos Aires Av. Alicia Moreau de Justo 1300 (C1107AAZ). C.A.B.A.. Mendoza Uruguay ...
Jornada homenaje: El Arbitraje Societario;https://uca.edu.ar/es/eventos/jornada-homenaje-el-arbitraje-societario;27 may 2025 ... Homenaje al Prof. Jaime Luis Anaya a 100 años de su natalicio. La Facultad de Derecho de la UCA invita a participar de la jornada “El Arbitraje Societario”, ...
Jornada académica en homenaje a Susana Cures;https://uca.edu.ar/es/eventos/jornada-academica-en-homenaje-a-susana-cures;27 may 2025 ... El Centro de Derecho Civil de la Facultad de Derecho de la UCA - sede Buenos Aires - invita a participar de una jornada académica en reconocimiento a la ...
Mendoza Mejora Aprendiendo Matemática: una jornada con foco en ...;https://www.mendoza.edu.ar/jornada-con-foco-en-geometria-y-medida/;26 may 2025 ... ... Escuela 9-004 General A. Toribio de Luzuriaga (Tunuyán) y la Escuela PS-029 Del Carmen (San Rafael). Durante la jornada se trabajaron temas centrales como ...
Más de 5 mil personas cantaron Viva la Patria en Luján - Luján de ...;https://lujandecuyo.gob.ar/2025/05/26/mas-de-5-mil-personas-cantaron-viva-la-patria-en-lujan/;25 may 2025 ... Bajo la dirección del gran Lito Vitale y con la participación especial de Juan Carlos Baglietto, así se configuró el cancionero de la jornada: • Hilda ...
Deportes celebró el Día de los Jardines con una jornada recreativa ...;https://www.mendoza.gov.ar/prensa/deportes-celebro-el-dia-de-los-jardines-con-una-jornada-recreativa-en-el-aconcagua-arena/;22 may 2025 ... La jornada, que reunió a unos mil niños y niñas de instituciones educativas del Gran Mendoza, Junín y Rivadavia, incluyó juegos, merienda, actividades ...
Con distintas actividades, Mendoza conmemora un nuevo ...;https://www.mendoza.gov.ar/prensa/con-distintas-actividades-mendoza-conmemora-un-nuevo-aniversario-del-25-de-mayo/;21 may 2025 ... 22 DE MAYO, 2025. El canto cuyano, las danzas folclóricas tradicionales y comidas típicas serán protagonistas de la jornada patria a lo largo de toda la ...
Mons. Vincenzo Paglia y Ricardo Lorenzetti cerraron una jornada ...;https://uca.edu.ar/es/noticias/mons-vincenzo-paglia-y-ricardo-lorenzetti-cerraron-una-jornada-especial-en-la-uca-por-los-10-anos-de-laudato-si;21 may 2025 ... ... jornada especial en la UCA por los 10 años de Laudato si'. El miércoles 21 de mayo se llevó a cabo en el Campus Puerto Madero de la UCA la jornada “A 10 años ...
Todas las fotos y Sociales de un día lleno de amigos, locro y música;https://www.mdzol.com/estilo/2025/5/27/todas-las-fotos-sociales-de-un-dia-lleno-de-amigos-locro-musica-1212308.html;26 may 2025 ... ... jornada hermosa. ¡Mirá las fotos ... Esperan la llegada de muchos visitantes a la Plaza Chile. En Mendoza viven 32 mil ...
Malargüe celebra la Semana de la Miel 2025 – Sitio oficial;https://www.malargue.gov.ar/malargue-celebra-la-semana-de-la-miel-2025/;15 may 2025 ... 3° premio: $30.000 + entradas al Complejo Planetario Malargüe para todo el curso. Por último el sábado 24 de mayo, las actividades cerrarán con una jornada ...
Invitan al Nuevo taller «Cultivo de gírgolas en troncos de álamos ...;https://www.malargue.gov.ar/invitan-al-nuevo-taller-cultivo-de-girgolas-en-troncos-de-alamos/;5 may 2025 ... Con cupos agotados y con gran interés local, se realizará una jornada de aprendizaje sobre como cultivar hongos comestibles en troncos de álamos. El ...
“De tus luces y sombras”: Héctor Diéguez expone sus obras en ...;https://www.guaymallen.gob.ar/de-tus-luces-y-sombras-hector-dieguez-expone-sus-obras-en-salas-de-arte-libertad/;29 may 2025 ... El encuentro será el próximo viernes 6 de junio, a partir de las 20h, en ... Las obras de Sheila Vanella en el espacio de arte del Hotel Hilton Mendoza.
La emoción del boxeo vuelve al Bustelo con una velada inolvidable;https://www.mdzol.com/sociedad/la-emocion-del-boxeo-vuelve-al-bustelo-una-velada-inolvidable-n1255753;28 may 2025 ... Este encuentro será la continuación del éxito de Cuna de Campeones, que organizó Pandolfino Box en el Hotel Hyatt hace algunas semanas. Con entradas ...
Argentina vuelve a ser sede de un evento clave para el arbitraje ...;https://www.cac.com.ar/noticias/argentina-vuelve-a-ser-sede-de-un-evento-clave-para-el-arbitraje-internacional;27 may 2025 ... El encuentro principal será el del martes 23 de septiembre en el Hotel ... Hotel & Convention Center desde las 8 h. 24 de septiembre: se celebrará el ...
Con la participación de referentes mundiales de la especialidad, se ...;https://www.mendoza.gov.ar/prensa/con-la-participacion-de-referentes-mundiales-de-la-especialidad-se-realizara-en-mendoza-el-congreso-nacional-de-cardiologia-2025/;26 may 2025 ... Un espacio destacado en el encuentro ocuparán los temas relacionados con la prevención de enfermedades cardiovasculares, como el taller de hipertensión ...
Mendoza Mejora Aprendiendo Matemática: una jornada con foco en ...;https://www.mendoza.edu.ar/jornada-con-foco-en-geometria-y-medida/;26 may 2025 ... El encuentro se realizó simultáneamente en cinco sedes distribuidas en todo el territorio de Mendoza. ... Centro de Congresos y Exposiciones Francisco (San ...
La UNCUYO refuerza su alianza con IMPSA para impulsar la ...;https://www.uncuyo.edu.ar/prensa/la-uncuyo-refuerza-su-alianza-con-impsa-para-impulsar-la-industria-mendocina;22 may 2025 ... En un paso significativo para el desarrollo productivo y académico de la región, la Universidad Nacional de Cuyo (UNCUYO) ... El encuentro contó con la ...
La Universidad del Aconcagua celebró su 60º aniversario con un ...;https://www.mendovoz.com/ciudad/2025/5/17/la-universidad-del-aconcagua-celebro-su-60-aniversario-con-un-emotivo-acto-en-ciudad-156262.html;16 may 2025 ... La Universidad del Aconcagua celebró su 60º aniversario con un emotivo acto en Ciudad ... Durante el encuentro, se rindió homenaje a quienes impulsaron el ...
El politólogo Daniel Arroyo estuvo en la FCPyS - Facultad de ...;https://fcp.uncuyo.edu.ar/el-politogo-daniel-arroyo-estuvo-en-la-fcpys;15 may 2025 ... En el encuentro estuvo presente el equipo de gestión de la MPPS, la secretaria de posgrado Dra. Albina Pol, el Mgter Gonzalo Navarro, egresado de la MPPS y ...
La tremenda confesión de Charlotte Caniggia sobre su incómodo ...;https://viapais.com.ar/entretenimiento/la-tremenda-confesion-de-charlotte-caniggia-sobre-su-incomodo-encuentro-con-steven-tyler-de-aerosmith-que-asco/;15 may 2025 ... Charlotte Caniggia contó detalles de su encuentro con Steven Tyler. “Me saqué una foto con él, no lo conocí”, arrancó aclarando Charlotte. Según relató, todo ...
Guaymallén y Provincia hacen controles gratuitos por el Día ...;https://www.guaymallen.gob.ar/guaymallen-y-provincia-hacen-controles-gratuitos-por-el-dia-mundial-de-la-hipertension/;15 may 2025 ... ... Hotel Hilton Mendoza, con la participación de prestigiosos especialistas nacionales e internacionales. Organizado por las sociedades de cardiología de ...
Emir Félix encabezó un acto con los intendentes en San Martín y ...;https://www.elsol.com.ar/el-sol/emir-felix-encabezo-un-acto-en-con-los-intendentes-en-san-martin-y-concreto-el-regreso-de-un-dirigente-historico/;23 may 2025 ... ... encuentro del que estuvieron presentes los intendentes de Maipú, Matías ... Teatro Independencia septiembre 24, 2025 5:44 pm. San Rafael aprobó su ...
Estos son los espectáculos recomendados en Mendoza para el ...;https://www.mdzol.com/mdz-show/2025/5/23/estos-son-los-espectaculos-recomendados-en-mendoza-para-el-sabado-24-de-mayo-1211273.html;21 may 2025 ... Cada propuesta propone un encuentro distinto, con historias, sonidos y emociones que acompañan y sorprenden. ... Dónde: Teatro Independencia (Chile 1184, Ciudad).
El partido de Independiente Rivadavia por Copa Argentina tuvo una ...;https://www.elsol.com.ar/deportes/el-partido-de-independiente-rivadavia-por-copa-argentina-tuvo-una-reprogramacion-el-motivo/;20 may 2025 ... ... Teatro Independencia septiembre 24, 2025 5:44 pm. San Rafael aprobó su ... Kristalina Georgieva mantuvo un encuentro con Javier Milei: “Fue una reunión ...
Un gran músico argentino ensayó canciones icónicas en el Teatro ...;https://www.mdzol.com/mdz-show/2025/5/21/un-gran-musico-argentino-ensayo-canciones-iconicas-en-el-teatro-independencia-dialogo-con-mdz-1211170.html;20 may 2025 ... Teatro Independencia, se llevó a cabo el ensayo general del mencionado evento, allí estuvo el gran Lito Vitale encabezando el encuentro desde las 15:30 hs ...
La Velada de Gala Patriótica se celebrará con “Markama sinfónico ...;https://www.mendoza.gov.ar/prensa/la-velada-de-gala-patriotica-se-celebrara-con-markama-sinfonico-en-el-teatro-independencia/;19 may 2025 ... La Velada de Gala Patriótica se celebrará con “Markama sinfónico” en el Teatro Independencia ... encuentro entre el talento local y los grandes nombres de ...
Jubilaciones: la oposición busca consenso para crear una ...;https://www.elsol.com.ar/el-pais/jubilaciones-la-oposicion-busca-consenso-para-crear-una-prestacion-proporcional-y-subir-el-bono/;16 may 2025 ... ... Encuentro Federal plantea un piso de $100.000. El oficialismo rechaza ... Teatro Independencia septiembre 24, 2025 5:44 pm. San Rafael aprobó su ...
Ciudad de Mendoza invita a redescubrir su historia con una visita al ...;https://www.mendovoz.com/eskpe/2025/5/15/ciudad-de-mendoza-invita-redescubrir-su-historia-con-una-visita-al-ex-hospital-emilio-civit-156154.html;14 may 2025 ... El punto de encuentro será el ingreso principal al predio del ex hospital, y ...
Este viernes salen a la venta las entradas para ver a Abel Pintos en ...;https://www.mendovoz.com/eskpe/2025/5/8/este-viernes-salen-la-venta-las-entradas-para-ver-abel-pintos-en-mendoza-155943.html;7 may 2025 ... El viernes 6 de junio, el cantautor abrirá su tour “Cordillera & mar” en el Arena Maipú Stadium (Maza y Emilio Civit, Maipú), en un encuentro que promete ser ...
Música y teatro en la agenda cultural del fin de semana;https://www.elsol.com.ar/cultura/musica-y-teatro-en-la-agenda-cultural-del-fin-de-semana/;1 may 2025 ... Mendoza recibirá la visita de un artista extranjero, de Buenos Aires y de la región de Cuyo, con el Primer Encuentro Regional de Teatro Raro, con tickets.
APERTURA SESIONES ORDINARIAS 185º PERÍODO LEGISLATIVO;https://www.mendoza.gov.ar/wp-content/uploads/sites/5/2025/05/Anexos-Discruso-2025.pdf;30 abr 2025 ... talecieron espacios emblemáticos como el Teatro Independencia y el Le Parc, y se ... objetivo de federalizar este encuentro, el 6° Foro de Origen e Identidad Gas-.
Día de la Ingeniería: el CoRSEOC expone sobre actualizaciones del ...;https://www.copigmza.org.ar/dia-de-la-ingenieria-el-corseoc-expone-sobre-actualizaciones-del-reglamento-inpres-cirsoc-103/;28 may 2025 ... Durante el encuentro se abordarán las nuevas actualizaciones del Reglamento INPRES-CIRSOC 103, incluyendo: Antecedentes y actividad del CoRSEOC ...
Godoy Cruz será sede del Primer Encuentro Mendocino de Pastelería;https://www.godoycruz.gob.ar/godoy-cruz-sera-sede-del-primer-encuentro-mendocino-pasteleria/;21 may 2025 ... El encuentro contará con una atractiva programación que incluirá ... Lo mejor de Manuel Wirzt llega al Teatro Plaza. 2. El Parque San Vicente se ...
Toquinho presenta El Arte del Encuentro en el Teatro Plaza - Godoy ...;https://www.godoycruz.gob.ar/toquinho-presenta-arte-del-encuentro-teatro-plaza/;20 may 2025 ... Toquinho presenta El Arte del Encuentro en el Teatro Plaza. El prestigioso músico ofrecerá un único concierto en nuestra provincia, acompañado por la artista ...
5º Encuentro de Elencos Municipales - Godoy Cruz;https://www.godoycruz.gob.ar/evento/5o-encuentro-elencos-municipales/;17 may 2025 ... 5º Encuentro de Elencos Municipales. Evento Navegación. « Comicruz · Jazz ... Lugar. Cine teatro plaza. Colón 27. Godoy Cruz, Mendoza 5501 Argentina + Google ...
Taller de orientación parental: consejos para acompañar la crianza ...;https://www.godoycruz.gob.ar/taller-orientacion-parental-consejos-acompanar-la-crianza-fortalecer-la-familia/;16 may 2025 ... Mientras que, el segundo encuentro estará enfocado en las diferencias ... Lo mejor de Manuel Wirzt llega al Teatro Plaza. 3. El Parque San Vicente se ...
El Centro Cultural Coreano llega a Mendoza para sumergirse en la ...;https://www.godoycruz.gob.ar/centro-cultural-coreano-llega-mendoza-sumergirse-la-cultura-asiatica/;14 may 2025 ... La música de AYAGEUM abrirá el encuentro. Una agenda imperdible para todos ... Lo mejor de Manuel Wirzt llega al Teatro Plaza. 2. El Parque San Vicente se ...
La UNCUYO recibe la visita de la universidad más prestigiosa de ...;https://www.uncuyo.edu.ar/prensa/la-uncuyo-recibe-la-visita-de-la-universidad-mas-prestigiosa-de-australia;14 may 2025 ... La Universidad Nacional de Cuyo (UNCUYO) es anfitriona de una comitiva de la ... Del encuentro también participó la vicegobernadora Hebe Casado (a la ...
Cerraron las inscripciones para ingresar a las escuelas de la ...;https://www.elsol.com.ar/mendoza/cerraron-las-inscripciones-para-ingresar-a-las-escuelas-de-la-uncuyo-en-2026-cuantos-alumnos-se-anotaron/;"12 may 2025 ... Un total de 3.520 estudiantes se preinscribieron para el ingreso a las escuelas secundarias de la Universidad Nacional de Cuyo (UNCuyo) en 2026; etapa que."
Martín Demichelis fue despedido de Monterrey y se perderá el ...;https://www.elsol.com.ar/deportes/martin-demichelis-fue-despedido-de-monterrey-y-se-perdera-el-partido-con-river-en-el-mundial-de-clubes/;10 may 2025 ... Este encuentro contaba con el agregado de que Demichelis iba a enfrentar a ... Teatro Plaza septiembre 19, 2025 7:46 am. En medio de la presión ...
El dramático momento en que una joven fue perseguida por un ...;https://www.elsol.com.ar/de-revista/el-dramatico-momento-en-que-una-joven-fue-perseguida-por-un-mono-en-gibraltar-se-volvio-viral-en-tiktok/;7 may 2025 ... El inesperado encuentro con un mono convierte a una joven española en ... Teatro Plaza septiembre 19, 2025 7:46 am. En medio de la presión cambiaria, el ...
Untitled;https://www.mendoza.gov.ar/wp-content/uploads/sites/26/2025/05/Informe-de-Gestio%CC%81n-2024.pdf;31 may 2025 ... Sebastián Sarmiento y la Asociación de Magistrados de Mendoza. Previo al encuentro, se realizó un ciclo de talleres donde participaron alrededor de 80 mujeres ...
Un malargüino fue convocado a la preselección argentina de ...;https://www.malargueadiario.com/un-malarguino-fue-convocado-a-la-preseleccion-argentina-de-newcom/;30 may 2025 ... El primer encuentro se realizará del 18 al 20 de junio en Viedma, Río ... Municipalidad de Malargüe”, contó Néstor, quien destacó la importancia de ...
Chinche del Arce: el plan de Mendoza para combatir la plaga en los ...;https://www.elsol.com.ar/mendoza/chinche-del-arce-el-plan-de-mendoza-para-combatir-la-plaga-en-los-hogares-y-el-arbolado/;28 may 2025 ... Durante el encuentro se expusieron los alcances del dossier y los ensayos realizados por Iscamen. El documento proporciona información detallada sobre la ...
El Iscamen y Ambiente presentaron el “Dossier técnico para el ...;https://www.mendoza.gov.ar/prensa/iscamen-y-ambiente-realizaron-una-jornada-de-presentacion-del-dossier-tecnico-para-el-manejo-de-la-chinche-del-arce/;27 may 2025 ... Todo el contenido se desarrolla bajo el enfoque del Manejo Integrado de Plagas. Durante el encuentro, técnicos del Iscamen y de la Dirección de Biodiversidad ...
AVANZA LA RECUPERACIÓN DEL SALÓN DE USOS MÚLTIPLES ...;https://www.sanrafael.gov.ar/avanza-la-recuperacion-del-salon-de-usos-multiples-de-las-malvinas/;21 may 2025 ... “El objetivo del municipio es generar espacios de encuentro y actividades para el vecino”, indicó Da Dalt. MÁS OBRAS EN MALVINAS. Hay que destacar que, así ...
3ras Jornadas de Salud Mental - Universidad de Mendoza;https://um.edu.ar/noticias/3ras-jornadas-de-salud-mental/;21 may 2025 ... El encuentro reunió a referentes académicos de las carreras de Psicología, Psicopedagogía y Trabajo Social de las tres instituciones, con el objetivo de avanzar ...
Se concretó la remodelación del Boulevard Rufino Ortega – Sitio ...;https://www.malargue.gov.ar/se-concreto-la-remodelacion-del-boulevard-rufino-ortega/;21 may 2025 ... La Municipalidad de Malargüe inauguró ayer en horas de la tarde el renovado paseo. ... encuentro, la inspiración y la conexión. El emotivo acto inaugural ...
Latinoamericanos del Mendoza Film Lab – Sitio oficial;https://www.malargue.gov.ar/tag/latinoamericanos-del-mendoza-film-lab/;20 may 2025 ... ... encuentro para el Laboratorio de Desarrollo de Cortometraje Latinoamericanos ... Municipalidad de Malargüe. Todos los derechos reservados. Accesibilidad.
Jornada de reflexión: «Los desafíos de la autonomía municipal ...;https://um.edu.ar/noticias/jornada-de-reflexion-los-desafios-de-la-autonomia-municipal/;20 may 2025 ... El evento propone un espacio de encuentro y análisis entre el ámbito académico y los actores políticos locales, con el objetivo de debatir y reflexionar en ...
Club de lectura: Los siete locos - Universidad de Mendoza;https://um.edu.ar/noticias/club-de-lectura-los-siete-locos/;20 may 2025 ... El Instituto de Filosofía Práctica y Humanismo Jurídico invita a participar de este encuentro virtual sin costo que se realizará el viernes 30 de mayo de manera ...
Llega Osvaldo Bebo Granados a Mendoza para celebrar los 20 ...;https://www.diariouno.com.ar/sociedad/llega-osvaldo-bebo-granados-mendoza-celebrar-los-20-anos-primeras-voces-radio-nihuil-n1440993;31 may 2025 ... Al mediodía asistirá a un almuerzo en la bodega Los Toneles. El viernes 6 ... Y tendrá un encuentro con el equipo periodístico del Grupo América Interior.
Tristeza en Córdoba: murió un reconocido ingeniero y hay dolor en ...;https://viapais.com.ar/cordoba/tristeza-en-cordoba-murio-un-reconocido-ingeniero-y-hay-dolor-en-el-rubro/;1 may 2025 ... Entre 1993 a 2004, fue el titular de la Delegación Córdoba de la Cámara Argentina de la Construcción (Camarco). ... El encuentro del papa Francisco con Martín ...
Día de la Ingeniería: el CoRSEOC expone sobre actualizaciones del ...;https://www.copigmza.org.ar/dia-de-la-ingenieria-el-corseoc-expone-sobre-actualizaciones-del-reglamento-inpres-cirsoc-103/;28 may 2025 ... ... Consejo Profesional de Ingenieros y Geólogos de Mendoza (CoPIG). Durante el encuentro se abordarán las nuevas actualizaciones del Reglamento INPRES-CIRSOC ...
Por el Día del Geólogo, se realizará una salida de campo para ...;https://www.copigmza.org.ar/por-el-dia-del-geologo-se-realizara-una-salida-de-campo-para-recorrer-proyecto-san-jorge-uspallata/;28 may 2025 ... Consejo Profesional de Ingenieros y Geólogos de Mendoza. ... El encuentro está programado para el próximo sábado 7 de junio a las 10 h ...
Lautaro Martínez palpitó la final de la Champions: del pasé dos días ...;https://www.diariouno.com.ar/ovacion/futbol/lautaro-martinez-palpito-la-final-la-champions-del-pase-dos-dias-llorando-conocemos-mucho-del-psg-n1440686;26 may 2025 ... En la previa del encuentro, Lautaro Martínez brindó sus sensaciones. ... Mónica Oviedo trabaja en el corazón de la Cordillera de los Andes, enseñando con la.
Defensa Civil;https://tupungato.gov.ar/?feed=rss2&cat=45;26 may 2025 ... bordeada por la Cordillera de Los Andes, ubicada en una zona sísmicamente ... encuentro, personal de DC se presenta e inicia la devolución sobre el ...
Consejo Profesional de Ciencias Económicas de Mendoza ...;https://cpcemza.org.ar/A6072_celebremos-juntos-en-el-sunset-del-graduado;25 may 2025 ... ... encuentro pensado especialmente para celebrar a los profesionales en Ciencias Económicas. ... El Consejo Profesional de Ciencias Económicas de Mendoza ...
Juan Kiektik y sus aventuras a pie por las vías desoladas del Tren ...;https://www.diariouno.com.ar/emprendedores/juan-kiektik-y-sus-aventuras-pie-las-vias-desoladas-del-tren-trasandino-n1438615;24 may 2025 ... ... Cordillera de los Andes. Y que hace medio siglo no se pone en marcha. Lo que ... Cada encuentro con lugareños, cada conversación con descendientes de ...
Tres cerros para disfrutar el fin de semana en Mendoza: trekking ...;https://www.mdzol.com/estilo/2025/5/23/tres-cerros-para-disfrutar-el-fin-de-semana-en-mendoza-trekking-vistas-naturaleza-1211485.html;22 may 2025 ... La Cordillera de los Andes convierte a Mendoza en un lugar privilegiado para ... encuentro y disfrute. Archivado en. Cerro · Trekking · turismo · Estilo ...
El Consejo Profesional de Ingenieros y Geólogos acompaña y ...;https://www.copigmza.org.ar/el-consejo-profesional-de-ingenieros-y-geologos-acompana-y-celebra-la-invitacion-de-la-facultad-de-ciencias-agrarias-a-la-pena-del-egresado-2025/;20 may 2025 ... Consejo Profesional de Ingenieros y Geólogos de Mendoza. ... La decana de la institución ha extendido esta invitación a un encuentro que ...
La Velada de Gala Patriótica se celebrará con “Markama sinfónico ...;https://www.mendoza.gov.ar/prensa/la-velada-de-gala-patriotica-se-celebrara-con-markama-sinfonico-en-el-teatro-independencia/;19 may 2025 ... Difícil de catalogar en una corriente específica, siempre navegó las músicas que atraviesan la extensa cordillera de los Andes ... encuentro entre el ...
Sheyko Studer: entre el sentido de pertenencia en Independiente ...;https://www.diariouno.com.ar/ovacion/futbol/sheyko-studer-el-sentido-pertenencia-independiente-rivadavia-y-la-bronca-la-derrota-avellaneda-n1435501;12 may 2025 ... El zaguero central lamentó la eliminación de la Lepra en los octavos de final del Torneo Apertura. ... Sheyko Studer en el encuentro ante Independiente de ...
Celebración del Día de los Jardines de Infantes en el Espacio ...;https://www.mendoza.gov.ar/prensa/celebracion-del-dia-de-los-jardines-de-infantes-en-el-espacio-cultural-julio-le-parc/;27 may 2025 ... “Es un honor celebrar este día junto a los alumnos y docentes de toda la provincia. Queremos que el Espacio Cultural Julio Le Parc sea un lugar de encuentro y ...
La FEM será parte del Expo Foro Mendoza Industrial 2025 ...;https://femza.org.ar/2025/05/16/inteligencia-artificial-para-negocios-minoristas/;15 may 2025 ... La cita será los días 2, 3 y 4 de septiembre en el Espacio Cultural Julio Le Parc. Este gran encuentro incluirá tres instancias destacadas: X Expo ...
Manu Fanego llega a Mendoza para ofrecer un taller de actuación ...;https://www.mendoza.gov.ar/prensa/manu-fanego-llega-a-mendoza-para-ofrecer-un-workshop-de-actuacion/;13 may 2025 ... El encuentro tendrá lugar el 23 y 24 de mayo, en el Espacio Cultural Julio Le Parc. Con las consignas ¿Dónde se esconde la comedia? ¿Cómo despertamos la ...
Gran Peña por el 25 de Mayo: dónde será y qué artistas estarán ...;https://www.mdzol.com/sociedad/2025/5/13/gran-pena-por-el-25-de-mayo-donde-sera-que-artistas-estaran-presentes-1208902.html;12 may 2025 ... El encuentro central será en el Espacio Cultural Julio Le Parc, pero habrá otras locaciones en las que se celebrará el 25 de Mayo: en Las Vegas (Potrerillos ...
Educación: se realizó el tercer encuentro de Líderes de Asistencia ...;https://www.mendoza.gov.ar/prensa/educacion-se-realizo-el-tercer-encuentro-de-lideres-de-asistencia/;12 may 2025 ... Esta actividad se desarrolló en el Espacio Cultural Julio Le Parc con la participación de docentes y directivos de las escuelas que forman parte del ...
Los festejos por el 25 de Mayo serán en el Espacio Cultural Julio Le ...;https://www.guaymallen.gob.ar/los-festejos-por-el-25-de-mayo-sera-en-el-espacio-cultural-julio-le-parc/;11 may 2025 ... Además es muy importante hacer un evento abierto a toda la comunidad”, dijo Calvente. El encuentro central será en el Espacio Cultural Julio Le Parc, pero habrá ...
Sigue “La noche de las ideas” en el Espacio Le Parc : Prensa ...;https://www.mendoza.gov.ar/prensa/sigue-la-noche-de-las-ideas-en-el-espacio-le-parc/;11 may 2025 ... Los encuentro se llevan a cabo en el Espacio Cultural Julio Le Parc (Mitre y Godoy Cruz de Guaymallén), son gratuitos y por orden de llegada, según ...
Esta es la agenda del Espacio Cultural Julio Le Parc para los ...;https://www.mendoza.gov.ar/prensa/esta-es-la-agenda-del-espacio-cultural-julio-le-parc-para-los-proximos-dias/;7 may 2025 ... Esta es la agenda del Espacio Cultural Julio Le Parc para los próximos días ... Hasta el 11 de mayo se desarrolla el 4º Encuentro Internacional de Charangos ...
Guaymallén será parte del 4º Encuentro Internacional de Charangos;https://www.guaymallen.gob.ar/guaymallen-sera-parte-del-4o-encuentro-internacional-de-charangos/;6 may 2025 ... ... Espacio Cultural Julio Le Parc. Cristina Pérez. Del jueves 8 al domingo 11 de mayo se realizará en Mendoza el 4º Encuentro Internacional de Charangos, y ...
“Fogones Culturales” y “Noche de las ideas”, espacios de encuentro ...;https://www.mendoza.gov.ar/prensa/fogones-culturales-y-noche-de-las-ideas-espacios-de-encuentro-para-pensar-en-comunidad/;5 may 2025 ... “Fogones Culturales” y “Noche de las ideas”, espacios de encuentro para pensar en comunidad ... Espacio Cultural Julio Le Parc. Organizado por el Instituto ...
“De tus luces y sombras”: Héctor Diéguez expone sus obras en ...;https://www.guaymallen.gob.ar/de-tus-luces-y-sombras-hector-dieguez-expone-sus-obras-en-salas-de-arte-libertad/;29 may 2025 ... El encuentro será el próximo viernes 6 de junio, a partir de las 20h, en Salas de Arte Libertad. El evento contará con la actuación del Ensamble de Folclore ...
La emoción del boxeo vuelve al Bustelo con una velada inolvidable;https://www.mdzol.com/sociedad/la-emocion-del-boxeo-vuelve-al-bustelo-una-velada-inolvidable-n1255753;28 may 2025 ... Este encuentro será la continuación del éxito de Cuna de Campeones, que organizó Pandolfino Box en el Hotel Hyatt hace algunas semanas. Con entradas ...
Argentina vuelve a ser sede de un evento clave para el arbitraje ...;https://www.cac.com.ar/noticias/argentina-vuelve-a-ser-sede-de-un-evento-clave-para-el-arbitraje-internacional;27 may 2025 ... El encuentro principal será el del martes 23 de septiembre en el Hotel ... Hotel & Convention Center desde las 8 h. 24 de septiembre: se celebrará el ...
Con la participación de referentes mundiales de la especialidad, se ...;https://www.mendoza.gov.ar/prensa/con-la-participacion-de-referentes-mundiales-de-la-especialidad-se-realizara-en-mendoza-el-congreso-nacional-de-cardiologia-2025/;26 may 2025 ... Un espacio destacado en el encuentro ocuparán los temas relacionados con la prevención de enfermedades cardiovasculares, como el taller de hipertensión ...
El politólogo Daniel Arroyo estuvo en la FCPyS - Facultad de ...;https://fcp.uncuyo.edu.ar/el-politogo-daniel-arroyo-estuvo-en-la-fcpys;15 may 2025 ... En el encuentro estuvo presente el equipo de gestión de la MPPS, la secretaria de posgrado Dra. Albina Pol, el Mgter Gonzalo Navarro, egresado de la MPPS y ...
La tremenda confesión de Charlotte Caniggia sobre su incómodo ...;https://viapais.com.ar/entretenimiento/la-tremenda-confesion-de-charlotte-caniggia-sobre-su-incomodo-encuentro-con-steven-tyler-de-aerosmith-que-asco/;15 may 2025 ... Charlotte Caniggia contó detalles de su encuentro con Steven Tyler. “Me saqué una foto con él, no lo conocí”, arrancó aclarando Charlotte. Según relató, todo ...
«Mejorando tu salud cardiovascular» charla con el Médico ...;https://tupungato.gov.ar/?p=46206;13 may 2025 ... El encuentro se desarrollará en el marco del XLII Congreso Nacional de ... Torres será mañana a las 16h en el Hotel Turismo Tupungato (Av. Belgrano ...
Brindaron la charla “Violencia virtual: aspectos y prevención ...;https://www.mendoza.gov.ar/prensa/brindaron-charla-sobre-violencia-virtual-aspectos-y-prevencion-destinada-a-adolescentes/;12 may 2025 ... 13 DE MAYO, 2025. Este primer encuentro, realizado en Tupungato, que contó con la presencia de importantes referentes de la Justicia local, está enmarcado ...
Salud y prevención: controles gratuitos en la Terminal de Mendoza ...;https://www.guaymallen.gob.ar/salud-y-prevencion-controles-gratuitos-en-la-terminal-de-mendoza-por-el-dia-de-la-hipertension-y-el-congreso-nacional-de-cardiologia/;12 may 2025 ... Organizado por la región Cuyo –que reúne a las sociedades de cardiología de Mendoza, San Juan, San Luis y Atuel–, el encuentro es uno de los eventos más ...
Con fondos del Resarcimiento, Mendoza avanza en obras clave ...;https://www.mendoza.gov.ar/prensa/con-fondos-del-resarcimiento-mendoza-avanza-en-obras-clave-para-el-desarrollo-del-sur-provincial/;9 may 2025 ... ... Hotel Finca Alvear, el balneario Puente del Río y la segunda edición del Encuentro Internacional Apícola, apoyado por la Provincia. “Nuestra defensa de la ...
Untitled;https://www.mendoza.gov.ar/wp-content/uploads/sites/26/2025/05/Informe-de-Gestio%CC%81n-2024.pdf;31 may 2025 ... Sebastián Sarmiento y la Asociación de Magistrados de Mendoza. Previo al encuentro, se realizó un ciclo de talleres donde participaron alrededor de 80 mujeres ...
Invitan a la 3° Jornada Interdisciplinaria de Seguridad Vial – Sitio ...;https://www.malargue.gov.ar/invitan-a-la-3-jornada-interdisciplinaria-de-seguridad-vial/;26 may 2025 ... Este año, el encuentro adquiere un carácter especial para el departamento de ... Instituto Universitario de Seguridad Pública, la Unidad Ejecutiva de ...
Manu Fanego llega a Mendoza para ofrecer un taller de actuación ...;https://www.mendoza.gov.ar/prensa/manu-fanego-llega-a-mendoza-para-ofrecer-un-workshop-de-actuacion/;13 may 2025 ... Con La gracia interna. Descubre la risa en lo vulnerable, Manu invita a explorar el arte de entrenar el presente en la escena. El encuentro tendrá lugar el 23 y ...
Centro de Mediación – Colegio de Abogados y Procuradores;https://colabogmza.com.ar/tag/centro-de-mediacion/;8 may 2025 ... ... encuentro Eliana Acendón y Valentín Azpilcueta, de la Comisión de Mediación del Colegio. La actividad está destinada a profesionales del Derecho que ya ...
APERTURA SESIONES ORDINARIAS 185º PERÍODO LEGISLATIVO;https://www.mendoza.gov.ar/wp-content/uploads/sites/5/2025/05/Anexos-Discruso-2025.pdf;30 abr 2025 ... · ENCUENTRO POR LA DEMOCRACIA: (REALIZADO EL 10 DE DICIEMBRE. 2024). El ... temente autorizado por el Instituto Nacional de Vitivinicultura. La cantidad ...
Marinelli presentó en sociedad el área de control de agua potable y ...;https://www.mendoza.gov.ar/prensa/marinelli-presento-en-sociedad-el-area-de-control-de-agua-potable-y-saneamiento/;29 abr 2025 ... 30 DE ABRIL, 2025. Fue en un encuentro con miembros de la Asociación Federal de Entes Reguladores de Agua y Saneamiento (Aferas), en Buenos Aires, ...
Universidades mendocinas unidas por la sostenibilidad - Prensa ...;https://www.uncuyo.edu.ar/prensa/universidades-mendocinas-unidas-por-la-sostenibilidad;29 abr 2025 ... ... Instituto Universitario de Ciencias Empresariales colaboran en una ... Acción Colmena propone espacios de encuentro y diálogo interuniversitario ...
Biritos se sumó a la inclusión con el encuentro «Todos al agua ...;https://www.godoycruz.gob.ar/biritos-se-sumo-la-inclusion-encuentro-todos-al-agua/;31 may 2025 ... El Polideportivo Nº1, este sábado, fue escenario del primer Encuentro Inclusivo de Natación. Durante la jornada, municipios y clubes se unieron para ...
Godoy Cruz lanza un concurso público para diseñar el afiche oficial ...;https://www.godoycruz.gob.ar/godoy-cruz-lanza-concurso-publico-disenar-afiche-oficial-la-fiesta-provincial-la-cerveza/;30 may 2025 ... La celebración combina cultura, turismo, economía y encuentro ciudadano. Con ... Municipalidad de Godoy Cruz. Dirección. Rivadavia 448. Horario. Lunes a ...
Daniel Orozco se relanzó a la política y dejó abierta la incógnita ...;https://www.diariouno.com.ar/politica/daniel-orozco-se-relanzo-la-politica-y-dejo-abierta-la-incognita-que-cargo-busca-ocupar-n1441949;29 may 2025 ... Sin embargo, no hubo definiciones ni declaraciones públicas más allá de que Passamonti estuvo en el encuentro ... Municipalidad de Las Heras -entre ellos ...
Un mural de Godoy Cruz será puesto en valor por el Día de los ...;https://www.godoycruz.gob.ar/mural-godoy-cruz-sera-puesto-valor-dia-los-patrimonios-culturales/;28 may 2025 ... El trabajo fue realizado en el 2º Encuentro de Muralismo y Arte Urbano (2010) ... Municipalidad de Godoy Cruz. Dirección. Rivadavia 448. Horario. Lunes a ...
Encuentro para el bienestar: charla de acompañamiento para ...;https://www.godoycruz.gob.ar/encuentro-bienestar-charla-acompanamiento-personas-mayores/;22 may 2025 ... Encuentro para el bienestar: charla de acompañamiento para personas mayores ... Municipalidad de Godoy Cruz. Dirección. Rivadavia 448. Horario. Lunes a viernes ...
Godoy Cruz será sede del Primer Encuentro Mendocino de Pastelería;https://www.godoycruz.gob.ar/godoy-cruz-sera-sede-del-primer-encuentro-mendocino-pasteleria/;21 may 2025 ... El encuentro contará con una atractiva programación que incluirá ... Municipalidad de Godoy Cruz. Dirección. Rivadavia 448. Horario. Lunes a viernes ...
Toquinho presenta El Arte del Encuentro en el Teatro Plaza - Godoy ...;https://www.godoycruz.gob.ar/toquinho-presenta-arte-del-encuentro-teatro-plaza/;20 may 2025 ... Toquinho presenta El Arte del Encuentro en el Teatro Plaza. El ... Municipalidad de Godoy Cruz. Dirección. Rivadavia 448. Horario. Lunes a viernes ...
Se inauguró el nuevo Centro Social y Sede de la Unión Vecinal ...;https://www.godoycruz.gob.ar/se-inauguro-nuevo-centro-social-sede-la-union-vecinal-villa-martinez/;18 may 2025 ... De esta manera, se fortalece el tejido social y se brindan nuevas oportunidades de participación y encuentro. ... Municipalidad de Godoy Cruz. Dirección.
5º Encuentro de Elencos Municipales - Godoy Cruz;https://www.godoycruz.gob.ar/evento/5o-encuentro-elencos-municipales/;17 may 2025 ... 5º Encuentro de Elencos Municipales. Evento Navegación. « Comicruz · Jazz ... Municipalidad de Godoy Cruz. Dirección. Rivadavia 448. Horario. Lunes a viernes ...
Comicruz - Godoy Cruz;https://www.godoycruz.gob.ar/evento/comicruz1/;17 may 2025 ... Lugar. Centro Patrimonial y Artístico Cristoforo Colombo (Tomba 246). « Un Boim muy Trap · 5º Encuentro de Elencos Municipales » ... Municipalidad de Godoy Cruz.
Chile celebra en Mendoza su Día de los Patrimonios culturales 2025;https://www.mendoza.gov.ar/prensa/chile-celebra-en-mendoza-su-dia-de-los-patrimonios-culturales-2025/;28 may 2025 ... “2° Encuentro en Plaza Chile. El Legado de San Martín y O ... El servicio parte desde plaza Independencia, sobre calle Chile, todos los días de 10 a 17.20.
Estos son los espectáculos recomendados en Mendoza para el ...;https://www.mdzol.com/mdz-show/2025/5/23/estos-son-los-espectaculos-recomendados-en-mendoza-para-el-sabado-24-de-mayo-1211273.html;21 may 2025 ... Cada propuesta propone un encuentro distinto, con historias, sonidos y emociones que acompañan y sorprenden. ... Dónde: Teatro Quintanilla (Plaza Independencia, ...
"""Sin obras, no hay desarrollo posible"": el reclamo de los productores ...";https://www.elsol.com.ar/mendoza/sin-obras-no-hay-desarrollo-posible-el-reclamo-de-los-productores-en-la-fiesta-nacional-de-la-ganaderia/;9 may 2025 ... ... encuentro clave para la dirigencia política y empresarial de Mendoza. La ... En fotos: la marcha universitaria llegó a la Plaza Independencia septiembre 17, 2025 ...
El Museo Municipal de Arte Moderno adquirió cuatro obras de ...;https://www.diariouno.com.ar/sociedad/el-museo-municipal-arte-moderno-adquirio-cuatro-obras-artistas-locales-su-coleccion-n1427866;3 may 2025 ... ... Plaza Independencia (ECPI) donde se ubica el museo y el Teatro Quintanilla ... encuentro de arte en Miami, entre otros museos y otras galerías afamadas ...
L-Gante confirmó su reconciliación con Wanda Nara;https://www.elsol.com.ar/espectaculos/l-gante-confirmo-su-reconciliacion-con-wanda-nara/;2 may 2025 ... El músico compartió imágenes del encuentro en redes sociales, incluyendo una ... En fotos: la marcha universitaria llegó a la Plaza Independencia septiembre 17, ...
Miles de aventuras en la nueva edición de la Feria Anual del Libro ...;https://www.malargue.gov.ar/miles-de-aventuras-en-la-nueva-edicion-de-la-feria-anual-del-libro-2025/;29 abr 2025 ... La esperada Feria llega al Polideportivo Municipal Malal – Hue del ... encuentro fundamental entre lectores, escritores y el universo literario en general.
Universidad Católica Argentina - UCA;https://uca.edu.ar/es/comunicacion-institucional/noticias;29 may 2025 ... Se realizará el Encuentro Universidad Empresa 2017- 8/25/17 · Se realizará un panel sobre el uso responsable de las redes sociales- 8/23/17 · El búfalo se ...
PODEs, un programa que revincula a los estudiantes con el sistema ...;https://www.mendoza.gov.ar/prensa/p-o-d-es-un-programa-que-revincula-a-los-estudiantes-con-el-sistema-educativo/;28 may 2025 ... La Dirección General de Escuelas (DGE) realizó este jueves un encuentro ... El encuentro se desarrolló en la Universidad de Congreso, en la ciudad de Mendoza.
Celebraron un nuevo aniversario de la Independencia - Prensa ...;https://www.uncuyo.edu.ar/prensa/celebraron-un-nuevo-aniversario-de-la-independencia;28 may 2025 ... ... Universidad Nacional de Córdoba en 1918. La universidad nacida de la ... La UNCUYO participó del Encuentro Nacional de Universidades MetaRed 2025. Sep ...
Universidad Católica Argentina - UCA;https://uca.edu.ar/es/eventos/jornada-homenaje-el-arbitraje-societario;27 may 2025 ... El encuentro será un homenaje al destacado jurista y docente Prof. Jaime Luis Anaya, al cumplirse el centenario de su nacimiento, y reunirá a especialistas ...
La UNCUYO lanzó un portal que te ayuda a elegir tu carrera ...;https://www.uncuyo.edu.ar/academica/la-uncuyo-lanzo-un-portal-que-te-ayuda-a-elegir-tu-carrera;27 may 2025 ... ... universidad y lo que implica ser estudiante de una Universidad Pública Argentina”. ... encuentro. “Es un espacio en el que se brinda la información de las ...
La UNCUYO encendió la llama de las Olimpíadas Interfacultades ...;https://www.uncuyo.edu.ar/prensa/la-uncuyo-encendio-la-llama-de-las-olimpiadas-interfacultades;26 may 2025 ... Me parece que el deporte es un punto de encuentro, es diversión, es recreación, es disfrute”. “Las olimpiadas universitarias tienen un carácter, y un valor, muy ...
La Universidad de Congreso presente en el II Encuentro de ...;https://www.ucongreso.edu.ar/la-universidad-de-congreso-presente-en-el-ii-encuentro-de-rectores-universitarios-por-el-cuidado-de-la-casa-comun/;26 may 2025 ... Rubén Bresso, participó del II Encuentro de Rectores Universitarios por el Cuidado de la Casa Común, celebrado del 20 al 24 de mayo en la Pontificia Universidad ...
Universidad Champagnat;https://uch.edu.ar/filtro_Noticia_car/2;26 may 2025 ... Ciclo De Charlas Lic. en Relaciones Internacionales. Comenzó el II Ciclo de Charlas de Geopolítica en la Universidad Champagnat. 27/05/2025. El encuentro ...
Universidad Católica Argentina - UCA;https://www.uca.edu.ar/es/eventos/claep-2025---dia-2;"26 may 2025 ... m. II Encuentro COMER - cuarto panel · 22/9/25 11:00 a. m. Defensa de Trabajo Final MaCA · Ver agenda completa. Clase especial con Mariana Perel; II Encuentro ..."
Mundo Universitario 2025: un encuentro para elegir tu futuro;https://uca.edu.ar/es/noticias/mundo-universitario-2025-un-encuentro-para-elegir-tu-futuro;22 may 2025 ... Mundo Universitario 2025: un encuentro para elegir tu futuro ... La Sede Buenos Aires de la Universidad Católica Argentina fue escenario de una nueva edición de ...
Mendoza contra el frío: tejedoras se unen para abrigar a los más ...;https://www.elsol.com.ar/mendoza/mendoza-contra-el-frio-tejedoras-se-unen-para-abrigar-a-los-mas-necesitados/;30 may 2025 ... El jueves 5 de junio, se realizará un encuentro de confección en Luján de Cuyo. ... Dalila, tejedora mendocina que da clases en la Biblioteca Popular de ...
El Covimet: la nostalgia de un barrio donde conviven hinchadas ...;https://www.mdzol.com/sociedad/2025/5/10/el-covimet-la-nostalgia-de-un-barrio-donde-conviven-hinchadas-politica-recuerdos-1202409.html;"9 may 2025 ... Lo que supo ser un espacio de encuentro y recreación, hoy está lleno de rejas y alambrados. ... biblioteca popular. ""Vivir y nacer en el Covimet es algo ..."
Untitled;https://www.mendoza.gov.ar/wp-content/uploads/sites/26/2025/05/Informe-de-Gestio%CC%81n-2024.pdf;31 may 2025 ... multiespacio”, también con 7 P.P.L y el encuentro “Navidad Mágica”, 7 P.P.L. ... Universidad Nacional de Cuyo. Estas acciones incluyen la participación ...
Llega Osvaldo Bebo Granados a Mendoza para celebrar los 20 ...;https://www.diariouno.com.ar/sociedad/llega-osvaldo-bebo-granados-mendoza-celebrar-los-20-anos-primeras-voces-radio-nihuil-n1440993;31 may 2025 ... Y tendrá un encuentro con el equipo periodístico del Grupo América Interior. A las 18 del viernes, la Nave Cultural (España y Maza, Parque Central, Ciudad) ...
“Yo Creo”, la iniciativa que inspira compromiso y transforma el futuro ...;https://www.mendoza.gov.ar/prensa/yo-creo-la-iniciativa-que-inspira-compromiso-y-transforma-el-futuro-de-ninas-ninos-y-adolescentes/;30 may 2025 ... ... Universidad Nacional de Cuyo. La actividad reunió a autoridades provinciales ... Durante el encuentro se destacaron los logros alcanzados, la creciente ...
Qué hace la combi donde estuvieron Bizarrap y Nicki Nicole en ...;https://www.mdzol.com/sociedad/que-hace-la-combi-donde-estuvieron-bizarrap-y-nicki-nicole-mendoza-n1256196;29 may 2025 ... Conocer Mendoza quedó como pendiente, hasta que en un encuentro de combis conoció a Nicolás y organizaron el viaje. “Vinimos por la ruta 7 directamente a ...
Chinche del Arce: el plan de Mendoza para combatir la plaga en los ...;https://www.elsol.com.ar/mendoza/chinche-del-arce-el-plan-de-mendoza-para-combatir-la-plaga-en-los-hogares-y-el-arbolado/;28 may 2025 ... Durante el encuentro se expusieron los alcances del dossier y los ensayos realizados por Iscamen. El documento proporciona información detallada sobre la ...
El Iscamen y Ambiente presentaron el “Dossier técnico para el ...;https://www.mendoza.gov.ar/prensa/iscamen-y-ambiente-realizaron-una-jornada-de-presentacion-del-dossier-tecnico-para-el-manejo-de-la-chinche-del-arce/;27 may 2025 ... Todo el contenido se desarrolla bajo el enfoque del Manejo Integrado de Plagas. Durante el encuentro, técnicos del Iscamen y de la Dirección de Biodiversidad ...
La UNCUYO lanzó un portal que te ayuda a elegir tu carrera ...;https://www.uncuyo.edu.ar/academica/la-uncuyo-lanzo-un-portal-que-te-ayuda-a-elegir-tu-carrera;27 may 2025 ... ... encuentro. “Es un espacio en el que se brinda la información de las carreras, en donde se orienta, sobre todo lo que tiene que ver con este primer momento ...
La megaconstrucción de un centro comercial en Mar del Plata con ...;https://www.diariouno.com.ar/sociedad/la-megaconstruccion-un-centro-comercial-mar-del-plata-una-inversion-30-millones-dolares-n1440891;27 may 2025 ... La empalizada marca el inicio de un proyecto que redefinirá la forma de vivir la ciudad: un multiespacio que transformará Mar del Plata para siempre. En ...
La UNCUYO encendió la llama de las Olimpíadas Interfacultades ...;https://www.uncuyo.edu.ar/prensa/la-uncuyo-encendio-la-llama-de-las-olimpiadas-interfacultades;26 may 2025 ... Me parece que el deporte es un punto de encuentro, es diversión, es recreación, es disfrute”. “Las olimpiadas universitarias tienen un carácter, y un valor, muy ...
Ibaceta te ayuda a emprender: 25 años construyendo ...;https://www.mendovoz.com/relax/2025/5/27/ibaceta-te-ayuda-emprender-25-anos-construyendo-oportunidades-en-cuyo-mas-alla-156645.html;26 may 2025 ... Ibaceta Multiespacio. Este encuentro está pensado para quienes estén dando sus primeros pasos como emprendedor, para quienes tengan un comercio o quieran abrir ...
“De tus luces y sombras”: Héctor Diéguez expone sus obras en ...;https://www.guaymallen.gob.ar/de-tus-luces-y-sombras-hector-dieguez-expone-sus-obras-en-salas-de-arte-libertad/;29 may 2025 ... El encuentro será el próximo viernes 6 de junio, a partir de las 20h, en Salas de Arte Libertad. El evento contará con la actuación del Ensamble de Folclore ...
Argentina vuelve a ser sede de un evento clave para el arbitraje ...;https://www.cac.com.ar/noticias/argentina-vuelve-a-ser-sede-de-un-evento-clave-para-el-arbitraje-internacional;27 may 2025 ... El encuentro principal será el del martes 23 de septiembre en el Hotel ... Hotel & Convention Center desde las 8 h. 24 de septiembre: se celebrará el ...
Con la participación de referentes mundiales de la especialidad, se ...;https://www.mendoza.gov.ar/prensa/con-la-participacion-de-referentes-mundiales-de-la-especialidad-se-realizara-en-mendoza-el-congreso-nacional-de-cardiologia-2025/;26 may 2025 ... Un espacio destacado en el encuentro ocuparán los temas relacionados con la prevención de enfermedades cardiovasculares, como el taller de hipertensión ...
Sin CFK y a los chispazos, el PJ reunió a su congreso nacional;https://www.mdzol.com/politica/2025/5/21/sin-cfk-los-chispazos-el-pj-reunio-su-congreso-nacional-1210909.html;19 may 2025 ... El encuentro fue convocado por el presidente del congreso partidario y ... Partido Justicialista. Tampoco estuvo presente el gobernador riojano ...
La tremenda confesión de Charlotte Caniggia sobre su incómodo ...;https://viapais.com.ar/entretenimiento/la-tremenda-confesion-de-charlotte-caniggia-sobre-su-incomodo-encuentro-con-steven-tyler-de-aerosmith-que-asco/;15 may 2025 ... Charlotte Caniggia contó detalles de su encuentro con Steven Tyler. “Me saqué una foto con él, no lo conocí”, arrancó aclarando Charlotte. Según relató, todo ...
«Mejorando tu salud cardiovascular» charla con el Médico ...;https://tupungato.gov.ar/?p=46206;13 may 2025 ... El encuentro se desarrollará en el marco del XLII Congreso Nacional de ... Torres será mañana a las 16h en el Hotel Turismo Tupungato (Av. Belgrano ...
Brindaron la charla “Violencia virtual: aspectos y prevención ...;https://www.mendoza.gov.ar/prensa/brindaron-charla-sobre-violencia-virtual-aspectos-y-prevencion-destinada-a-adolescentes/;12 may 2025 ... 13 DE MAYO, 2025. Este primer encuentro, realizado en Tupungato, que contó con la presencia de importantes referentes de la Justicia local, está enmarcado ...
Salud y prevención: controles gratuitos en la Terminal de Mendoza ...;https://www.guaymallen.gob.ar/salud-y-prevencion-controles-gratuitos-en-la-terminal-de-mendoza-por-el-dia-de-la-hipertension-y-el-congreso-nacional-de-cardiologia/;12 may 2025 ... Organizado por la región Cuyo –que reúne a las sociedades de cardiología de Mendoza, San Juan, San Luis y Atuel–, el encuentro es uno de los eventos más ...
Esta es la agenda del Espacio Cultural Julio Le Parc para los ...;https://www.mendoza.gov.ar/prensa/esta-es-la-agenda-del-espacio-cultural-julio-le-parc-para-los-proximos-dias/;7 may 2025 ... Hasta el 11 de mayo se desarrolla el 4º Encuentro Internacional de Charangos ... Brindis de apertura de “La noche de las ideas”, con la Bodega Atamisque.
Maipú será sede de un networking turístico con prestadores de todo ...;https://www.maipu.gob.ar/maipu-sera-sede-de-un-networking-turistico-con-prestadores-de-todo-el-pais/;5 may 2025 ... El encuentro culminará con un after, pensado como una instancia más distendida que permitirá seguir fortaleciendo vínculos en un ambiente relajado y ...
Profesorado en Química;https://www.umaza.edu.ar/landings/quimica;16 may 2025 ... El Programa de Ingreso Universitario está orientado a todos los jóvenes y adultos que desean estudiar en la Universidad Maza ... Que me encuentro en ...
Inscripción a la Universidad Maza;https://www.umaza.edu.ar/inscripcion;16 may 2025 ... Inscripción a la Universidad Maza. Para realizar la Inscripción on-line a ... Que me encuentro en condiciones físicas y psíquicas aptas para cursar ...
Participá en las actividades gratuitas de concientización sobre la ...;https://www.umaza.edu.ar/dia-mundial-de-la-donacion-de-leche-humana-2025;14 may 2025 ... En el marco del Día Mundial de la Donación de Leche Humana, la Universidad Maza se suma a la promoción de esta práctica solidaria a través de distintas ...
¡Así se vivió la Velada de Gala y el acto de cambio de abanderados ...;https://www.umaza.edu.ar/velada-de-gala-y-cambio-de-abanderados-2025;11 may 2025 ... Además, la velada contó con un excelente número artístico que aportó calidez y emoción al encuentro. ... Universidad Maza en las 20 ediciones de esta prestigiosa ...
APERTURA SESIONES ORDINARIAS 185º PERÍODO LEGISLATIVO;https://www.mendoza.gov.ar/wp-content/uploads/sites/5/2025/05/Anexos-Discruso-2025.pdf;30 abr 2025 ... Inmueble, la Universidad Maza, la Universidad Nacional de Cuyo, municipalidades, ... objetivo de federalizar este encuentro, el 6° Foro de Origen e Identidad Gas-.
“Fogones Culturales” y “Noche de las ideas”, espacios de encuentro ...;https://www.mendoza.gov.ar/prensa/fogones-culturales-y-noche-de-las-ideas-espacios-de-encuentro-para-pensar-en-comunidad/;5 may 2025 ... ... encuentro organizado en conjunto con la Alianza Francesa de Mendoza. El subsecretario de Cultura, Diego Gareca, y la directora de Gestión Territorial, Laura ...
Cine gratis en el Microcine Municipal toda la semana;https://www.elsol.com.ar/cultura/cine-gratis-en-el-microcine-municipal-toda-la-semana/;19 may 2025 ... Desde este martes al sábado, la sala dependiente de la Municipalidad de Mendoza proyectará cinco películas. ... Sinopsis: Tras un extraño encuentro en una ...
Pura ternura: fotos, historias y mucho amor detrás de la maratón ...;https://www.mdzol.com/estilo/2025/5/18/pura-ternura-fotos-historias-mucho-amor-detras-de-la-maraton-animal-de-mendoza-1210146.html;17 may 2025 ... La Ciudad de Mendoza fue escenario de un encuentro donde los protagonistas fueron los perros. ... La Municipalidad de Mendoza, además de promover el ...
Jornadas Mujer UNCuyo 2025 - Mendoza;https://ffyl.uncuyo.edu.ar/upload/2c465bf8ec95b62a5e6cf9a5bd49fe18.pdf;12 may 2025 ... Municipalidad de Mendoza (Argentina):. “Mujeres en la cima: la presencia ... Entre estos motivos, destacan el encuentro secreto entre amantes, el ...
Conversatorio sobre Justicia Restaurativa en el Ámbito Penal ...;https://derecho.uncuyo.edu.ar/conversatorio-sobre-justicia-restaurativa-en-el-ambito-penal-juvenil-y-de-la-adultez;26 may 2025 ... ... Poder Judicial. Este espacio representa una oportunidad para repensar el rol ... El encuentro se desarrollará el miércoles 11 de junio de 16.30 a 19 hs.
Derecho Penal – Colegio de Abogados y Procuradores;https://colabogmza.com.ar/tag/derecho-penal/;21 may 2025 ... El encuentro estuvo a cargo de la jefa de la Unidad Fiscal de Violencia de ... Poder Judicial · Eugenio R. Zaffaroni: Videoconferencia sobre el Derecho ...
Cornejo: “En Mendoza estamos comprometidos con la digitalización ...;https://www.mendoza.gov.ar/prensa/cornejo-en-mendoza-estamos-comprometidos-con-la-digitalizacion-de-las-funciones-del-estado/;18 may 2025 ... El encuentro ofrece una experiencia de inmersión en temas clave vinculados a ... Futuro del trabajo en el Poder Judicial. Ley General de Protección de ...
VI Jornadas de Estado Abierto: ¿Qué están haciendo los gobiernos ...;https://www.uch.edu.ar/actividad/354/vi-jornadas-de-estado-abierto-que-estan-haciendo-los-gobiernos-locales;9 may 2025 ... ... encuentro ha contribuido a enriquecer el debate y a profundizar en ... III Jornadas Justicia Abierta: Aportes desde el Poder Judicial para la construcción de un ...
Mendoza se posiciona como polo de innovación tecnológica con un ...;https://www.mendoza.gov.ar/prensa/mendoza-se-posiciona-como-polo-de-innovacion-tecnologica-con-un-gran-evento-sobre-ia/;8 may 2025 ... 9 DE MAYO, 2025. Mañana en la Nave Cultural, Mendoza será sede de Inteligencia artificial y tecnología, un encuentro abierto al público que reunirá a ...
Centro de Mediación – Colegio de Abogados y Procuradores;https://colabogmza.com.ar/tag/centro-de-mediacion/;8 may 2025 ... ... Poder Judicial”, señaló al tiempo que explicaba que se trata de una comisión ... encuentro Eliana Acendón y Valentín Azpilcueta, de la Comisión de ...
La desopilante gastada en Godoy Cruz de Martínez Dupuy a Andino ...;https://www.mdzol.com/deportes/la-desopilante-gastada-godoy-cruz-martinez-dupuy-andino-el-gol-es-un-delincuente-n1256566;29 may 2025 ... Los autores del segundo tanto de Godoy Cruz frente a Grau de Perú por la Copa Sudamericana protagonizaron un lindo momento luego del encuentro en el ...
Invitan a Jornada Interdisciplinaria de Seguridad Vial – Colegio de ...;https://colabogmza.com.ar/invitan-a-jornada-interdisciplinaria-de-seguridad-vial/;28 may 2025 ... Será un encuentro preparatorio del 1º Congreso Internacional de Seguridad Vial y del 2º Congreso Andino de Integración en Emergencias Prehospitalarias.
Invitan a la 3° Jornada Interdisciplinaria de Seguridad Vial – Sitio ...;https://www.malargue.gov.ar/invitan-a-la-3-jornada-interdisciplinaria-de-seguridad-vial/;26 may 2025 ... ... Andino de Integración en Emergencias Prehospitalarias. Este año, el encuentro adquiere un carácter especial para el departamento de Malargüe, que no solo ...
Habemus Papas: el festival de alta cocina que honra la tradición ...;https://ecocuyo.com/nota/148672/habemus-papas-el-festival-de-alta-cocina-que-honra-la-tradicion-andina-en-el-valle-de-uco/;"26 may 2025 ... El encuentro será en La Carrera, Tupungato. ""Habemus Papas"" es una iniciativa conjunta de Tierras Atamisque, en el marco de sus proyectos con visión ..."
Fluidez y Comprensión Lectora: Mendoza comparte su experiencia ...;https://www.mendoza.gov.ar/prensa/fluidez-y-comprension-lectora-mendoza-comparte-su-experiencia-en-la-region/;25 may 2025 ... Por su parte, Alejandro Visama, concejal de Temuco, participó en este encuentro y destacó que es bueno encontrarse con buenas prácticas educativas. “Creemos ...
Solari tiene dos dudas en Godoy Cruz para cerrar el semestre con ...;https://www.mdzol.com/deportes/2025/5/23/solari-tiene-dos-dudas-en-godoy-cruz-para-cerrar-el-semestre-con-grau-1211515.html;22 may 2025 ... Atlético Grau de Perú será el último compromiso del equipo en esta primera parte del año, un encuentro fundamental porque puede decretar el primer lugar de ...
Derecho Penal – Colegio de Abogados y Procuradores;https://colabogmza.com.ar/tag/derecho-penal/;21 may 2025 ... El encuentro estuvo a cargo de la jefa de la Unidad Fiscal de Violencia de Género, Laura Rousselle y Ximena Morales, defensora oficial de la Primera ...
Godoy Cruz empató con Gremio y mantuvo la punta y el invicto en la ...;https://www.diariouno.com.ar/ovacion/futbol/godoy-cruz-empato-gremio-y-mantuvo-la-punta-y-el-invicto-la-copa-sudamericana-n1435849;12 may 2025 ... Andino hizo el gol del Tomba. Godoy Cruz ... TERMINA EL ENCUENTRO! Tweet Button. Like Button. Comentar. 53'. 2T. 53'. 2T. 0'. 2T. 0'.
La fuerte sentencia del extravagante DT de Barcelona tras caer ante ...;https://www.mdzol.com/deportes/2025/5/9/la-fuerte-sentencia-del-extravagante-dt-de-barcelona-tras-caer-ante-river-en-ecuador-este-rival-seguro-va-a-1208121.html;8 may 2025 ... No obstante, previo a ese encuentro, disputarán el lunes a las 20:30 su duelo correspondiente a los octavos de final del Apertura ante Barracas Central. Segundo ...
Guaymallén será parte del 4º Encuentro Internacional de Charangos;https://www.guaymallen.gob.ar/guaymallen-sera-parte-del-4o-encuentro-internacional-de-charangos/;6 may 2025 ... ... Andino Qhapac Ñan o Camino del Inca, comprendido por Colombia, Ecuador ... Participarán también del encuentro Adriana Lubiz (Buenos Aires), Jonathan ...
Ambiente unifica criterios con municipios, empresas y OSC para el ...;https://www.mendoza.gov.ar/prensa/ambiente-unifica-criterios-con-municipios-empresas-y-ongs-para-el-cuidado-del-arbolado-publico/;13 may 2025 ... El Departamento General de Irrigación expuso cómo se gestiona y distribuye ... El Encuentro Anual de Poda refuerza así el compromiso del Ministerio de ...
La Audiencia Pública de Malargüe Distrito Minero Occidental 2 ...;https://www.mendoza.gov.ar/prensa/la-audiencia-publica-de-malargue-distrito-minero-occidental-ii-concluyo-con-exito-tras-dos-jornadas-de-intenso-debate-y-amplia-participacion-ciudadana/;10 may 2025 ... El encuentro contó con más de 150 oradores y cientos de ciudadanos que ... • Departamento General de Irrigación • Municipalidad de Malargüe • Dirección ...
Cornejo inauguró el acueducto Monte Comán- La Horqueta que ...;https://www.diariouno.com.ar/politica/cornejo-inauguro-el-acueducto-monte-coman-la-horqueta-que-dara-competitividad-la-ganaderia-n1434023;9 may 2025 ... Ya operativo, lo manejará el Departamento General de Irrigación con una inspección de cauce creada para estos fines. ... Cornejo, en el último encuentro de la ...
Reunión Anual de RADBU: Bibliotecas universitarias trabajando en ...;https://www.uda.edu.ar/index.php/categoria-uda/1686-radbu;6 may 2025 ... El encuentro, que tuvo lugar en nuestra sede central, contó con la ... • Sergio Terrera – Departamento General de Irrigación • Adrián Méndez ...
Los organismos sectoriales visitaron el proyecto PSJ Cobre ...;https://www.mendoza.gov.ar/prensa/los-organismos-sectoriales-visitaron-el-proyecto-psj-cobre-mendocino/;5 may 2025 ... El encuentro tuvo como finalidad el análisis conjunto de toda la ... Participaron representantes de Municipalidad de Las Heras, Departamento General de Irrigación ...
APERTURA SESIONES ORDINARIAS 185º PERÍODO LEGISLATIVO;https://www.mendoza.gov.ar/wp-content/uploads/sites/5/2025/05/Anexos-Discruso-2025.pdf;30 abr 2025 ... El Departamento General de Irrigación, enfocado en establecer un control sobre ... · ENCUENTRO POR LA DEMOCRACIA: (REALIZADO EL 10 DE DICIEMBRE. 2024). El ...
Marinelli presentó en sociedad el área de control de agua potable y ...;https://www.mendoza.gov.ar/prensa/marinelli-presento-en-sociedad-el-area-de-control-de-agua-potable-y-saneamiento/;29 abr 2025 ... ... Departamento General de Irrigación. Para ello, me acompaña Sebastián Pulido ... El encuentro concluyó con el compromiso de los presentes en seguir ...
PODEs, un programa que revincula a los estudiantes con el sistema ...;https://www.mendoza.gov.ar/prensa/p-o-d-es-un-programa-que-revincula-a-los-estudiantes-con-el-sistema-educativo/;28 may 2025 ... La Dirección General de Escuelas (DGE) realizó este jueves un encuentro, organizado por la Coordinación Provincial del Programa PODEs (Protección y Orientación ...
Allasino encabezó un encuentro estratégico con desarrolladores ...;https://lujandecuyo.gob.ar/2025/05/27/allasino-encabezo-un-encuentro-estrategico-con-desarrolladores-inmobiliarios-de-lujan-de-cuyo/;26 may 2025 ... ... encuentro de trabajo con los principales desarrolladores inmobiliarios del departamento y la provincia. La reunión tuvo como objetivo generar un espacio de ...
Universidad Católica Argentina - UCA;https://www.uca.edu.ar/es/eventos/claep-2025---dia-2;"26 may 2025 ... m. II Encuentro COMER - cuarto panel · 22/9/25 11:00 a. m. Defensa de Trabajo Final MaCA · Ver agenda completa. Clase especial con Mariana Perel; II Encuentro ..."
Mundo Universitario 2025: un encuentro para elegir tu futuro;https://uca.edu.ar/es/noticias/mundo-universitario-2025-un-encuentro-para-elegir-tu-futuro;22 may 2025 ... Mundo Universitario 2025: un encuentro para elegir tu futuro ... La Sede Buenos Aires de la Universidad Católica Argentina fue escenario de una nueva edición de ...
Estudiantes de Letras realizaron actividades de extensión crítica en ...;https://ffyl.uncuyo.edu.ar/estudiantes-de-letras-realizaron-actividades-de-extension-critica-en-territorio;21 may 2025 ... Así, en cada encuentro, se co-construye nuevo conocimiento, gracias la participación de colaboradores expertos y referentes de organizaciones sociales e ...
Escuelas Alfa en Red: encuentro de formación para supervisores de ...;https://www.mendoza.edu.ar/el-programa-escuelas-alfa-en-red-realizo-un-encuentro-de-formacion-para-supervisores-de-nivel-primario/;21 may 2025 ... Escuela Digital · Recursos institucionales · SERVICIOS · Educacionales ... encuentro de formación destinado a supervisores generalistas de Nivel Primario.
Luján le canta a la Patria - Luján de Cuyo;https://lujandecuyo.gob.ar/2025/05/21/lujan-le-canta-a-la-patria/;20 may 2025 ... Hilda Lizarazu y Lito Vitale vuelven a Luján de Cuyo. Durante el encuentro, la Municipalidad repartirá a los presentes tortitas y mate cocido. Es importante ...
Mundo Universitario 2025 - Día 1;https://uca.edu.ar/es/eventos/mundo-universitario-2025-dia-1;19 may 2025 ... I Encuentro RICI - Día 2 · 25/9/25 10:00 a. m. ZOE 50 ans d'édition · Ver agenda completa. Teléfono: 0810-2200-822 (UCA) Buenos Aires Av. Alicia Moreau de Justo ...
Cerca de 7 mil alumnos de colegios secundarios participarán en la ...;https://uca.edu.ar/es/noticias/cerca-de-7-mil-alumnos-de-colegios-secundarios-participaran-en-la-proxima-edicion-de-mundo-universitario-uca;19 may 2025 ... Conscientes de la importancia que reviste para todos los jóvenes la elección de una carrera, la UCA ofrece este encuentro que significará para ellos la ...
área de discapacidad – Sitio oficial;https://www.malargue.gov.ar/tag/area-de-discapacidad/;18 may 2025 ... Hasta el momento, se han inscripto 50 personas, aunque solo 22 asistieron al encuentro presencial. Chiliguay hizo hincapié en que las clases son obligatorias y ...
Jornadas Mujer UNCuyo 2025 - Mendoza;https://ffyl.uncuyo.edu.ar/upload/2c465bf8ec95b62a5e6cf9a5bd49fe18.pdf;12 may 2025 ... Entre estos motivos, destacan el encuentro secreto entre ... de las cuentas-registros Nº 228 del Archivo General de Navarra (Sección Comptos, 1395).
Chile celebra en Mendoza su Día de los Patrimonios culturales 2025;https://www.mendoza.gov.ar/prensa/chile-celebra-en-mendoza-su-dia-de-los-patrimonios-culturales-2025/;28 may 2025 ... “2° Encuentro en Plaza Chile. El Legado de San Martín y O'Higgins”, a cargo de la Colectividad chilena Gabriela Mistral. Plaza Chile, Ciudad de Mendoza. Desde ...
NAVE UNCUYO Llega la cuarta temporada de La Cofradía Pantera ...;https://nave.uncuyo.edu.ar/novedad/llega-la-cuarta-temporada-de-la-cofradia-pantera-del-cine-a-la-nave-uncuyo;19 may 2025 ... El primer encuentro tendrá lugar el miércoles 21 de mayo a las 20h en la ... Con la certeza de que no hay nada como ver cine en el cine llega a la Nave UNCUYO ...
Malargüe celebra la Semana de la Miel 2025 – Sitio oficial;https://www.malargue.gov.ar/malargue-celebra-la-semana-de-la-miel-2025/;15 may 2025 ... 3° premio: $30.000 + entradas al Complejo Planetario Malargüe para todo el curso. ... La Semana de la Miel en Malargüe se consolida como un espacio de encuentro, ...
"La Orquesta Sinfónica UNCuyo ofrecerá el ciclo ""Concierto para la ...";https://www.elsol.com.ar/cultura/la-orquesta-sinfonica-uncuyo-ofrecera-el-ciclo-concierto-para-la-familia/;12 may 2025 ... El propósito de este encuentro es brindar a grandes y chicos una experiencia, formativa y enriquecedora ... : Nave UNCuyo. Día: viernes 16. Hora: 20. Tickets: ...
NAVE UNCUYO ¡Mazel Tov dice sí, acepto y llega al Cine ...;https://nave.uncuyo.edu.ar/novedad/mazel-tov-dice-si-acepto-y-llega-al-cine-universidad;29 abr 2025 ... Anaïs Demoustier es una periodista que está por entrevistar nada menos que a Salvador Dalí, pero el artista abandona el encuentro cuando se da cuenta de que ...
Invitan a participar de Congreso de Criminología Aplicada – Colegio ...;https://colabogmza.com.ar/invitan-a-participar-de-congreso-de-criminologia-aplicada/;28 may 2025 ... Será el 4 y 5 de julio en la Universidad del Aconcagua. Es gratuito con inscripción previa. El I Congreso Iberoamericano de Criminología Aplicada es una ...
CONCEPTOS MX 2025 - Congreso;https://www.intramed.net/content/conceptos-mx-2025;26 may 2025 ... Congreso. CONCEPTOS MX 2025. Congreso Internacional de Medicina de Urgencias. Comienza: 18 de julio de 2025. Finaliza: 19 de julio de 2025. Ubicación: BelAir ...
Con la participación de referentes mundiales de la especialidad, se ...;https://www.mendoza.gov.ar/prensa/con-la-participacion-de-referentes-mundiales-de-la-especialidad-se-realizara-en-mendoza-el-congreso-nacional-de-cardiologia-2025/;26 may 2025 ... ... Congreso Nacional de Cardiología 2025, que se realizará del 29 al 31 de mayo en un importante hotel del Gran Mendoza. En este marco, el sábado 31, a las 9 ...
Una nieve tóxica está destruyendo la ciencia argentina - Facultad ...;https://fcp.uncuyo.edu.ar/una-nieve-toxica-esta-destruyendo-la-ciencia-argentina;26 may 2025 ... ... Congreso Nacional. Ante el acuciante contexto presupuestario y los permanentes recortes a las Universidades Nacionales autoridades universitarias, docentes ...
13º Congreso Mundial de la Sociedad Internacional para los ...;https://www.intramed.net/content/13-congreso-mundial-de-la-sociedad-internacional-para-los-origenes-del-desarrollo-de-la-salud-y-la-enfermedad-dohad-ba;19 may 2025 ... El 13.º Congreso Mundial DOHaD promete ser una oportunidad única para establecer contactos, proporcionando una plataforma para intercambios y colaboraciones ...
XLII Congreso Nacional de Cardiología - Universidad de Mendoza;https://um.edu.ar/noticias/xlii-congreso-nacional-de-cardiologia/;19 may 2025 ... Link para taller de ECG: https://forms.gle/NG1vXuceGRaAt5qs9 Link para inscripción precongreso (incluye beca para el congreso): Inscripción precongreso FAC…
Guaymallén y Provincia hacen controles gratuitos por el Día ...;https://www.guaymallen.gob.ar/guaymallen-y-provincia-hacen-controles-gratuitos-por-el-dia-mundial-de-la-hipertension/;15 may 2025 ... ... Hotel Hilton Mendoza, con la participación de prestigiosos especialistas nacionales e internacionales. ... Consultas sobre el congreso: congreso@fac.org.ar
«Mejorando tu salud cardiovascular» charla con el Médico ...;https://tupungato.gov.ar/?p=46206;13 may 2025 ... El encuentro se desarrollará en el marco del XLII Congreso Nacional de ... Torres será mañana a las 16h en el Hotel Turismo Tupungato (Av. Belgrano ...
Salud y prevención: controles gratuitos en la Terminal de Mendoza ...;https://www.guaymallen.gob.ar/salud-y-prevencion-controles-gratuitos-en-la-terminal-de-mendoza-por-el-dia-de-la-hipertension-y-el-congreso-nacional-de-cardiologia/;12 may 2025 ... El XLII Congreso Nacional de Cardiología tendrá lugar del 29 al 31 de mayo en el Hotel Hilton Mendoza, con la participación de prestigiosos especialistas ...
Congreso Regional de Seguros 2025 Entradas, Mie, 7 may. 2025 a ...;https://www.eventbrite.com.ar/e/congreso-regional-de-seguros-2025-tickets-1291172665199;6 may 2025 ... Eventbrite - 100% SEGURO presenta Congreso Regional de Seguros 2025 - Miércoles, 7 de mayo de 2025 en Quorum Cordoba Hotel - Centro de congresos y ...
ARCA eliminó oficialmente los regímenes de información fiscal: la ...;https://www.elsol.com.ar/el-pais/arca-elimino-oficialmente-los-regimenes-de-informacion-fiscal-la-letra-chica-de-la-medida/;22 may 2025 ... La segunda parte incluirá un proyecto de ley enviado al Congreso, que se conformará en los próximos días. ... Teatro Independencia septiembre 24, 2025 5:44 pm.
Un referente del PRO dijo que habrá una alianza con Javier Milei en ...;https://www.elsol.com.ar/el-pais/un-referente-del-pro-dijo-que-habra-una-alianza-con-javier-milei-en-buenos-aires/;20 may 2025 ... ... Congreso, con el compromiso y la responsabilidad para defender los cambios ... Teatro Independencia septiembre 24, 2025 5:44 pm. San Rafael aprobó su ...
"Alfredo Cornejo le pidió a la Justicia afrontar la ""crisis de legitimidad""";https://www.elsol.com.ar/mendoza/alfredo-cornejo-le-pidio-a-la-justicia-afrontar-la-crisis-de-legitimidad/;18 may 2025 ... El congreso internacional ExpoJud llegó a Mendoza este lunes con una serie ... Teatro Independencia septiembre 24, 2025 5:44 pm. San Rafael aprobó su ...
Jubilaciones: la oposición busca consenso para crear una ...;https://www.elsol.com.ar/el-pais/jubilaciones-la-oposicion-busca-consenso-para-crear-una-prestacion-proporcional-y-subir-el-bono/;16 may 2025 ... Según estimaciones de la Oficina de Presupuesto del Congreso, la prórroga de ... Teatro Independencia septiembre 24, 2025 5:44 pm. San Rafael aprobó su ...
APERTURA SESIONES ORDINARIAS 185º PERÍODO LEGISLATIVO;https://www.mendoza.gov.ar/wp-content/uploads/sites/5/2025/05/Anexos-Discruso-2025.pdf;30 abr 2025 ... El Congreso de Capacitación en Educación Física fue otro hito destacado, consoli- ... talecieron espacios emblemáticos como el Teatro Independencia y el Le ...
Javier Milei habilitó a las universidades a cobrar a los extranjeros ...;https://www.elsol.com.ar/mendoza/javier-milei-habilito-a-las-universidades-a-cobrar-a-los-extranjeros-que-pasara-en-la-uncuyo/;14 may 2025 ... Frente a la consulta de El Sol, desde la Universidad Nacional de Cuyo (UNCuyo) ... Congreso en diciembre de 2023, finalmente no fue votado. Ahora ...
APERTURA SESIONES ORDINARIAS 185º PERÍODO LEGISLATIVO;https://www.mendoza.gov.ar/wp-content/uploads/sites/5/2025/05/Anexos-Discruso-2025.pdf;30 abr 2025 ... El Congreso de Capacitación en Educación Física fue otro hito destacado, consoli- ... · Universidad Nacional de Cuyo (UNCuyo): Programa de Capacitación Perma-.
Especialistas locales e internacionales resaltaron el impacto de la ...;https://www.uncuyo.edu.ar/prensa/especialistas-locales-e-internacionales-resaltaron-el-impacto-de-la-academia-en-la-gestion-territorial;29 abr 2025 ... El rol de las Universidades en el desarrollo regional de Mendoza, que se desarrolló en la Universidad Nacional de Cuyo (UNCUYO), especialistas ...
Untitled;https://www.mendoza.gov.ar/wp-content/uploads/sites/26/2025/05/Informe-de-Gestio%CC%81n-2024.pdf;31 may 2025 ... Universidad de Mendoza y la. Universidad Nacional de Cuyo. ... La Unidad de Gestión de la Salud. Penitenciaria, participó de manera activa en el Congreso de Salud ...
La Universidad será sede del IV Congreso Internacional de Historia ...;https://um.edu.ar/noticias/la-universidad-sera-sede-del-iv-congreso-internacional-de-historia-de-la-orden-de-predicadores-en-america/;26 may 2025 ... El congreso Incluirá también el I Encuentro de Archivistas OP en América y contará con la participación de 60 expositores y varias presentaciones de libros.
XLII Congreso Nacional de Cardiología - Universidad de Mendoza;https://um.edu.ar/noticias/xlii-congreso-nacional-de-cardiologia/;19 may 2025 ... Link para taller de ECG: https://forms.gle/NG1vXuceGRaAt5qs9 Link para inscripción precongreso (incluye beca para el congreso): Inscripción precongreso FAC…
Mendoza reafirmó su compromiso con una minería sostenible en el ...;https://www.mendoza.gov.ar/prensa/mendoza-reafirmo-su-compromiso-con-una-mineria-sostenible-en-el-congreso-internacional-de-medio-ambiente-y-responsabilidad-social/;18 may 2025 ... ... congreso internacional realizado en Santiago de Chile. Reunió a ... Municipalidad de Malargüe, demostrando el compromiso de la Comuna con el análisis ...
Circular Scruton;https://ffyl.uncuyo.edu.ar/upload/8473aa09bd76bfe042c25a6046e1cda5.pdf;17 may 2025 ... 16:00: Apertura del Congreso. 16:45 hs.: Conferencia de apertura: Prof. Andrés Rosler (UBA): “El Estado contra la. Revolución: Roger Scruton y el concepto de ...
Aída Kemelmajer de Carlucci expondrá sobre prevención del daño ...;https://colabogmza.com.ar/aida-kemelmajer-de-carlucci-expondra-sobre-prevencion-del-dano/;17 may 2025 ... Aída Kemelmajer de Carlucci es Doctora en Derecho por la Universidad de Mendoza. ... Congreso de la Nación Argentina y la Real Academia de España. Tribunales ...
La FAD será sede del 10º Congreso Latinoamericano DiSur ...;https://fad.uncuyo.edu.ar/la-fad-sera-sede-del-10-congreso-latinoamericano-de-diseno-disur;14 may 2025 ... La Facultad de Artes y Diseño de la Universidad Nacional de Cuyo será anfitriona del 10º Congreso Latinoamericano DiSur, que se realizará los días 23 y 24 ...
Información sobre Aranceles de Junio ... - Universidad de Congreso;https://www.ucongreso.edu.ar/universidad-de-congreso-informacion-sobre-aranceles-de-junio-2025/;14 may 2025 ... Me gustaría saber precio actual de la matricula, valor de cuota mensual y sobre los horarios de cursado. Muchas gracias. Universidad de Congreso. 2 septiembre, ...
La UM festejó su 65ª Aniversario - Universidad de Mendoza;https://um.edu.ar/noticias/la-um-festejo-su-65a-aniversario/;"13 may 2025 ... director de la Junta de Estudios Históricos de Mendoza, Dr. Raúl Romero Day; El Sr. Rector de la Universidad de Congreso, Mgtr. Rubén Darío Bresso; El Sr Rector ..."
Jornadas Mujer UNCuyo 2025 - Mendoza;https://ffyl.uncuyo.edu.ar/upload/2c465bf8ec95b62a5e6cf9a5bd49fe18.pdf;12 may 2025 ... Mariana Guerrero, Universidad de Congreso de Mendoza, Argentina: “Li. Qingzhao, una valiente poetisa de la dinastía Song (China, siglo XII)”. Gabriela ...
Mendoza 26 de Septiembre 2024. Arquitecta SOLEDAD BARROS ...;https://www.mendoza.gov.ar/wp-content/uploads/sites/81/2025/05/IF-2024-08470550-GDEMZA-SAYOT.pdf;31 may 2025 ... Cordillera de los Andes. La variabilidad de las nevadas (y de los caudales ... Estructuras, Relatorio XII Congreso. Geológico. 19 pp. V. Ramos Ed ...
Consejo Profesional de Ciencias Económicas de Mendoza ...;https://cpcemza.org.ar/A6070_respuesta-oficial-sobre-el-regimen-de-regularizacion-de-activos;21 may 2025 ... El Consejo Profesional de Ciencias Económicas de Mendoza informa que la ... Información importante del 25° Congreso Nacional en Ciencias Económicas.
APERTURA SESIONES ORDINARIAS 185º PERÍODO LEGISLATIVO;https://www.mendoza.gov.ar/wp-content/uploads/sites/5/2025/05/Anexos-Discruso-2025.pdf;30 abr 2025 ... El Congreso de Capacitación en Educación Física fue otro hito destacado ... El Espacio Cultural Julio Le Parc vivió una etapa de gran vitalidad con más de.
CONCEPTOS MX 2025 - Congreso;https://www.intramed.net/content/conceptos-mx-2025;26 may 2025 ... Congreso. CONCEPTOS MX 2025. Congreso Internacional de Medicina de Urgencias. Comienza: 18 de julio de 2025. Finaliza: 19 de julio de 2025. Ubicación: BelAir ...
Con la participación de referentes mundiales de la especialidad, se ...;https://www.mendoza.gov.ar/prensa/con-la-participacion-de-referentes-mundiales-de-la-especialidad-se-realizara-en-mendoza-el-congreso-nacional-de-cardiologia-2025/;26 may 2025 ... ... Congreso Nacional de Cardiología 2025, que se realizará del 29 al 31 de mayo en un importante hotel del Gran Mendoza. En este marco, el sábado 31, a las 9 ...
Una nieve tóxica está destruyendo la ciencia argentina - Facultad ...;https://fcp.uncuyo.edu.ar/una-nieve-toxica-esta-destruyendo-la-ciencia-argentina;26 may 2025 ... ... Congreso Nacional. Ante el acuciante contexto presupuestario y los permanentes recortes a las Universidades Nacionales autoridades universitarias, docentes ...
13º Congreso Mundial de la Sociedad Internacional para los ...;https://www.intramed.net/content/13-congreso-mundial-de-la-sociedad-internacional-para-los-origenes-del-desarrollo-de-la-salud-y-la-enfermedad-dohad-ba;19 may 2025 ... El 13.º Congreso Mundial DOHaD promete ser una oportunidad única para establecer contactos, proporcionando una plataforma para intercambios y colaboraciones ...
XLII Congreso Nacional de Cardiología - Universidad de Mendoza;https://um.edu.ar/noticias/xlii-congreso-nacional-de-cardiologia/;19 may 2025 ... Link para taller de ECG: https://forms.gle/NG1vXuceGRaAt5qs9 Link para inscripción precongreso (incluye beca para el congreso): Inscripción precongreso FAC…
Guaymallén y Provincia hacen controles gratuitos por el Día ...;https://www.guaymallen.gob.ar/guaymallen-y-provincia-hacen-controles-gratuitos-por-el-dia-mundial-de-la-hipertension/;15 may 2025 ... Congreso Nacional de Cardiología en Mendoza. La actividad desarrollada por la Municipalidad de Guaymallén y el Ministerio de Salud está ineludiblemente ligada ...
«Mejorando tu salud cardiovascular» charla con el Médico ...;https://tupungato.gov.ar/?p=46206;13 may 2025 ... El encuentro se desarrollará en el marco del XLII Congreso Nacional de ... Torres será mañana a las 16h en el Hotel Turismo Tupungato (Av. Belgrano ...
Salud y prevención: controles gratuitos en la Terminal de Mendoza ...;https://www.guaymallen.gob.ar/salud-y-prevencion-controles-gratuitos-en-la-terminal-de-mendoza-por-el-dia-de-la-hipertension-y-el-congreso-nacional-de-cardiologia/;12 may 2025 ... En el marco del XLII Congreso Nacional de Cardiología y en conmemoración del Día Mundial de la Hipertensión Arterial, la Municipalidad de Guaymallén, a través ...
Congreso Regional de Seguros 2025 Entradas, Mie, 7 may. 2025 a ...;https://www.eventbrite.com.ar/e/congreso-regional-de-seguros-2025-tickets-1291172665199;6 may 2025 ... Eventbrite - 100% SEGURO presenta Congreso Regional de Seguros 2025 - Miércoles, 7 de mayo de 2025 en Quorum Cordoba Hotel - Centro de congresos y ...
Untitled;https://www.mendoza.gov.ar/wp-content/uploads/sites/26/2025/05/Informe-de-Gestio%CC%81n-2024.pdf;31 may 2025 ... La Unidad de Gestión de la Salud. Penitenciaria, participó de manera activa en el Congreso de Salud Mental 2024, que tuvo lugar en la provincia de. Mendoza ...
Invitan a la 3° Jornada Interdisciplinaria de Seguridad Vial – Sitio ...;https://www.malargue.gov.ar/invitan-a-la-3-jornada-interdisciplinaria-de-seguridad-vial/;26 may 2025 ... ª Jornada Interdisciplinaria de Seguridad Vial, evento preparatorio del 1.º Congreso ... Instituto Universitario de Seguridad Pública, la Unidad Ejecutiva ...
Los 31 hitos con los que la COVIAR se defendió ante el intento de ...;https://www.diariouno.com.ar/politica/los-31-hitos-los-que-la-coviar-se-defendio-el-intento-eliminarla-n1433380;9 may 2025 ... ... Instituto Nacional de Vitivinicultura, Wines of Argentina, Unión ... Apoyamos la diferenciación aprobada por el Congreso Nacional el 2018. Los ...
Centro de Mediación – Colegio de Abogados y Procuradores;https://colabogmza.com.ar/tag/centro-de-mediacion/;8 may 2025 ... ... Congreso Mundial de Mediación celebrado en Salta, Argentina. María Gabriela Martínez Iluminatti es abogada, mediadora conciliadora, docente de Grado y ...
APERTURA SESIONES ORDINARIAS 185º PERÍODO LEGISLATIVO;https://www.mendoza.gov.ar/wp-content/uploads/sites/5/2025/05/Anexos-Discruso-2025.pdf;30 abr 2025 ... El Congreso de Capacitación en Educación Física fue otro hito destacado, consoli- ... temente autorizado por el Instituto Nacional de Vitivinicultura. La cantidad ...
Marinelli presentó en sociedad el área de control de agua potable y ...;https://www.mendoza.gov.ar/prensa/marinelli-presento-en-sociedad-el-area-de-control-de-agua-potable-y-saneamiento/;29 abr 2025 ... También, se repasó la experiencia del Congreso de la Asociación de Entes Reguladores de Agua y Saneamiento de las Américas (Aderasa), celebrado en Brasil. Uno ...
Universidades mendocinas unidas por la sostenibilidad - Prensa ...;https://www.uncuyo.edu.ar/prensa/universidades-mendocinas-unidas-por-la-sostenibilidad;29 abr 2025 ... ... Congreso, Champagnat, Maza, Católica Argentina, Siglo 21 y el Instituto Universitario de Ciencias Empresariales colaboran en una propuesta denominada Acción ...
Daniel Orozco se relanzó a la política y dejó abierta la incógnita ...;https://www.diariouno.com.ar/politica/daniel-orozco-se-relanzo-la-politica-y-dejo-abierta-la-incognita-que-cargo-busca-ocupar-n1441949;29 may 2025 ... Aunque no descartó sus intenciones de llegar al Congreso, a la Legislatura o ... Municipalidad de Las Heras -entre ellos el subsecretario de Políticas ...
APERTURA SESIONES ORDINARIAS 185º PERÍODO LEGISLATIVO;https://www.mendoza.gov.ar/wp-content/uploads/sites/5/2025/05/Anexos-Discruso-2025.pdf;30 abr 2025 ... por la Municipalidad de Las Heras a través de un convenio marco suscrito con ... El Congreso de Capacitación en Educación Física fue otro hito destacado, consoli-.
xi congreso internacional de dispositivos tecnologicos y pedagogicos;https://www.eventbrite.com.ar/e/xi-congreso-internacional-de-dispositivos-tecnologicos-y-pedagogicos-tickets-1318168490439;30 may 2025 ... Eventbrite - ACCYTPCSDE - Congresos y Capacitaciones presents XI CONGRESO INTERNACIONAL DE DISPOSITIVOS TECNOLOGICOS Y PEDAGOGICOS - Saturday, May 31, ...
Universidad Católica Argentina - UCA;https://uca.edu.ar/es/comunicacion-institucional/noticias;"29 may 2025 ... Congreso internacional ""Familia Siglo XXI: Protagonismo, belleza y misión""- 10/26/22 · Infancias y pobrezas- 10/26/22 · La Dra. Florencia Cayrol fue elegida ..."
Taller didáctico: Armado de CVs y Primer Entrevista - Universidad ...;https://www.ucongreso.edu.ar/taller-didactico-armado-de-cvs-y-primer-entrevista/;28 may 2025 ... Las postulaciones se realizan únicamente por Gestión Web. La Universidad de Congreso permite que los estudiantes puedan postularse para las Becas por Convenio y ...
Invitan a participar de Congreso de Criminología Aplicada – Colegio ...;https://colabogmza.com.ar/invitan-a-participar-de-congreso-de-criminologia-aplicada/;28 may 2025 ... Será el 4 y 5 de julio en la Universidad del Aconcagua. Es gratuito con inscripción previa. El I Congreso Iberoamericano de Criminología Aplicada es una ...
"""Esta ley plantea una metodología que asegure el financiamiento ...";https://www.uncuyo.edu.ar/prensa/esta-ley-plantea-una-metodologia-que-asegure-el-financiamiento-sin-generar-deficit;27 may 2025 ... Lo expresó la rectora Esther Sanchez, acompañada por el vicerrector Gabriel Fidel, luego de la presentación ante el Congreso del proyecto de Ley de ...
XI CONGRESO INTERAMERICANO DE ONCOLOGÍA. ¡BECAS ...;https://www.intramed.net/content/xi-congreso-interamericano-de-oncologia;27 may 2025 ... XI CONGRESO INTERAMERICANO DE ONCOLOGÍA. ¡BECAS PRESENCIALES DISPONIBLES ... Alicia M. de Justo 1680 - Universidad Católica Argentina Edificio San José – Salón de ...
La Universidad Pública va al Congreso: presentan un proyecto de ...;https://derecho.uncuyo.edu.ar/la-universidad-publica-va-al-congreso-presentan-un-proyecto-de-ley-de-financiamiento-universitario;27 may 2025 ... El próximo miércoles 28 de mayo, la comunidad universitaria y científica del país presentará en el Congreso de la Nación un proyecto de Ley de ...
La Universidad de Congreso presente en el II Encuentro de ...;https://www.ucongreso.edu.ar/la-universidad-de-congreso-presente-en-el-ii-encuentro-de-rectores-universitarios-por-el-cuidado-de-la-casa-comun/;26 may 2025 ... El rector de la Universidad de Congreso, Mgter. Rubén Bresso, participó del II Encuentro de Rectores Universitarios por el Cuidado de la Casa Común, ...
Universidad Champagnat;https://uch.edu.ar/filtro_Noticia_car/2;26 may 2025 ... La Universidad Champagnat comparte la convocatoria REDAPPE para la presentación de resúmenes de artículos inéditos, en el marco del I Congreso Nacional de ...
San Juan: La Universidad de Congreso homenajea a Malvinas con ...;https://www.ucongreso.edu.ar/san-juan-la-universidad-de-congreso-homenajea-a-malvinas-con-una-muestra-fotografica-y-un-libro-conmemorativo/;26 may 2025 ... San Juan: La Universidad de Congreso homenajea a Malvinas con una muestra fotográfica y un libro conmemorativo. 27 mayo, 2025. Del 10 al 13 de junio, el Centro ...
Untitled;https://www.mendoza.gov.ar/wp-content/uploads/sites/26/2025/05/Informe-de-Gestio%CC%81n-2024.pdf;31 may 2025 ... La Unidad de Gestión de la Salud. Penitenciaria, participó de manera activa en el Congreso de Salud Mental 2024, que tuvo lugar en la provincia de. Mendoza, los ...
Fuerte enojo de Luis Petri con Alfredo Cornejo por la definición de ...;https://www.diariouno.com.ar/politica/fuerte-enojo-luis-petri-alfredo-cornejo-la-definicion-las-candidaturas-la-ucr-n1442085;30 may 2025 ... Luis Petri y su faltazo al Congreso de la UCR. Mientras tanto, encabezó otro acto en su fundación Mendocinos por el Futuro. Foto: Gentileza Mendocinos por el ...
La UNCuyo busca apoyo político para una nueva ley de ...;https://www.elsol.com.ar/mendoza/la-uncuyo-busca-apoyo-politico-para-una-nueva-ley-de-financiamiento-universitario/;27 may 2025 ... La rectora de la Universidad Nacional de Cuyo, Esther Sánchez, pidió el apoyo ... Congreso. La iniciativa del Consejo Interuniversitario Nacional fue ...
"""Esta ley plantea una metodología que asegure el financiamiento ...";https://www.uncuyo.edu.ar/prensa/esta-ley-plantea-una-metodologia-que-asegure-el-financiamiento-sin-generar-deficit;27 may 2025 ... Lo expresó la rectora Esther Sanchez, acompañada por el vicerrector Gabriel Fidel, luego de la presentación ante el Congreso del proyecto de Ley de ...
Una nieve tóxica está destruyendo la ciencia argentina - Facultad ...;https://fcp.uncuyo.edu.ar/una-nieve-toxica-esta-destruyendo-la-ciencia-argentina;26 may 2025 ... ... Congreso Nacional. Ante el acuciante contexto presupuestario y los permanentes recortes a las Universidades Nacionales autoridades universitarias, docentes ...
Circular Scruton;https://ffyl.uncuyo.edu.ar/upload/8473aa09bd76bfe042c25a6046e1cda5.pdf;17 may 2025 ... 16:00: Apertura del Congreso. 16:45 hs.: Conferencia de apertura: Prof. Andrés Rosler (UBA): “El Estado contra la. Revolución: Roger Scruton y el concepto de ...
Aída Kemelmajer de Carlucci expondrá sobre prevención del daño ...;https://colabogmza.com.ar/aida-kemelmajer-de-carlucci-expondra-sobre-prevencion-del-dano/;17 may 2025 ... Ejerció como profesora Titular de Derecho Civil en la Facultad de Derecho de la Universidad Nacional de Cuyo ... Congreso de la Nación Argentina y la Real ...
La FAD será sede del 10º Congreso Latinoamericano DiSur ...;https://fad.uncuyo.edu.ar/la-fad-sera-sede-del-10-congreso-latinoamericano-de-diseno-disur;14 may 2025 ... La Facultad de Artes y Diseño de la Universidad Nacional de Cuyo será anfitriona del 10º Congreso Latinoamericano DiSur, que se realizará los días 23 y 24 ...
Javier Milei habilitó a las universidades a cobrar a los extranjeros ...;https://www.elsol.com.ar/mendoza/javier-milei-habilito-a-las-universidades-a-cobrar-a-los-extranjeros-que-pasara-en-la-uncuyo/;14 may 2025 ... Si bien el cobro a extranjeros no residentes estaba incluido en la versión original de la Ley Bases, presentada en el Congreso en diciembre de 2023, finalmente ...
Jornadas Mujer UNCuyo 2025 - Mendoza;https://ffyl.uncuyo.edu.ar/upload/2c465bf8ec95b62a5e6cf9a5bd49fe18.pdf;12 may 2025 ... Mariana Guerrero, Universidad de Congreso de Mendoza, Argentina: “Li ... Petróleo de la Universidad Nacional de Cuyo. El objetivo del trabajo consiste en.
El peronismo resolvió que habrá elecciones internas abiertas en ...;https://www.mdzol.com/politica/el-peronismo-resolvio-que-habra-elecciones-internas-abiertas-mendoza-n1257239;30 may 2025 ... En el Congreso realizado este sábado el Partido Justicialista resolvió la forma en que elegirá a sus candidatos.
El PJ de Mendoza celebra su Congreso provincial en busca de ...;https://www.elsol.com.ar/mendoza/el-pj-de-mendoza-celebra-su-congreso-provincial-en-busca-de-definiciones/;30 may 2025 ... El Partido Justicialista (PJ) de Mendoza celebrará este sábado 31 de mayo, desde las 10 hs. y en la sede del gremio UPCN de Ciudad, un nuevo Congreso.
El Partido Justicialista acordó elecciones internas para votar a sus ...;https://www.diariouno.com.ar/politica/el-pj-acordo-elecciones-internas-elegir-candidatos-y-dio-libertad-sus-afiliados-ir-fuera-n1442042;30 may 2025 ... El Partido Justicialista acordó elecciones internas para votar a sus candidatos ... congreso partidario sea en San Rafael, como estaba proyectado que se hiciera ...
Los tres planteos del kirchnerismo a los intendentes, tras la tregua ...;https://www.mdzol.com/politica/los-tres-planteos-del-kirchnerismo-los-intendentes-la-tregua-del-congreso-n1257399;30 may 2025 ... ... Congreso partidario ... Partido Justicialista, de cara a las elecciones 2025. Más allá que haya habido una tregua entre ...
CONCEPTOS MX 2025 - Congreso;https://www.intramed.net/content/conceptos-mx-2025;26 may 2025 ... Congreso. CONCEPTOS MX 2025. Congreso Internacional de Medicina de Urgencias. Comienza: 18 de julio de 2025. Finaliza: 19 de julio de 2025. Ubicación: BelAir ...
Con la participación de referentes mundiales de la especialidad, se ...;https://www.mendoza.gov.ar/prensa/con-la-participacion-de-referentes-mundiales-de-la-especialidad-se-realizara-en-mendoza-el-congreso-nacional-de-cardiologia-2025/;26 may 2025 ... ... Congreso Nacional de Cardiología 2025, que se realizará del 29 al 31 de mayo en un importante hotel del Gran Mendoza. En este marco, el sábado 31, a las 9 ...
Una nieve tóxica está destruyendo la ciencia argentina - Facultad ...;https://fcp.uncuyo.edu.ar/una-nieve-toxica-esta-destruyendo-la-ciencia-argentina;26 may 2025 ... ... Congreso Nacional. Ante el acuciante contexto presupuestario y los permanentes recortes a las Universidades Nacionales autoridades universitarias, docentes ...
13º Congreso Mundial de la Sociedad Internacional para los ...;https://www.intramed.net/content/13-congreso-mundial-de-la-sociedad-internacional-para-los-origenes-del-desarrollo-de-la-salud-y-la-enfermedad-dohad-ba;19 may 2025 ... El 13.º Congreso Mundial DOHaD promete ser una oportunidad única para establecer contactos, proporcionando una plataforma para intercambios y colaboraciones ...
Sin CFK y a los chispazos, el PJ reunió a su congreso nacional;https://www.mdzol.com/politica/2025/5/21/sin-cfk-los-chispazos-el-pj-reunio-su-congreso-nacional-1210909.html;19 may 2025 ... ... Congreso del PJ. Foto: PJ. En medio de la interna peronista de cara al armado electoral, el Partido Justicialista (PJ) reunió a su congreso este martes con ...
XLII Congreso Nacional de Cardiología - Universidad de Mendoza;https://um.edu.ar/noticias/xlii-congreso-nacional-de-cardiologia/;19 may 2025 ... Link para taller de ECG: https://forms.gle/NG1vXuceGRaAt5qs9 Link para inscripción precongreso (incluye beca para el congreso): Inscripción precongreso FAC…
La UM festejó su 65ª Aniversario - Universidad de Mendoza;https://um.edu.ar/noticias/la-um-festejo-su-65a-aniversario/;"13 may 2025 ... Raúl Romero Day; El Sr. Rector de la Universidad de Congreso, Mgtr. Rubén Darío Bresso; El Sr Rector de la Universidad Maza, Dr. Daniel Miranda ..."
INFORME DE MEDICIÓN DE HUELLA DE CARBONO;https://www.umaza.edu.ar/archivos/INFORME%20FINAL%20CIE%20UMAZA-%20%20Huella%20de%20C%20evento.pdf;4 may 2025 ... INFORME FINAL DE MEDICIÓN DE HUELLA DE CARBONO EN “I CONGRESO INTERNACIONAL DE. EMPRENDEDURISMO”. 1. Introducción. La Universidad Maza reafirma un fuerte ...
APERTURA SESIONES ORDINARIAS 185º PERÍODO LEGISLATIVO;https://www.mendoza.gov.ar/wp-content/uploads/sites/5/2025/05/Anexos-Discruso-2025.pdf;30 abr 2025 ... Inmueble, la Universidad Maza, la Universidad Nacional de Cuyo ... El Congreso de Capacitación en Educación Física fue otro hito destacado, consoli-.
Jornadas Mujer UNCuyo 2025 - Mendoza;https://ffyl.uncuyo.edu.ar/upload/2c465bf8ec95b62a5e6cf9a5bd49fe18.pdf;12 may 2025 ... Municipalidad de Mendoza (Argentina):. “Mujeres en la cima: la presencia femenina ... Mariana Guerrero, Universidad de Congreso de Mendoza, Argentina: “Li.
El PJ de Mendoza celebra su Congreso provincial en busca de ...;https://www.elsol.com.ar/mendoza/el-pj-de-mendoza-celebra-su-congreso-provincial-en-busca-de-definiciones/;30 may 2025 ... cambio de sede del Congreso —previsto originalmente en San Rafael y ... Poder Judicial. Más allá de no ser congresal, su ausencia no deja de ser ...
Los senadores cierran la reunión por la ampliación de la Corte ...;https://www.mdzol.com/politica/2025/5/28/los-senadores-cierran-la-reunion-por-la-ampliacion-de-la-corte-suprema-la-agn-1212677.html;27 may 2025 ... Tras el fallido intento del Gobierno de imponer jueces por decreto, el Congreso retomó la discusión este miércoles en un plenario de comisiones ... Poder Judicial ...
Derecho Penal – Colegio de Abogados y Procuradores;https://colabogmza.com.ar/tag/derecho-penal/;21 may 2025 ... ... Poder Judicial · Eugenio R. Zaffaroni: Videoconferencia sobre el Derecho ... La Universidad de Congreso ofrece una videoconferencia del Dr. Eugenio R ...
"Alfredo Cornejo le pidió a la Justicia afrontar la ""crisis de legitimidad""";https://www.elsol.com.ar/mendoza/alfredo-cornejo-le-pidio-a-la-justicia-afrontar-la-crisis-de-legitimidad/;18 may 2025 ... El congreso internacional ExpoJud llegó a Mendoza este lunes con una serie de representantes del poder judicial de varios países de la región, que se.
Centro de Mediación – Colegio de Abogados y Procuradores;https://colabogmza.com.ar/tag/centro-de-mediacion/;8 may 2025 ... ... Poder Judicial”, señaló al tiempo que explicaba que se trata de una comisión ... Congreso Mundial de Mediación celebrado en Salta, Argentina. María ...
Mendoza 26 de Septiembre 2024. Arquitecta SOLEDAD BARROS ...;https://www.mendoza.gov.ar/wp-content/uploads/sites/81/2025/05/IF-2024-08470550-GDEMZA-SAYOT.pdf;31 may 2025 ... Clubes andinos y grupos de montaña (Club Andino San Carlos, Club Andino Tunuyán, etc.) ... Estructuras, Relatorio XII Congreso. Geológico. 19 pp. V. Ramos Ed. - ...
Invitan a Jornada Interdisciplinaria de Seguridad Vial – Colegio de ...;https://colabogmza.com.ar/invitan-a-jornada-interdisciplinaria-de-seguridad-vial/;28 may 2025 ... Será un encuentro preparatorio del 1º Congreso Internacional de Seguridad Vial y del 2º Congreso Andino de Integración en Emergencias Prehospitalarias.
Invitan a la 3° Jornada Interdisciplinaria de Seguridad Vial – Sitio ...;https://www.malargue.gov.ar/invitan-a-la-3-jornada-interdisciplinaria-de-seguridad-vial/;26 may 2025 ... ª Jornada Interdisciplinaria de Seguridad Vial, evento preparatorio del 1.º Congreso Internacional de Seguridad Vial y del 2.º Congreso Andino de Integración en ...
Derecho Penal – Colegio de Abogados y Procuradores;https://colabogmza.com.ar/tag/derecho-penal/;21 may 2025 ... La Universidad de Congreso ofrece una videoconferencia del Dr. Eugenio R ... Congreso. Pedro Molina 447 Ciudad (5500) Mendoza - Argentina Tel/Fax: (0261) ...
La garantía que dio Javier Milei para que los argentinos saquen sus ...;https://www.elsol.com.ar/el-pais/la-garantia-que-dio-javier-milei-para-que-los-argentinos-saquen-sus-dolares-del-colchon/;13 may 2025 ... Al disertar en el cierre del 42 Congreso de IAEF, Milei sostuvo que “los que fugaron la plata no son delincuentes, son héroes“. “Nosotros hemos permitido y ...
Jornadas Mujer UNCuyo 2025 - Mendoza;https://ffyl.uncuyo.edu.ar/upload/2c465bf8ec95b62a5e6cf9a5bd49fe18.pdf;12 may 2025 ... Mariana Guerrero, Universidad de Congreso de Mendoza, Argentina: “Li. Qingzhao, una valiente poetisa de la dinastía Song (China, siglo XII)”. Gabriela ...
Por qué el FMI propone el modelo peruano para combatir la ...;https://www.mdzol.com/dinero/2025/5/1/por-que-el-fmi-propone-el-modelo-peruano-para-combatir-la-inflacion-en-argentina-1206263.html;30 abr 2025 ... ... andino. Foto: Twitter Coloquio IDEA ... Las que, a su vez, prohíben el financiamiento de un déficit fiscal, salvo aprobación por mayoría absoluta del Congreso ...
APERTURA SESIONES ORDINARIAS 185º PERÍODO LEGISLATIVO;https://www.mendoza.gov.ar/wp-content/uploads/sites/5/2025/05/Anexos-Discruso-2025.pdf;30 abr 2025 ... Maestro Cervecero, Guía Náutico Andino, Gestor en Logística Minera, Adminis- ... El Congreso de Capacitación en Educación Física fue otro hito destacado, consoli-.
Mendoza 26 de Septiembre 2024. Arquitecta SOLEDAD BARROS ...;https://www.mendoza.gov.ar/wp-content/uploads/sites/81/2025/05/IF-2024-08470550-GDEMZA-SAYOT.pdf;31 may 2025 ... Del Departamento General de Irrigación. Calidad de efluentes en cauces de ... Estructuras, Relatorio XII Congreso. Geológico. 19 pp. V. Ramos Ed ...
Reunión Anual de RADBU: Bibliotecas universitarias trabajando en ...;https://www.uda.edu.ar/index.php/categoria-uda/1686-radbu;6 may 2025 ... • Paola García – Universidad de Congreso • Guillermo Diedrichs – Biblioteca ... • Sergio Terrera – Departamento General de Irrigación • Adrián Méndez ...
APERTURA SESIONES ORDINARIAS 185º PERÍODO LEGISLATIVO;https://www.mendoza.gov.ar/wp-content/uploads/sites/5/2025/05/Anexos-Discruso-2025.pdf;30 abr 2025 ... El Departamento General de Irrigación, enfocado en establecer un ... El Congreso de Capacitación en Educación Física fue otro hito destacado, consoli-.
Marinelli presentó en sociedad el área de control de agua potable y ...;https://www.mendoza.gov.ar/prensa/marinelli-presento-en-sociedad-el-area-de-control-de-agua-potable-y-saneamiento/;29 abr 2025 ... ... Departamento General de Irrigación. Para ello, me acompaña Sebastián Pulido ... También, se repasó la experiencia del Congreso de la Asociación de ...
PODEs, un programa que revincula a los estudiantes con el sistema ...;https://www.mendoza.gov.ar/prensa/p-o-d-es-un-programa-que-revincula-a-los-estudiantes-con-el-sistema-educativo/;28 may 2025 ... El encuentro se desarrolló en la Universidad de Congreso, en la ciudad de Mendoza. La coordinadora provincial del programa PODEs, Claudia Abdón, explicó que ...
La DGE presentó el programa Creciendo con el Corazón Sano, en ...;https://www.mendoza.gov.ar/prensa/la-dge-presento-el-programa-creciendo-con-el-corazon-sano-en-el-congreso-nacional-de-cardiologia/;28 may 2025 ... En el marco del Congreso Nacional de Cardiología, la Dirección General de Escuelas (DGE) presentó este jueves el proyecto denominado Creciendo con el Corazón ...
La Universidad Pública va al Congreso: presentan un proyecto de ...;https://derecho.uncuyo.edu.ar/la-universidad-publica-va-al-congreso-presentan-un-proyecto-de-ley-de-financiamiento-universitario;27 may 2025 ... El próximo miércoles 28 de mayo, la comunidad universitaria y científica del país presentará en el Congreso de la Nación un proyecto de Ley de ...
Día Nacional de los Jardines de Infantes y de la Maestra Jardinera ...;https://educacion.uncuyo.edu.ar/dia-nacional-de-los-jardines-de-infantes-y-de-la-maestra-jardinera73;27 may 2025 ... En 1900 fundó el primer jardín de infantes argentino, como anexo a la Escuela Normal de La Rioja. ... Participó también del Primer Congreso Patriótico de Señoras ...
El Perrupato organiza el Primer Congreso de Niñez y Adolescencia ...;https://www.mendoza.gov.ar/prensa/el-perrupato-organiza-el-1o-congreso-de-ninez-y-adolescencia-en-la-zona-este/;7 may 2025 ... El Servicio de Pediatría del Hospital Perrupato organiza el Primer Congreso Provincial de Pediatría “Los desafíos del otoño”, con el fin de actualizar los temas ...
"Presentación de la obra ""El caso de abuso y libertad sexual. La ...";https://derecho.uncuyo.edu.ar/presentacion-del-libro-el-caso-de-abuso-y-libertad-sexual-la-ficcion-como-garantia-contra-el-desvio-del-proceso-penal;4 may 2025 ... Profesor Titular de Derecho Penal en la Universidad de Congreso. Autor de los siguientes libros: - Muros y voces. - Temas de Derecho penal y Criminología ...
Jornadas Mujer UNCuyo 2025 - Mendoza;https://ffyl.uncuyo.edu.ar/upload/2c465bf8ec95b62a5e6cf9a5bd49fe18.pdf;12 may 2025 ... Mariana Guerrero, Universidad de Congreso de Mendoza, Argentina: “Li ... de las cuentas-registros Nº 228 del Archivo General de Navarra (Sección Comptos, 1395).
Chau VISA: los argentinos no la necesitan más para entrar a este ...;https://viapais.com.ar/informacion-general/chau-visa-los-argentinos-no-la-necesitan-mas-para-entrar-a-este-pais-gigante/;31 may 2025 ... ... conferencia de prensa celebrada a mediados de mayo. La medida busca fortalecer las relaciones diplomáticas, comerciales y turísticas con la región. ¿Qué ...
Karina Milei, Bullrich y Menem desembarcan en Misiones para ...;https://www.mdzol.com/politica/karina-milei-bullrich-y-menem-desembarcan-misiones-respaldar-al-extenista-libertario-n1256440;29 may 2025 ... Al día siguiente, los tres referentes abrirán la jornada a las 8.45 con una conferencia de prensa desde el Hotel Julio César para presentar las propuestas y ...
ADN confirmado: Tamara Fierro fue asesinada y su cuerpo ...;https://viapais.com.ar/jujuy/adn-confirmado-tamara-fierro-fue-asesinada-y-su-cuerpo-brutalmente-desmembrado/;28 may 2025 ... En conferencia de prensa ofrecida en la ciudad de Libertador General San Martín, donde tiene asiento la fiscalía regional del Ministerio Público de la ...
International Symposium of Existential Therapy y la 6ª Conferencia ...;https://www.uda.edu.ar/index.php/noticias-psi/1706-international-symposium-of-existential-therapy-y-la-6a-conferencia-europea-de-terapia-existencial;25 may 2025 ... ¡Gran noticia para la comunidad académica de la Facultad de Psicología de la Universidad del Aconcagua! ... Conferencia Europea de Terapia Existencial ...
Córdoba: la historia detrás de la fuga más grande de una cárcel de ...;https://viapais.com.ar/cordoba/cordoba-la-historia-detras-de-la-fuga-mas-grande-de-una-carcel-de-mujeres-en-sudamerica/;24 may 2025 ... Así se veía la cárcel desde arriba. El plan incluía diversas estrategias de distracción, coordinadas para coincidir con la conferencia de prensa que Lacabanne, ...
Estaba de vacaciones y terminó condenado a 15 años por robar un ...;https://www.diariouno.com.ar/policiales/estaba-vacaciones-y-termino-condenado-15-anos-robar-un-poster-n1439027;22 may 2025 ... El 29 de febrero de 2016, el joven apareció en una conferencia de prensa en Corea del Norte, visiblemente angustiado, confesando entre lágrimas haber cometido “ ...
Teqüé presentó su nueva camiseta y sponsors para la temporada ...;https://www.diariouno.com.ar/ovacion/rugby/teque-presento-su-nueva-camiseta-y-sponsors-la-temporada-2025-el-hotel-hilton-n1439335;22 may 2025 ... ... Hotel Hilton, empresa que será su nuevo main sponsor. Los dirigentes de la institución de General Ortega brindaron una conferencia de prensa, con la ...
El lenguaje corporal de Bernardo Seltzer: señales ocultas de una ...;https://www.mdzol.com/policiales/2025/5/23/el-lenguaje-corporal-de-bernardo-seltzer-senales-ocultas-de-una-tragedia-1211720.html;22 may 2025 ... Siete años atrás, Bernardo Seltzer participó en una conferencia donde mostró una foto de su esposa e hijos. Al referirse a ellos como “mis cosas” valiosas ...
Descubrir eventos y actividades de Mayo 2025 en Córdoba ...;https://www.eventbrite.com.ar/d/argentina--cordoba--85668031/mayo-2025/;14 may 2025 ... Conferencia · Seminario · Exposición · Convención · Festival · Actuación · Proyección ... Nicea y Las Naciones | Conferencia Teológica 2025. vie, 10 oct, 9:00.
Agenda cargada: cuántos partidos tendrá Lionel Messi en el Inter ...;https://www.diariouno.com.ar/ovacion/futbol/agenda-cargada-cuantos-partidos-tendra-lionel-messi-el-inter-miami-antes-volver-la-seleccion-argentina-n1435830;12 may 2025 ... Inter Miami está cuarto en la Conferencia Este de la MLS con 21 puntos (ganó 6, empató 3 y perdió 2) detrás de Cincinnati, Columbus (ambos con 25) y ...
APERTURA SESIONES ORDINARIAS 185º PERÍODO LEGISLATIVO;https://www.mendoza.gov.ar/wp-content/uploads/sites/5/2025/05/Anexos-Discruso-2025.pdf;30 abr 2025 ... talecieron espacios emblemáticos como el Teatro Independencia y el Le ... Conferencia Magistral de cierre sobre análisis de la actualidad comercial en el.
APERTURA SESIONES ORDINARIAS 185º PERÍODO LEGISLATIVO;https://www.mendoza.gov.ar/wp-content/uploads/sites/5/2025/05/Anexos-Discruso-2025.pdf;30 abr 2025 ... · Universidad Nacional de Cuyo (UNCuyo): Programa de Capacitación Perma- ... Conferencia Magistral de cierre sobre análisis de la actualidad comercial en el.
Circular Scruton;https://ffyl.uncuyo.edu.ar/upload/8473aa09bd76bfe042c25a6046e1cda5.pdf;17 may 2025 ... Miércoles 28 de mayo. 16:00: Apertura del Congreso. 16:45 hs.: Conferencia de apertura: Prof. Andrés Rosler (UBA): “El Estado contra la.
Jornadas Mujer UNCuyo 2025 - Mendoza;https://ffyl.uncuyo.edu.ar/upload/2c465bf8ec95b62a5e6cf9a5bd49fe18.pdf;12 may 2025 ... ❖ CONFERENCIA INAUGURAL 1: Dra. Patrizia Caraffi, Università di. Bologna ... Jimena Sarmiento, Universidad de Mendoza (Argentina): “¿Inocencia o.
Aída Kemelmajer de Carlucci – Colegio de Abogados y Procuradores;https://colabogmza.com.ar/tag/aida-kemelmajer-de-carlucci/;7 may 2025 ... La Facultad de Derecho de la UNCuyo realizará una conferencia titulada “Eutanasia: tensiones y debates”. Se realizará el viernes 1 de diciembre en el Aula ...
Malargüe protagonista en la consolidación del Foro de Municipios ...;https://www.malargue.gov.ar/malargue-protagonista-en-la-consolidacion-del-foro-de-municipios-nucleares-argentinos/;29 abr 2025 ... La Municipalidad de Malargüe, representado por su Intendente Celso Jaque, tuvo un rol central en la firma de la Declaración Conjunta que dio origen al Foro ...
Consejo Profesional de Ciencias Económicas de Mendoza ...;https://cpcemza.org.ar/C961_conferencia-virtual-sobre-iva-simple;"19 may 2025 ... CAPACITACIONES > CONFERENCIA VIRTUAL SOBRE ""IVA SIMPLE"". Conferencia virtual sobre ""IVA Simple"". 14 hs. 20 de Mayo de 2025. INSCRIPCIÓN: AQUI. Ultimas ..."
Sheyko Studer: entre el sentido de pertenencia en Independiente ...;https://www.diariouno.com.ar/ovacion/futbol/sheyko-studer-el-sentido-pertenencia-independiente-rivadavia-y-la-bronca-la-derrota-avellaneda-n1435501;12 may 2025 ... Lo manifestó Alfredo Berti en conferencia de prensa como así ... Mónica Oviedo trabaja en el corazón de la Cordillera de los Andes, enseñando con la ...
Gran Peña por el 25 de Mayo: dónde será y qué artistas estarán ...;https://www.mdzol.com/sociedad/2025/5/13/gran-pena-por-el-25-de-mayo-donde-sera-que-artistas-estaran-presentes-1208902.html;12 may 2025 ... La cita será en el Espacio Cultural Julio Le Parc, ubicado en el Mitre ... Durante la conferencia, Gareca indicó que la peña no se suspende por mal tiempo.
“Fogones Culturales” y “Noche de las ideas”, espacios de encuentro ...;https://www.mendoza.gov.ar/prensa/fogones-culturales-y-noche-de-las-ideas-espacios-de-encuentro-para-pensar-en-comunidad/;5 may 2025 ... La conferencia de prensa sirvió también para presentar el programa de ... Espacio Cultural Julio Le Parc. Organizado por el Instituto Francés de ...
APERTURA SESIONES ORDINARIAS 185º PERÍODO LEGISLATIVO;https://www.mendoza.gov.ar/wp-content/uploads/sites/5/2025/05/Anexos-Discruso-2025.pdf;30 abr 2025 ... El Espacio Cultural Julio Le Parc vivió una etapa de gran vitalidad con más de ... Conferencia Magistral de cierre sobre análisis de la actualidad comercial en el.
Chau VISA: los argentinos no la necesitan más para entrar a este ...;https://viapais.com.ar/informacion-general/chau-visa-los-argentinos-no-la-necesitan-mas-para-entrar-a-este-pais-gigante/;31 may 2025 ... ... conferencia de prensa celebrada a mediados de mayo. La medida busca fortalecer las relaciones diplomáticas, comerciales y turísticas con la región. ¿Qué ...
Karina Milei, Bullrich y Menem desembarcan en Misiones para ...;https://www.mdzol.com/politica/karina-milei-bullrich-y-menem-desembarcan-misiones-respaldar-al-extenista-libertario-n1256440;29 may 2025 ... Al día siguiente, los tres referentes abrirán la jornada a las 8.45 con una conferencia de prensa desde el Hotel Julio César para presentar las propuestas y ...
ADN confirmado: Tamara Fierro fue asesinada y su cuerpo ...;https://viapais.com.ar/jujuy/adn-confirmado-tamara-fierro-fue-asesinada-y-su-cuerpo-brutalmente-desmembrado/;28 may 2025 ... En conferencia de prensa ofrecida en la ciudad de Libertador General San Martín, donde tiene asiento la fiscalía regional del Ministerio Público de la ...
International Symposium of Existential Therapy y la 6ª Conferencia ...;https://www.uda.edu.ar/index.php/noticias-psi/1706-international-symposium-of-existential-therapy-y-la-6a-conferencia-europea-de-terapia-existencial;25 may 2025 ... International Symposium of Existential Therapy y la 6ª Conferencia Europea de Terapia Existencial · La definición del público objetivo de la terapia existencial.
Córdoba: la historia detrás de la fuga más grande de una cárcel de ...;https://viapais.com.ar/cordoba/cordoba-la-historia-detras-de-la-fuga-mas-grande-de-una-carcel-de-mujeres-en-sudamerica/;24 may 2025 ... Así se veía la cárcel desde arriba. El plan incluía diversas estrategias de distracción, coordinadas para coincidir con la conferencia de prensa que Lacabanne, ...
Estaba de vacaciones y terminó condenado a 15 años por robar un ...;https://www.diariouno.com.ar/policiales/estaba-vacaciones-y-termino-condenado-15-anos-robar-un-poster-n1439027;22 may 2025 ... El 29 de febrero de 2016, el joven apareció en una conferencia de prensa en Corea del Norte, visiblemente angustiado, confesando entre lágrimas haber cometido “ ...
Teqüé presentó su nueva camiseta y sponsors para la temporada ...;https://www.diariouno.com.ar/ovacion/rugby/teque-presento-su-nueva-camiseta-y-sponsors-la-temporada-2025-el-hotel-hilton-n1439335;22 may 2025 ... ... Hotel Hilton, empresa que será su nuevo main sponsor. Los dirigentes de la institución de General Ortega brindaron una conferencia de prensa, con la ...
El lenguaje corporal de Bernardo Seltzer: señales ocultas de una ...;https://www.mdzol.com/policiales/2025/5/23/el-lenguaje-corporal-de-bernardo-seltzer-senales-ocultas-de-una-tragedia-1211720.html;22 may 2025 ... Siete años atrás, Bernardo Seltzer participó en una conferencia donde mostró una foto de su esposa e hijos. Al referirse a ellos como “mis cosas” valiosas ...
Descubrir eventos y actividades de Mayo 2025 en Córdoba ...;https://www.eventbrite.com.ar/d/argentina--cordoba--85668031/mayo-2025/;14 may 2025 ... Conferencia · Seminario · Exposición · Convención · Festival · Actuación · Proyección ... Nicea y Las Naciones | Conferencia Teológica 2025. vie, 10 oct, 9:00.
Agenda cargada: cuántos partidos tendrá Lionel Messi en el Inter ...;https://www.diariouno.com.ar/ovacion/futbol/agenda-cargada-cuantos-partidos-tendra-lionel-messi-el-inter-miami-antes-volver-la-seleccion-argentina-n1435830;12 may 2025 ... Inter Miami está cuarto en la Conferencia Este de la MLS con 21 puntos (ganó 6, empató 3 y perdió 2) detrás de Cincinnati, Columbus (ambos con 25) y ...
APERTURA SESIONES ORDINARIAS 185º PERÍODO LEGISLATIVO;https://www.mendoza.gov.ar/wp-content/uploads/sites/5/2025/05/Anexos-Discruso-2025.pdf;30 abr 2025 ... temente autorizado por el Instituto Nacional de Vitivinicultura. La cantidad ... Conferencia Magistral de cierre sobre análisis de la actualidad comercial en el.
APERTURA SESIONES ORDINARIAS 185º PERÍODO LEGISLATIVO;https://www.mendoza.gov.ar/wp-content/uploads/sites/5/2025/05/Anexos-Discruso-2025.pdf;30 abr 2025 ... por la Municipalidad de Las Heras a través de un convenio marco suscrito con ... Conferencia Magistral de cierre sobre análisis de la actualidad comercial en el.
Universidad Católica Argentina - UCA;https://uca.edu.ar/es/comunicacion-institucional/noticias;29 may 2025 ... Conferencia magistral “Enseñar en la Universidad”: Combinando el desarrollo profesional docente y la buena docencia- 5/3/24. Abril. Seminario internacional ...
Universidad Católica Argentina - UCA;https://uca.edu.ar/es/facultad-de-artes-y-ciencias-musicales/instituto-de-investigacion-musicologica-carlos-vega/xvi-semana-de-la-musica-y-la-musicologia;"29 may 2025 ... Otra conferencia con música estará a cargo de Ricardo Mandolini, destacado compositor argentino dedicado a la música electroacústica; y una más, a cargo de ..."
Claep 2025;https://claep2025.uca.edu.ar/;27 may 2025 ... 10.00 hs – Auditorio Monseñor Derisi. Conferencia Magistral: Reinventar sin perder la esencia: cómo sostener un periodismo que importa ... 11.30 hs – Auditorio ...
"Marcelo Morales: ""La educación social es válida y necesaria en ...";https://educacion.uncuyo.edu.ar/marcelo-morales-la-educacion-social-es-valida-y-necesaria-en-nuestra-sociedad;"27 may 2025 ... En ese marco, Marcelo Morales, educador social de la Universidad de la República (Uruguay), planteó su visión durante la conferencia ""A 35 años de la formación: ..."
"""Esta ley plantea una metodología que asegure el financiamiento ...";https://www.uncuyo.edu.ar/prensa/esta-ley-plantea-una-metodologia-que-asegure-el-financiamiento-sin-generar-deficit;27 may 2025 ... En conferencia de prensa, ofreció detalles de esta propuesta que, a través de 12 artículos y fundamentos, busca proteger y sostener la Universidad Pública ...
XI CONGRESO INTERAMERICANO DE ONCOLOGÍA. ¡BECAS ...;https://www.intramed.net/content/xi-congreso-interamericano-de-oncologia;27 may 2025 ... ¡BECAS PRESENCIALES DISPONIBLES! Conferencia Híbrida: “Estado actual y futuro de las terapias contra el cáncer”. Comienza: 17 de julio de 2025.
Conferencia sobre Mama Antula en la Biblioteca San Martín ...;https://www.mendoza.gov.ar/prensa/se-realizara-una-conferencia-sobre-mama-antula-en-la-biblioteca-san-martin/;26 may 2025 ... Conferencia sobre Mama Antula en la Biblioteca San Martín. 27 DE MAYO, 2025 ... Ejerció la docencia en la Facultad de Ciencias Sociales de esa universidad y en la ...
International Symposium of Existential Therapy y la 6ª Conferencia ...;https://www.uda.edu.ar/index.php/noticias-psi/1706-international-symposium-of-existential-therapy-y-la-6a-conferencia-europea-de-terapia-existencial;25 may 2025 ... International Symposium of Existential Therapy y la 6ª Conferencia Europea de Terapia Existencial. 26 Mayo 2025. ¡Gran ...
Derecho Penal – Colegio de Abogados y Procuradores;https://colabogmza.com.ar/tag/derecho-penal/;21 may 2025 ... ... Universidad del Museo Social Argentino que ... Ese mismo día, a las 18 en el Aula Magna de la Facultad de Derecho de la UNCuyo, tendrá lugar la conferencia ...
Universidad Católica Argentina - UCA;https://uca.edu.ar/es/noticias/mons-vincenzo-paglia-y-ricardo-lorenzetti-cerraron-una-jornada-especial-en-la-uca-por-los-10-anos-de-laudato-si;21 may 2025 ... “La inteligencia artificial plantea un nuevo desafío. Hace cincuenta años, en la conferencia de Estocolmo, empezamos a ver los problemas de la acción humana ...
Cuánto cobrarías como soldado del Servicio Militar Voluntario en ...;https://diariosanrafael.com.ar/cuanto-cobrarias-como-soldado-del-servicio-militar-voluntario-en-junio-2025/;31 may 2025 ... Según explicó Adorni durante una conferencia de prensa: «De ahora en más ... parque Hipólito Yrigoyen · 18/09/2025 · Vouchers educativos 2025: cuántas ...
Con Lionel Messi de titular antes de las Eliminatorias, Inter Miami se ...;https://www.diariouno.com.ar/ovacion/futbol/con-lionel-messi-titular-antes-las-eliminatorias-inter-miami-se-enfrenta-columbus-crew-la-mls-n1441993;30 may 2025 ... El conjunto de Florida, con el astro argentino, disputa una nueva jornada por la Conferencia Este.
"""Esta ley plantea una metodología que asegure el financiamiento ...";https://www.uncuyo.edu.ar/prensa/esta-ley-plantea-una-metodologia-que-asegure-el-financiamiento-sin-generar-deficit;27 may 2025 ... En conferencia de prensa, ofreció detalles de esta propuesta que, a través ... Autoridades de la Universidad Nacional de Cuyo ampliaron información ...
Circular Scruton;https://ffyl.uncuyo.edu.ar/upload/8473aa09bd76bfe042c25a6046e1cda5.pdf;17 may 2025 ... Miércoles 28 de mayo. 16:00: Apertura del Congreso. 16:45 hs.: Conferencia de apertura: Prof. Andrés Rosler (UBA): “El Estado contra la.
"""Por una nueva generación de Internet centrada en las personas"": el ...";https://www.uncuyo.edu.ar/transformaciondigital/por-una-nueva-generacion-de-internet-centrada-en-las-personas-el-lema-de-este-ano-por-el-dia-mundial-del-internet;16 may 2025 ... En noviembre de 2006, en la Conferencia de Plenipotenciarios de la UIT en Antalya (Turquía) se decidió combinar ambas celebraciones en el Día Mundial de las ...
Franco Colapinto en Imola: su futuro después de las cinco carreras ...;https://www.diariouno.com.ar/ovacion/automovilismo/franco-colapinto-imola-su-futuro-despues-las-cinco-carreras-y-la-broma-los-franceses-qatar-2022-n1436484;14 may 2025 ... El argentino habló en la conferencia de prensa oficial realizada por el canal de la Fórmula 1 y, fiel a su estilo, bromeó y contó sus metas con la escudería ...
Jornadas Mujer UNCuyo 2025 - Mendoza;https://ffyl.uncuyo.edu.ar/upload/2c465bf8ec95b62a5e6cf9a5bd49fe18.pdf;12 may 2025 ... ❖ CONFERENCIA INAUGURAL 1: Dra. Patrizia Caraffi, Università di. Bologna ... Petróleo de la Universidad Nacional de Cuyo. El objetivo del trabajo ...
Aída Kemelmajer de Carlucci – Colegio de Abogados y Procuradores;https://colabogmza.com.ar/tag/aida-kemelmajer-de-carlucci/;7 may 2025 ... ... Universidad Nacional de Cuyo y ostenta el ... La Facultad de Derecho de la UNCuyo realizará una conferencia titulada “Eutanasia: tensiones y debates”.
APERTURA SESIONES ORDINARIAS 185º PERÍODO LEGISLATIVO;https://www.mendoza.gov.ar/wp-content/uploads/sites/5/2025/05/Anexos-Discruso-2025.pdf;30 abr 2025 ... · Universidad Nacional de Cuyo (UNCuyo): Programa de Capacitación Perma- ... Conferencia Magistral de cierre sobre análisis de la actualidad comercial en el.
Chau VISA: los argentinos no la necesitan más para entrar a este ...;https://viapais.com.ar/informacion-general/chau-visa-los-argentinos-no-la-necesitan-mas-para-entrar-a-este-pais-gigante/;31 may 2025 ... ... conferencia de prensa celebrada a mediados de mayo. La medida busca fortalecer las relaciones diplomáticas, comerciales y turísticas con la región. ¿Qué ...
Karina Milei, Bullrich y Menem desembarcan en Misiones para ...;https://www.mdzol.com/politica/karina-milei-bullrich-y-menem-desembarcan-misiones-respaldar-al-extenista-libertario-n1256440;29 may 2025 ... Al día siguiente, los tres referentes abrirán la jornada a las 8.45 con una conferencia de prensa desde el Hotel Julio César para presentar las propuestas y ...
ADN confirmado: Tamara Fierro fue asesinada y su cuerpo ...;https://viapais.com.ar/jujuy/adn-confirmado-tamara-fierro-fue-asesinada-y-su-cuerpo-brutalmente-desmembrado/;28 may 2025 ... En conferencia de prensa ofrecida en la ciudad de Libertador General San Martín, donde tiene asiento la fiscalía regional del Ministerio Público de la ...
International Symposium of Existential Therapy y la 6ª Conferencia ...;https://www.uda.edu.ar/index.php/noticias-psi/1706-international-symposium-of-existential-therapy-y-la-6a-conferencia-europea-de-terapia-existencial;25 may 2025 ... International Symposium of Existential Therapy y la 6ª Conferencia Europea de Terapia Existencial · La definición del público objetivo de la terapia existencial.
Córdoba: la historia detrás de la fuga más grande de una cárcel de ...;https://viapais.com.ar/cordoba/cordoba-la-historia-detras-de-la-fuga-mas-grande-de-una-carcel-de-mujeres-en-sudamerica/;24 may 2025 ... Así se veía la cárcel desde arriba. El plan incluía diversas estrategias de distracción, coordinadas para coincidir con la conferencia de prensa que Lacabanne, ...
Teqüé presentó su nueva camiseta y sponsors para la temporada ...;https://www.diariouno.com.ar/ovacion/rugby/teque-presento-su-nueva-camiseta-y-sponsors-la-temporada-2025-el-hotel-hilton-n1439335;22 may 2025 ... ... Hotel Hilton, empresa que será su nuevo main sponsor. Los dirigentes de la institución de General Ortega brindaron una conferencia de prensa, con la ...
El lenguaje corporal de Bernardo Seltzer: señales ocultas de una ...;https://www.mdzol.com/policiales/2025/5/23/el-lenguaje-corporal-de-bernardo-seltzer-senales-ocultas-de-una-tragedia-1211720.html;22 may 2025 ... Siete años atrás, Bernardo Seltzer participó en una conferencia donde mostró una foto de su esposa e hijos. Al referirse a ellos como “mis cosas” valiosas ...
Piden investigar la compra millonaria de alimentos para las cárceles ...;https://www.elsol.com.ar/mendoza/piden-investigar-la-compra-millonaria-de-alimentos-para-las-carceles-de-mendoza/;20 may 2025 ... Partido Justicialista, La Unión Mendocina, el Partido Verde, el Partido de ... Durante una conferencia de prensa, el presidente del bloque de Diputados ...
Los fuertes cruces por el video fake que viralizaron de Mauricio Macri;https://www.elsol.com.ar/el-pais/siguen-los-fuertes-cruces-por-el-video-fake-que-viralizaron-de-mauricio-macri/;17 may 2025 ... “La conferencia de Macri me pareció de muy poco carácter. Es ponerse en una ... El candidato a legislador por el Partido Justicialista Leandro Santoro ...
Descubrir eventos y actividades de Mayo 2025 en Córdoba ...;https://www.eventbrite.com.ar/d/argentina--cordoba--85668031/mayo-2025/;14 may 2025 ... Conferencia · Seminario · Exposición · Convención · Festival · Actuación · Proyección ... Nicea y Las Naciones | Conferencia Teológica 2025. vie, 10 oct, 9:00.
APERTURA SESIONES ORDINARIAS 185º PERÍODO LEGISLATIVO;https://www.mendoza.gov.ar/wp-content/uploads/sites/5/2025/05/Anexos-Discruso-2025.pdf;30 abr 2025 ... Inmueble, la Universidad Maza, la Universidad Nacional de Cuyo ... Conferencia Magistral de cierre sobre análisis de la actualidad comercial en el.
“Fogones Culturales” y “Noche de las ideas”, espacios de encuentro ...;https://www.mendoza.gov.ar/prensa/fogones-culturales-y-noche-de-las-ideas-espacios-de-encuentro-para-pensar-en-comunidad/;5 may 2025 ... ... Alianza Francesa de Mendoza. El subsecretario de Cultura, Diego Gareca, y la directora de Gestión Territorial, Laura Uano, brindaron hoy una conferencia de ...
Jornadas Mujer UNCuyo 2025 - Mendoza;https://ffyl.uncuyo.edu.ar/upload/2c465bf8ec95b62a5e6cf9a5bd49fe18.pdf;12 may 2025 ... ❖ CONFERENCIA INAUGURAL 1: Dra. Patrizia Caraffi, Università di. Bologna ... Municipalidad de Mendoza (Argentina):. “Mujeres en la cima: la presencia ...
Planeamiento Anual de Auditoría;https://www.argentina.gob.ar/sites/default/files/9._pat_2025.pdf;29 may 2025 ... Permite salas de video conferencia para el personal del AABE y externos inclusive. ... consecuencia de decomisos efectuados por orden del Poder Judicial ...
Derecho Penal – Colegio de Abogados y Procuradores;https://colabogmza.com.ar/tag/derecho-penal/;21 may 2025 ... Ese mismo día, a las 18 en el Aula Magna de la Facultad de Derecho de la UNCuyo, tendrá lugar la conferencia ... Poder Judicial · Eugenio R. Zaffaroni ...
Mons. Vincenzo Paglia y Ricardo Lorenzetti cerraron una jornada ...;https://uca.edu.ar/es/noticias/mons-vincenzo-paglia-y-ricardo-lorenzetti-cerraron-una-jornada-especial-en-la-uca-por-los-10-anos-de-laudato-si;21 may 2025 ... Lorenzetti remarcó la presencia de distintos representantes del Poder Judicial ... Hace cincuenta años, en la conferencia de Estocolmo, empezamos a ver los ...
Jornada especial por los 10 años de Laudato si;https://uca.edu.ar/es/noticias/jornada-especial-por-los-10-anos-de-laudato-si;21 may 2025 ... Lorenzetti remarcó la presencia de distintos representantes del Poder Judicial ... Hace cincuenta años, en la conferencia de Estocolmo, empezamos a ver los ...
“Hay 7 de cada 10 argentinos que no quieren ver corruptos en los ...;https://www.argentina.gob.ar/noticias/hay-7-de-cada-10-argentinos-que-no-quieren-ver-corruptos-en-los-cargos-publicos;11 may 2025 ... Conferencia del Vocero Presidencial ... Poder Judicial o cumplan una condena penal firme. Además, ratificó que “para este Gobierno la cárcel no es un ...
Final impactante: el Senado rechazó la Ficha Limpia por dos ...;https://viapais.com.ar/politica/final-impactante-el-senado-rechazo-la-ficha-limpia-por-dos-misioneros-que-dieron-vuelta-su-voto/;6 may 2025 ... cómo la casta se defiende a sí misma”, balbuceó en conferencia de prensa. ... “Son ellos los que coparon el Poder Judicial para garantizar sus negocios y ...
APERTURA SESIONES ORDINARIAS 185º PERÍODO LEGISLATIVO;https://www.mendoza.gov.ar/wp-content/uploads/sites/5/2025/05/Anexos-Discruso-2025.pdf;30 abr 2025 ... Juzgados del Poder judicial, el Instituto Provincial de la Vivienda, el Registro Pú- ... Conferencia Magistral de cierre sobre análisis de la actualidad comercial ...
Con un Messi deslumbrante, Inter Miami pasó por arriba al ...;https://www.diariouno.com.ar/ovacion/futbol/con-un-messi-deslumbrante-inter-miami-paso-arriba-al-columbus-crew-n1442143;31 may 2025 ... Inter Miami está tercero. Con este triunfo, las “Garzas” se afirman en la tercera posición de la conferencia con 29 unidades y con un partido menos que sus ...
¿Palazo a Gago? La tajante frase de Gaby Milito al ser presentado ...;https://www.mdzol.com/deportes/2025/5/27/palazo-gago-la-tajante-frase-de-gaby-milito-al-ser-presentado-como-dt-de-chivas-yojamas-escuchare-a-1212497.html;26 may 2025 ... En ese sentido, este martes, durante su presentación oficial como nuevo técnico del Rebaño Sagrado, le preguntaron a Gaby en conferencia del prensa si no ...
Derecho Penal – Colegio de Abogados y Procuradores;https://colabogmza.com.ar/tag/derecho-penal/;21 may 2025 ... Ese mismo día, a las 18 en el Aula Magna de la Facultad de Derecho de la UNCuyo, tendrá lugar la conferencia «El núcleo de privacidad como límite a la ...
El técnico de élite que llegaría a la Serie A para dirigir a tres ...;https://www.diariouno.com.ar/ovacion/futbol/el-tecnico-elite-que-llegaria-la-serie-dirigir-tres-jugadores-argentinos-n1437877;18 may 2025 ... En caso de no sumar puntos y que la Lazio gane, de igual manera estará en el Clasificatorio de la Liga de Conferencia de la UEFA. jurgen-klopp.jpg. ▻TE ...
Video: el provocador gesto de Arturo Vidal frente a Racing que le ...;https://www.diariouno.com.ar/ovacion/futbol/video-el-provocador-gesto-arturo-vidal-frente-racing-que-le-valio-la-insolita-expulsion-n1436421;14 may 2025 ... En conferencia de prensa, el DT argentino Jorge Almirón fue consultado por el gesto de Arturo Vidal y el ex entrenador de Boca defendió a su jugador ...
Jornadas Mujer UNCuyo 2025 - Mendoza;https://ffyl.uncuyo.edu.ar/upload/2c465bf8ec95b62a5e6cf9a5bd49fe18.pdf;12 may 2025 ... ❖ CONFERENCIA INAUGURAL 1: Dra. Patrizia Caraffi, Università di. Bologna (Italia). C8. “Christine de Pizan y la sororidad entre texto e imagen”. Zoom: https ...
La irónica respuesta de Marcelo Gallardo luego del triunfo de River ...;https://www.diariouno.com.ar/ovacion/futbol/la-ironica-respuesta-marcelo-gallardo-luego-del-triunfo-river-barracas-central-magia-n1435443;12 may 2025 ... En conferencia de prensa, el entrenador del Millonario analizó el encuentro y se refirió de una manera particular al presente que atraviesa el equipo.
Qué dijo Mariano Herrón del enojo de los hinchas de Boca y del mal ...;https://www.diariouno.com.ar/ovacion/futbol/que-dijo-mariano-herron-del-enojo-los-hinchas-boca-y-del-mal-nivel-del-equipo-n1434205;10 may 2025 ... “Por las características de los jugadores, nos faltó más presencia en el último cuarto de cancha”, remarcó Mariano Herrón en la conferencia de prensa pos ...
La fuerte sentencia del extravagante DT de Barcelona tras caer ante ...;https://www.mdzol.com/deportes/2025/5/9/la-fuerte-sentencia-del-extravagante-dt-de-barcelona-tras-caer-ante-river-en-ecuador-este-rival-seguro-va-a-1208121.html;8 may 2025 ... Segundo Castillo habló en conferencia de prensa luego de la caída ante el Millonario por Copa Libertadores y habló sobre el futuro del equipo de Gallardo en ...
MEMORIA SEGEMAR 2016-2019 08may.pmd;https://www.argentina.gob.ar/sites/default/files/memoria_2016-2019_0.pdf;7 may 2025 ... ... Conferencia Iberoamerica- na de Sistemas de Información Geográfica –. CONFIBSIG 2017, realizada en la Universidad del. Azuay del 27 al 29 de septiembre de ...
APERTURA SESIONES ORDINARIAS 185º PERÍODO LEGISLATIVO;https://www.mendoza.gov.ar/wp-content/uploads/sites/5/2025/05/Anexos-Discruso-2025.pdf;30 abr 2025 ... El Departamento General de Irrigación, enfocado en establecer un control sobre ... Conferencia Magistral de cierre sobre análisis de la actualidad comercial en el.
Noticias - Fuerza Aérea Argentina;https://www.argentina.gob.ar/node/105939/noticias;30 may 2025 ... ... Escuela de Suboficiales de la Fuerza Aérea Ezeiza... 31 de ... El Programa F-16 se suma a la Red Global de Usuarios Pratt & Whitney en la Conferencia 2025.
Comunicados de prensa;https://uca.edu.ar/es/comunicacion-institucional/noticias;29 may 2025 ... Conferencia magistral “Enseñar en la Universidad”: Combinando el desarrollo ... La Escuela de Innovación y Tecnología de la UCA, presente en Agroactiva ...
XVI Semana de la Música y la Musicología;https://uca.edu.ar/es/facultad-de-artes-y-ciencias-musicales/instituto-de-investigacion-musicologica-carlos-vega/xvi-semana-de-la-musica-y-la-musicologia;"29 may 2025 ... Otra conferencia con música estará a cargo de Ricardo Mandolini, destacado compositor argentino dedicado a la música electroacústica; y una más, a cargo de ..."
Buscar | Argentina.gob.ar;https://www.argentina.gob.ar/servicios?page=105&searchword=104328&searchphrase=all&f%5B0%5D=bundle%3Anoticia&f%5B1%5D=sm_og_group_ref%3Anode%3A39792;29 may 2025 ... ... Escuela de Aviación Militar en Córdoba, tradición que se lleva a cabo ... Conferencia de América Latina y del Caribe sobre Operaciones de Paz de la ...
Conferencia sobre Mama Antula en la Biblioteca San Martín ...;https://www.mendoza.gov.ar/prensa/se-realizara-una-conferencia-sobre-mama-antula-en-la-biblioteca-san-martin/;26 may 2025 ... Conferencia sobre Mama Antula en la Biblioteca San Martín. 27 DE MAYO, 2025 ... Ejerció la docencia en la Facultad de Ciencias Sociales de esa universidad y en la ...
Mons. Vincenzo Paglia y Ricardo Lorenzetti cerraron una jornada ...;https://uca.edu.ar/es/noticias/mons-vincenzo-paglia-y-ricardo-lorenzetti-cerraron-una-jornada-especial-en-la-uca-por-los-10-anos-de-laudato-si;21 may 2025 ... “La inteligencia artificial plantea un nuevo desafío. Hace cincuenta años, en la conferencia de Estocolmo, empezamos a ver los problemas de la acción humana ...
Jornada especial por los 10 años de Laudato si;https://uca.edu.ar/es/noticias/jornada-especial-por-los-10-anos-de-laudato-si;21 may 2025 ... Luego, el Pbro. Máximo Jurcinovic, director de la Oficina de Prensa de la Conferencia Episcopal Argentina, compartió que cuando les consultó a los párrocos ...
Mauricio Dayub celebra en Tunuyán la función 800 de El ...;https://www.tunuyan.gov.ar/site/mauricio-dayub-celebra-en-tunuyan-la-funcion-800-de-el-equilibrista-el-mundo-es-de-quienes-se-animan-a-perder-el-equilibrio/;20 may 2025 ... Esta mañana, durante una conferencia de prensa, se confirmó oficialmente que Tunuyán será la ciudad elegida para esta función especial. Estuvieron presentes ...
Comienzan las finales de Conferencia en la NBA: equipos, días y ...;https://www.diariouno.com.ar/ovacion/basquet/comienzan-las-finales-conferencia-la-nba-equipos-dias-y-horarios-los-partidos-n1438070;19 may 2025 ... Indiana Pacers, New York Knicks, Oklahoma City Thunder y Minnesota Timberwolves buscan un lugar en las grandes Finales de la NBA. · Conferencia Oeste: Oklahoma ...
Diplomado en Políticas y Estrategias locales de abordaje y ...;https://uca.edu.ar/es/cursos-de-educacion-continua/facultad-de-ciencias-sociales/diplomatura/diplomado-en%C2%A0politicas-y-estrategias-locales-de-abordaje-y-prevencion-para-el-consumo-en-el-embarazo;18 may 2025 ... Docentes de Ciencias Políticas UCA, sociología UCA y conferencia de referentes del tema). 4) Diagnóstico local y propuesta de mejora para implementar ...
Jornadas Mujer UNCuyo 2025 - Mendoza;https://ffyl.uncuyo.edu.ar/upload/2c465bf8ec95b62a5e6cf9a5bd49fe18.pdf;12 may 2025 ... ❖ CONFERENCIA INAUGURAL 1: Dra. Patrizia Caraffi, Università di. Bologna ... de las cuentas-registros Nº 228 del Archivo General de Navarra (Sección Comptos, 1395) ...
Temporal en Buenos Aires: cortan el Puente Zárate Brazo Largo;https://www.mdzol.com/sociedad/2025/5/17/temporal-en-buenos-aires-cortan-el-puente-zarate-brazo-largo-1210102.html;16 may 2025 ... En Mendoza viven 32 mil chilenos y la fiesta en la Plaza Chile durará 3 días ... Durante una conferencia de prensa realizada este mediodía, el gobernador ...
“De tus luces y sombras”: Héctor Diéguez expone sus obras en ...;https://www.guaymallen.gob.ar/de-tus-luces-y-sombras-hector-dieguez-expone-sus-obras-en-salas-de-arte-libertad/;29 may 2025 ... La exposición podrá ser visitada hasta el 25 de junio, de lunes a sábados de ... Las obras de Sheila Vanella en el espacio de arte del Hotel Hilton Mendoza.
Participación del Mgtr. José Álvaro Duarte como docente invitado en ...;https://www.uda.edu.ar/index.php/noticias-psi/1710-participacion-del-dr-jose-alvaro-duarte-como-docente-invitado-en-el-marco-de-la-lic-en-criminalistica;29 may 2025 ... En el marco de las actividades académicas de la Licenciatura en Criminalística, la Facultad de Psicología de la Universidad del Aconcagua tuvo el honor de ...
1 Ing. Osvaldo F. Romagnoli Administrador D.P.V. Mendoza Tengo ...;https://www.mendoza.gov.ar/wp-content/uploads/sites/105/2025/06/Orden-0169-IF-2025-03958169-GDEMZA-MINERIA-1.pdf;25 may 2025 ... siendo muy clara su exposición. Pudiendo observarse las siguientes tablas, donde analizaremos lo concerniente a caminos a cargo de ésta repartición como son ...
Qué hacen las empresas para mitigar el consumo de agua y ...;https://www.unidiversidad.com.ar/que-hacen-las-empresas-para-mitigar-el-consumo-de-agua-y-energia-que-gasta-la-ia;19 may 2025 ... Desde Unidiversidad, conversamos con dos docentes e investigadores de la Universidad Nacional de Cuyo (UNCUYO): ... exposición de información personal”, indicó la ...
Scioli y el secretario General de ONU Turismo presentaron la Guía ...;https://www.argentina.gob.ar/noticias/scioli-y-el-secretario-general-de-onu-turismo-presentaron-la-guia-para-inversiones;15 may 2025 ... Cuando se invierte en un hotel, es una inversión que ya genera trabajo ... Además, hubo una exposición del director regional para las Américas de ONU ...
Mauricio Macri destacó el modelo de gestión de Luján de Cuyo ...;https://lujandecuyo.gob.ar/2025/05/15/mauricio-macri-destaco-el-modelo-de-gestion-de-lujan-de-cuyo-como-uno-de-los-mejores-del-pais-2/;14 may 2025 ... ... Universidad del Aconcagua, Universidad Siglo 21, Universidad Católica ... Y eso es exactamente lo que están haciendo acá”, remarcó Macri durante su exposición.
Cuál es el significado del escudo y el lema elegidos por el papa ...;https://www.mdzol.com/mundo/2025/5/14/cual-es-el-significado-del-escudo-el-lema-elegidos-por-el-papa-leon-xiv-1209233.html;13 may 2025 ... ¿Cuál es el origen del lema de León XIV? El lema “In Illo uno unum” proviene de la Exposición sobre el Salmo 127 de San Agustín. En este sermón, el Obispo de ...
Bárbara Negroni, fotógrafa Rosarina, inaugura “TODO LO QUE ...;https://mendoza.puntoapunto.com.ar/barbara-negroni-fotografa-rosarina-inaugura-todo-lo-que-puede-un-cuerpo-en-el-hualta-winery-hotel/;12 may 2025 ... Bárbara Negroni, fotógrafa Rosarina, inaugura “TODO LO QUE PUEDE UN CUERPO” en el “Hualta Winery Hotel” ... Participó en la exposición colectiva “100 años de ...
Minería: se aceleran las exportaciones y se esperan inversiones por ...;https://www.mdzol.com/dinero/2025/5/8/mineria-se-aceleran-las-exportaciones-se-esperan-inversiones-por-us33000-millones-1207428.html;"7 may 2025 ... Incluso con esta expansión, alcanzamos un nuevo récord de acreditados. El desarrollo genuino de la exposición es un signo del avance de la industria minera"", ..."
MENSAJE DEL GOBERNADOR DE LA PROVINCIA DE MENDOZA ...;https://www.mendoza.gov.ar/wp-content/uploads/sites/5/2025/05/Discurso-2025.pdf;30 abr 2025 ... pesos, reduciendo así la exposición de la provincia a las variaciones del tipo ... Además, se fortalecieron espacios emblemáticos como el Teatro Independencia y ...
APERTURA SESIONES ORDINARIAS 185º PERÍODO LEGISLATIVO;https://www.mendoza.gov.ar/wp-content/uploads/sites/5/2025/05/Anexos-Discruso-2025.pdf;30 abr 2025 ... 6- Participación en tres Mesas de trabajo de Sedronar: Exposición en 2da mesa ... talecieron espacios emblemáticos como el Teatro Independencia y el Le Parc, y se.
Día de la Ingeniería: el CoRSEOC expone sobre actualizaciones del ...;https://www.copigmza.org.ar/dia-de-la-ingenieria-el-corseoc-expone-sobre-actualizaciones-del-reglamento-inpres-cirsoc-103/;28 may 2025 ... La exposición estará a cargo de miembros del CoRSEOC, quienes presentarán ... Teatro Plaza de Godoy Cruz,. Leer más · Copig. Sede Central. Mitre 617, P.B ...
Qué hacen las empresas para mitigar el consumo de agua y ...;https://www.unidiversidad.com.ar/que-hacen-las-empresas-para-mitigar-el-consumo-de-agua-y-energia-que-gasta-la-ia;19 may 2025 ... Desde Unidiversidad, conversamos con dos docentes e investigadores de la Universidad Nacional de Cuyo (UNCUYO): ... exposición de información personal”, indicó la ...
El Centro Cultural Coreano llega a Mendoza para sumergirse en la ...;https://www.godoycruz.gob.ar/centro-cultural-coreano-llega-mendoza-sumergirse-la-cultura-asiatica/;14 may 2025 ... Exhibición de fotos sobre el Papa Francisco: La exposición “Francisco y ... Lo mejor de Manuel Wirzt llega al Teatro Plaza. 2. El Parque San Vicente se ...
APERTURA SESIONES ORDINARIAS 185º PERÍODO LEGISLATIVO;https://www.mendoza.gov.ar/wp-content/uploads/sites/5/2025/05/Anexos-Discruso-2025.pdf;30 abr 2025 ... 6- Participación en tres Mesas de trabajo de Sedronar: Exposición en 2da mesa ... · Universidad Nacional de Cuyo (UNCuyo): Programa de Capacitación Perma-.
Untitled;https://www.mendoza.gov.ar/wp-content/uploads/sites/26/2025/05/Informe-de-Gestio%CC%81n-2024.pdf;31 may 2025 ... En esta ocasión, se realizó una feria de mujeres penitenciarias emprendedoras en el. INFOPE. Allí, se contó con la exposición de 10 stands de emprendimientos, y ...
Aída Kemelmajer de Carlucci expondrá sobre prevención del daño ...;https://colabogmza.com.ar/aida-kemelmajer-de-carlucci-expondra-sobre-prevencion-del-dano/;17 may 2025 ... La actividad incluirá la exposición de la Jurista sobre «Prevención del daño ... Aída Kemelmajer de Carlucci es Doctora en Derecho por la Universidad de Mendoza.
Originales: Exposición colectiva en el Museo Municipal de Arte ...;https://um.edu.ar/noticias/originales-exposicion-colectiva-en-el-museo-municipal-de-arte-moderno-de-mendoza/;14 may 2025 ... ... Universidad de Mendoza. El próximo viernes 16 de mayo a las 20 horas, abrirá sus puertas Originales: Exposición colectiva, una propuesta que reúne croquis ...
Mauricio Macri destacó el modelo de gestión de Luján de Cuyo ...;https://lujandecuyo.gob.ar/2025/05/15/mauricio-macri-destaco-el-modelo-de-gestion-de-lujan-de-cuyo-como-uno-de-los-mejores-del-pais-2/;14 may 2025 ... ... Universidad de Mendoza, Universidad del Aconcagua, Universidad ... Y eso es exactamente lo que están haciendo acá”, remarcó Macri durante su exposición.
Jornadas Mujer UNCuyo 2025 - Mendoza;https://ffyl.uncuyo.edu.ar/upload/2c465bf8ec95b62a5e6cf9a5bd49fe18.pdf;12 may 2025 ... Jimena Sarmiento, Universidad de Mendoza (Argentina): “¿ ... En este trabajo comparo dos variaciones de este gesto femenino de apertura: la exposición de un ...
El Segundo Encuentro Nacional de Alianzas refuerza el alcance y la ...;https://www.argentina.gob.ar/noticias/el-segundo-encuentro-nacional-de-alianzas-refuerza-el-alcance-y-la-articulacion-publico;7 may 2025 ... Mesas de trabajo, intercambio de propuestas y exposición de resultados marcaron el ritmo de una jornada enfocada en fortalecer la colaboración con las ...
Walter Bressia fue reelecto como presidente de Bodegas de Argentina;https://mendoza.puntoapunto.com.ar/walter-bressia-fue-reelecto-como-presidente-de-bodegas-de-argentina/;5 may 2025 ... El acto formal de la cámara empresaria del vino se realizó en Bodega Los Toneles ... Recorrimos el año pasado a través de la exposición de la Memoria, un repaso ...
Mendoza 26 de Septiembre 2024. Arquitecta SOLEDAD BARROS ...;https://www.mendoza.gov.ar/wp-content/uploads/sites/81/2025/05/IF-2024-08470550-GDEMZA-SAYOT.pdf;31 may 2025 ... Cordillera de los Andes. La variabilidad de las nevadas (y de los caudales ... exposición norte y sur. El área del flanco oriental muestra en su casi ...
Día de la Ingeniería: el CoRSEOC expone sobre actualizaciones del ...;https://www.copigmza.org.ar/dia-de-la-ingenieria-el-corseoc-expone-sobre-actualizaciones-del-reglamento-inpres-cirsoc-103/;28 may 2025 ... ... exposición técnica en el Auditorio del Consejo Profesional de Ingenieros y Geólogos de Mendoza (CoPIG). Durante el encuentro se abordarán las nuevas ...
YA SE VIVE LA XXIX EDICIÓN DE LA FIESTA DEL PUESTERO ...;https://www.sanrafael.gov.ar/ya-se-vive-la-xxix-edicion-de-la-fiesta-del-puestero-sureno-en-el-sosneado/;15 may 2025 ... por Tu!Municipio | May 16, 2025 | Prensa, San Rafael. Con un gran marco de publico y la inmensidad de la Cordillera de los Andes nevada de fondo, comenzó la ...
MEMORIA SEGEMAR 2016-2019 08may.pmd;https://www.argentina.gob.ar/sites/default/files/memoria_2016-2019_0.pdf;7 may 2025 ... ... exposición en la XVI Conferencia Iberoamerica- na de Sistemas de Información ... cordillera de los Andes que podrían afectar a nuestro país, con el fin ...
OBRA: Departamento: MAIPÚ Provincia: MENDOZA;https://www.mendoza.gov.ar/wp-content/uploads/sites/100/2025/04/Pliego_RP_33_Tr_20_-_31_-_Num_-_Expte.pdf;30 abr 2025 ... Consejo Profesional de Ingenieros y Geólogos de Mendoza y con antecedentes de trabajo ... no exposición del área a procesos erosivos). ▫ Una vez ...
PLIEGO DE ESPECIFICACIONES TÉCNICAS ...;https://www.mendoza.gov.ar/wp-content/uploads/sites/100/2025/04/Pliegos-ambientales-PETSA-y-PGAS.pdf;30 abr 2025 ... Consejo Profesional de Ingenieros y Geólogos de Mendoza y con antecedentes de trabajo ... mediante hidrosiembra, a fin de garantizar la no exposición del área a ...
Qué significa que una planta de ruda se seque en tu jardín;https://www.diariouno.com.ar/sociedad/que-significa-que-una-planta-ruda-se-seque-tu-jardin-n1428459;6 may 2025 ... En muchos casos, la planta se seca por un mal drenaje, exposición insuficiente al sol o por estar ubicada en un suelo demasiado húmedo. Planta de ruda qué ...
Se inauguró la muestra por el 167º Aniversario de Guaymallén en el ...;https://www.guaymallen.gob.ar/se-inauguro-la-muestra-por-el-167o-aniversario-de-guaymallen-en-el-espacio-le-parc/;5 may 2025 ... ... Espacio Cultural Julio Le Parc. La exposición está compuesta por pinturas, esculturas, dibujos, arte textil, objetos y grabados de grandes referentes del ...
APERTURA SESIONES ORDINARIAS 185º PERÍODO LEGISLATIVO;https://www.mendoza.gov.ar/wp-content/uploads/sites/5/2025/05/Anexos-Discruso-2025.pdf;30 abr 2025 ... 6- Participación en tres Mesas de trabajo de Sedronar: Exposición en 2da mesa ... El Espacio Cultural Julio Le Parc vivió una etapa de gran vitalidad con más de.
Destacados artistas visuales se unen en una muestra por el 167º ...;https://www.guaymallen.gob.ar/destacados-artistas-visuales-se-unen-en-una-muestra-por-el-167o-aniversario-de-guaymallen/;29 abr 2025 ... Será el lunes 5 de mayo, a las 20h, en el Espacio Cultural Julio Le Parc. La ... exposición conjunta. El evento contará con la participación del ...
“De tus luces y sombras”: Héctor Diéguez expone sus obras en ...;https://www.guaymallen.gob.ar/de-tus-luces-y-sombras-hector-dieguez-expone-sus-obras-en-salas-de-arte-libertad/;29 may 2025 ... La exposición podrá ser visitada hasta el 25 de junio, de lunes a sábados de 9 a 19h y domingos de 9 a 13h, en Libertad 466 de Villa Nueva, con entrada gratuita ...
1 Ing. Osvaldo F. Romagnoli Administrador D.P.V. Mendoza Tengo ...;https://www.mendoza.gov.ar/wp-content/uploads/sites/105/2025/06/Orden-0169-IF-2025-03958169-GDEMZA-MINERIA-1.pdf;25 may 2025 ... siendo muy clara su exposición. Pudiendo observarse las siguientes tablas, donde analizaremos lo concerniente a caminos a cargo de ésta repartición como son ...
Scioli y el secretario General de ONU Turismo presentaron la Guía ...;https://www.argentina.gob.ar/noticias/scioli-y-el-secretario-general-de-onu-turismo-presentaron-la-guia-para-inversiones;15 may 2025 ... Cuando se invierte en un hotel, es una inversión que ya genera trabajo ... Además, hubo una exposición del director regional para las Américas de ONU ...
Cuál es el significado del escudo y el lema elegidos por el papa ...;https://www.mdzol.com/mundo/2025/5/14/cual-es-el-significado-del-escudo-el-lema-elegidos-por-el-papa-leon-xiv-1209233.html;13 may 2025 ... ¿Cuál es el origen del lema de León XIV? El lema “In Illo uno unum” proviene de la Exposición sobre el Salmo 127 de San Agustín. En este sermón, el Obispo de ...
Bárbara Negroni, fotógrafa Rosarina, inaugura “TODO LO QUE ...;https://mendoza.puntoapunto.com.ar/barbara-negroni-fotografa-rosarina-inaugura-todo-lo-que-puede-un-cuerpo-en-el-hualta-winery-hotel/;12 may 2025 ... Bárbara Negroni, fotógrafa Rosarina, inaugura “TODO LO QUE PUEDE UN CUERPO” en el “Hualta Winery Hotel” ... Participó en la exposición colectiva “100 años de ...
Minería: se aceleran las exportaciones y se esperan inversiones por ...;https://www.mdzol.com/dinero/2025/5/8/mineria-se-aceleran-las-exportaciones-se-esperan-inversiones-por-us33000-millones-1207428.html;"7 may 2025 ... Incluso con esta expansión, alcanzamos un nuevo récord de acreditados. El desarrollo genuino de la exposición es un signo del avance de la industria minera"", ..."
Untitled;https://www.mendoza.gov.ar/wp-content/uploads/sites/26/2025/05/Informe-de-Gestio%CC%81n-2024.pdf;31 may 2025 ... En esta ocasión, se realizó una feria de mujeres penitenciarias emprendedoras en el. INFOPE. Allí, se contó con la exposición de 10 stands de emprendimientos, y ...
APERTURA SESIONES ORDINARIAS 185º PERÍODO LEGISLATIVO;https://www.mendoza.gov.ar/wp-content/uploads/sites/5/2025/05/Anexos-Discruso-2025.pdf;30 abr 2025 ... 6- Participación en tres Mesas de trabajo de Sedronar: Exposición en 2da mesa ... temente autorizado por el Instituto Nacional de Vitivinicultura. La cantidad ...
Comicruz - Godoy Cruz;https://www.godoycruz.gob.ar/evento/comicruz1/;17 may 2025 ... La exposición reunirá a ilustradores locales y ofrecerá feria artística ... Municipalidad de Godoy Cruz. Dirección. Rivadavia 448. Horario. Lunes a viernes ...
Sección Deportes – Las Heras Mendoza;https://lasheras.gob.ar/seccion-deportes/;15 may 2025 ... La Municipalidad de Las Heras asume la resolución de las problemáticas del ... El ciclo pretende generar y sostener espacios alternativos de exposición que ...
Se celebró el día mundial del reciclaje con actividades para ...;https://www.godoycruz.gob.ar/se-celebro-dia-mundial-del-reciclaje-actividades-promover-la-conciencia-ambiental/;15 may 2025 ... Este viernes, la plaza departamental fue el epicentro de una campaña que incluyó recolección de residuos electrónicos y la exposición de productos reciclados.
El Centro Cultural Coreano llega a Mendoza para sumergirse en la ...;https://www.godoycruz.gob.ar/centro-cultural-coreano-llega-mendoza-sumergirse-la-cultura-asiatica/;14 may 2025 ... Exhibición de fotos sobre el Papa Francisco: La exposición “Francisco y ... Municipalidad de Godoy Cruz. Dirección. Rivadavia 448. Horario. Lunes a viernes ...
Se viene Comicruz: Homenaje a la Historieta Argentina - Godoy Cruz;https://www.godoycruz.gob.ar/se-viene-comicruz-homenaje-la-historieta-argentina-3/;11 may 2025 ... La exposición reunirá a ilustradores locales y ofrecerá feria artística ... Municipalidad de Godoy Cruz. Dirección. Rivadavia 448. Horario. Lunes a viernes ...
Las 16 sillas que cambiaron la historia;https://www.mdzol.com/estilo/2025/5/5/las-16-sillas-que-cambiaron-la-historia-1206413.html;4 may 2025 ... Llega la silla Dax, diseñada por Charles & Ray Eames y presentada como en el concurso “Low Cost Furniture Design” del Museo de Arte Moderno de Nueva York. 1950.
APERTURA SESIONES ORDINARIAS 185º PERÍODO LEGISLATIVO;https://www.mendoza.gov.ar/wp-content/uploads/sites/5/2025/05/Anexos-Discruso-2025.pdf;30 abr 2025 ... por la Municipalidad de Las Heras a través de un convenio marco suscrito con ... 6- Participación en tres Mesas de trabajo de Sedronar: Exposición en 2da mesa.
Las Heras en movimiento: variadas propuestas gratuitas en los ...;https://lasheras.gob.ar/gacetilla-1-copy/;29 abr 2025 ... La Municipalidad de Las Heras está en plena etapa de inscripción y con la ... El ciclo pretende generar y sostener espacios alternativos de exposición ...
Chile celebra en Mendoza su Día de los Patrimonios culturales 2025;https://www.mendoza.gov.ar/prensa/chile-celebra-en-mendoza-su-dia-de-los-patrimonios-culturales-2025/;28 may 2025 ... Exposición Asociación Filatélica y Numismática de Mendoza y Museo Scout ... El servicio parte desde plaza Independencia, sobre calle Chile, todos los días de 10 a ...
Quién es Julieta Makintach, la jueza del escándalo: cámaras ocultas ...;https://www.elsol.com.ar/el-pais/quien-es-julieta-makintach-la-jueza-del-escandalo-camaras-ocultas-y-un-proceso-que-se-derrumbo/;25 may 2025 ... La pregunta es si comprendía el alcance de esa exposición —y su ilegalidad. ... En fotos: la marcha universitaria llegó a la Plaza Independencia septiembre 17, ...
"Brainrot italiano: el fenómeno viral que ""pudre"" el cerebro de los ...";https://www.elsol.com.ar/mendoza/brainrot-italiano-el-fenomeno-viral-que-pudre-el-cerebro-de-los-adolescentes-mendocinos/;19 may 2025 ... Los efectos de la exposición excesiva. Según el informe “Consumo de Redes ... Desde la UNCuyo a la Plaza Independencia: comenzó la Marcha Federal ...
Universidad Católica Argentina - UCA;https://uca.edu.ar/es/comunicacion-institucional/noticias;"29 may 2025 ... La Universidad Católica Argentina participó del Congreso Internacional ... Exposición virtual: ""Pinturas negras"", de Eugenia Viña- 11/2/20. Octubre."
Participación del Mgtr. José Álvaro Duarte como docente invitado en ...;https://www.uda.edu.ar/index.php/noticias-psi/1710-participacion-del-dr-jose-alvaro-duarte-como-docente-invitado-en-el-marco-de-la-lic-en-criminalistica;29 may 2025 ... “El meta-peritaje, valoración de la prueba pericial y los nuevos paradigmas de las disciplinas criminalísticas”, una exposición enriquecedora que permitió a ...
Chile celebra en Mendoza su Día de los Patrimonios culturales 2025;https://www.mendoza.gov.ar/prensa/chile-celebra-en-mendoza-su-dia-de-los-patrimonios-culturales-2025/;28 may 2025 ... Exposición Asociación Filatélica y Numismática de Mendoza y Museo Scout ... Otras opciones son el Parque O'Higgins, que contiene el Teatro Gabriela Mistral ...
San Juan: La Universidad de Congreso homenajea a Malvinas con ...;https://www.ucongreso.edu.ar/san-juan-la-universidad-de-congreso-homenajea-a-malvinas-con-una-muestra-fotografica-y-un-libro-conmemorativo/;26 may 2025 ... La exposición, producida junto a Fundación TAEDA, reúne una serie de retratos, testimonios y expresiones visuales que rinden homenaje a los combatientes y ...
"""El centro es rojo"": la materia que late en las manos de Vivian Magis ...";https://fad.uncuyo.edu.ar/el-centro-es-rojo-la-materia-que-late-en-las-manos-de-vivian-magis;25 may 2025 ... La exposición nos invita a recorrer un mundo donde la materia cobra vida, en una propuesta que reúne obras recientes y otras que han acompañado a la artista ...
“Los secretos del copista”: una muestra única en el Palacio de ...;https://www.argentina.gob.ar/noticias/los-secretos-del-copista-una-muestra-unica-en-el-palacio-de-hacienda;22 may 2025 ... ... copista”, de la artista argentina Marcela Cifré. La exposición puede visitarse de lunes a viernes, de 11 a 16 horas, hasta el viernes 4 de julio.
Defensa de tesis de la Lic. Mariela Alejandra CALDERÓN - Facultad ...;https://ffyl.uncuyo.edu.ar/defensa-de-tesis-de-la-lic-mariela-alejandra-calderon;20 may 2025 ... Florencia GARRAMUÑO (Universidad de San Andrés). Jurado: Dra. Paula Cecilia ... En el cierre de su exposición, la Lic. Calderón, se explayó en las ...
La Secretaría de Cultura de la Nación celebra la Semana de Mayo ...;https://www.argentina.gob.ar/noticias/la-secretaria-de-cultura-de-la-nacion-celebra-la-semana-de-mayo;20 may 2025 ... Recorrido guiado por la exposición temporaria “La Casa Cuenta su Historia. Sus Patios”. La propuesta invita a mirar con nuevos ojos los patios del museo ...
Cornejo en Arminera: “Hay una oportunidad histórica y Mendoza ...;https://www.mendoza.gov.ar/prensa/cornejo-en-arminera-hay-una-oportunidad-historica-y-mendoza-esta-lista-para-aprovecharla/;20 may 2025 ... “No es improvisación ni impulso circunstancial: Mendoza está haciendo las cosas con seriedad y visión de largo plazo”, afirmó Cornejo en su exposición. El ...
Segundo encuentro del ciclo “Pioneras transatlánticas en tiempos ...;https://www.argentina.gob.ar/noticias/segundo-encuentro-del-ciclo-pioneras-transatlanticas-en-tiempos-de-hombres-1930-1970;20 may 2025 ... Organizó la exposición itinerante “La huella imborrable. El exilio de Rafael Alberti y María Teresa León en Argentina”. Ha escrito y dirigido el documental ...
La Secretaría de Cultura celebró los 20 años del Programa Libro ...;https://www.argentina.gob.ar/noticias/la-secretaria-de-cultura-celebro-los-20-anos-del-programa-libro-con-una-gala-especial-en-el;"9 may 2025 ... ª Exposición Internacional de Arquitectura de Venecia. ""Libro% es un ... Lorena, de la Biblioteca Popular de Las Rosas de la zona de Traslasierras ..."
Untitled;https://www.mendoza.gov.ar/wp-content/uploads/sites/26/2025/05/Informe-de-Gestio%CC%81n-2024.pdf;31 may 2025 ... lectivo multiespacio”, también con 7 P.P.L. (6 mujeres penadas, 1 procesada) ... servicios, con exposición de casos y evaluación de posibles tratamientos.
Andrea Rincón: Lo más doloroso que atravesé fue el perdón hacia mí;https://www.mdzol.com/sociedad/2025/5/27/andrea-rincon-lo-mas-doloroso-que-atravese-fue-el-perdon-hacia-mi-1212160.html;26 may 2025 ... En medio de la exposición, transitó etapas de mucho dolor, que enfrentó con ... Por eso lo quise hacer en un teatro, en este caso en el Multiespacio.
Defensa de tesis de la Lic. Mariela Alejandra CALDERÓN - Facultad ...;https://ffyl.uncuyo.edu.ar/defensa-de-tesis-de-la-lic-mariela-alejandra-calderon;20 may 2025 ... Jurado: Dra. Paula Cecilia SIMÓN (Universidad Nacional de Cuyo), el Dr. Claudio ... En el cierre de su exposición, la Lic. Calderón, se explayó en las ...
Cornejo en Arminera: “Hay una oportunidad histórica y Mendoza ...;https://www.mendoza.gov.ar/prensa/cornejo-en-arminera-hay-una-oportunidad-historica-y-mendoza-esta-lista-para-aprovecharla/;20 may 2025 ... “No es improvisación ni impulso circunstancial: Mendoza está haciendo las cosas con seriedad y visión de largo plazo”, afirmó Cornejo en su exposición. El ...
Mendoza despierta gran interés en Arminera 2025 y muestra todo ...;https://www.mendoza.gov.ar/prensa/mendoza-despierta-gran-interes-en-arminera-2025-y-muestra-todo-su-potencial-productivo-y-estrategico/;20 may 2025 ... En el marco de Arminera 2025, la exposición minera más relevante de Argentina, con más de 300 expositores, 20.000 m² de superficie y la participación de 16 ...
Defensa de tesis de la Lic. Emilia Elisa MOLINA - Facultad de ...;https://ffyl.uncuyo.edu.ar/defensa-de-tesis-de-la-lic-emilia-elisa-molina;20 may 2025 ... Dra. Silvina LICEDA (Universidad Nacional de Cuyo), Dra. María ... La doctoranda realizó su exposición en tiempo y la presentación fue a partir ...
Qué hacen las empresas para mitigar el consumo de agua y ...;https://www.unidiversidad.com.ar/que-hacen-las-empresas-para-mitigar-el-consumo-de-agua-y-energia-que-gasta-la-ia;19 may 2025 ... Desde Unidiversidad, conversamos con dos docentes e investigadores de la Universidad Nacional de Cuyo ... exposición de información personal”, indicó la docente e ...
Aída Kemelmajer de Carlucci expondrá sobre prevención del daño ...;https://colabogmza.com.ar/aida-kemelmajer-de-carlucci-expondra-sobre-prevencion-del-dano/;17 may 2025 ... La actividad incluirá la exposición de la Jurista sobre «Prevención del daño ... Ejerció como profesora Titular de Derecho Civil en la Facultad de Derecho de la ...
Prime Video: se estrenó en los años 80, ganó dos premios BAFTA y ...;https://www.diariouno.com.ar/series-y-peliculas/prime-video-se-estreno-los-anos-80-gano-dos-premios-bafta-y-es-un-clasico-woody-allen-n1437291;17 may 2025 ... El director de este clásico es Woody Allen, y dicha producción realiza una exposición y valoración de la nostalgia por el pasado y la idealización del arte ...
Celebramos nuestra sólida trayectoria de acreditaciones exitosas ...;https://fcm.uncuyo.edu.ar/celebramos-la-acreditacion-ante-coneau-de-las-carreras-de-medicina-y-licenciatura-en-enfermeria;"15 may 2025 ... Para finalizar y acentuar su exposición, con orgullo, Miatello resumió que ""las carreras de grado de Licenciatura en Enfermería y Medicina de la Universidad ..."
“De tus luces y sombras”: Héctor Diéguez expone sus obras en ...;https://www.guaymallen.gob.ar/de-tus-luces-y-sombras-hector-dieguez-expone-sus-obras-en-salas-de-arte-libertad/;29 may 2025 ... La exposición podrá ser visitada hasta el 25 de junio, de lunes a sábados de 9 a 19h y domingos de 9 a 13h, en Libertad 466 de Villa Nueva, con entrada gratuita ...
1 Ing. Osvaldo F. Romagnoli Administrador D.P.V. Mendoza Tengo ...;https://www.mendoza.gov.ar/wp-content/uploads/sites/105/2025/06/Orden-0169-IF-2025-03958169-GDEMZA-MINERIA-1.pdf;25 may 2025 ... siendo muy clara su exposición. Pudiendo observarse las siguientes tablas, donde analizaremos lo concerniente a caminos a cargo de ésta repartición como son ...
Scioli y el secretario General de ONU Turismo presentaron la Guía ...;https://www.argentina.gob.ar/noticias/scioli-y-el-secretario-general-de-onu-turismo-presentaron-la-guia-para-inversiones;15 may 2025 ... Cuando se invierte en un hotel, es una inversión que ya genera trabajo ... Además, hubo una exposición del director regional para las Américas de ONU ...
Bárbara Negroni, fotógrafa Rosarina, inaugura “TODO LO QUE ...;https://mendoza.puntoapunto.com.ar/barbara-negroni-fotografa-rosarina-inaugura-todo-lo-que-puede-un-cuerpo-en-el-hualta-winery-hotel/;12 may 2025 ... Bárbara Negroni, fotógrafa Rosarina, inaugura “TODO LO QUE PUEDE UN CUERPO” en el “Hualta Winery Hotel” ... Participó en la exposición colectiva “100 años de ...
Minería: se aceleran las exportaciones y se esperan inversiones por ...;https://www.mdzol.com/dinero/2025/5/8/mineria-se-aceleran-las-exportaciones-se-esperan-inversiones-por-us33000-millones-1207428.html;"7 may 2025 ... Incluso con esta expansión, alcanzamos un nuevo récord de acreditados. El desarrollo genuino de la exposición es un signo del avance de la industria minera"", ..."
La malnutrición y el consumo de sustancias: factores críticos en el ...;https://www.elsol.com.ar/mendoza/la-malnutricion-y-el-consumo-de-sustancias-factores-criticos-en-el-aumento-de-la-mortalidad-infantil/;13 may 2025 ... La licenciada Cecilia Llaver, decana de la Facultad de Ciencias de la Nutrición de la Universidad Maza ... Las dificultades derivadas de esta exposición ...
APERTURA SESIONES ORDINARIAS 185º PERÍODO LEGISLATIVO;https://www.mendoza.gov.ar/wp-content/uploads/sites/5/2025/05/Anexos-Discruso-2025.pdf;30 abr 2025 ... Inmueble, la Universidad Maza, la Universidad Nacional de Cuyo, municipalidades, ... 6- Participación en tres Mesas de trabajo de Sedronar: Exposición en 2da mesa.
Bárbara Negroni, fotógrafa Rosarina, inaugura “TODO LO QUE ...;https://mendoza.puntoapunto.com.ar/barbara-negroni-fotografa-rosarina-inaugura-todo-lo-que-puede-un-cuerpo-en-el-hualta-winery-hotel/;12 may 2025 ... Participó en la exposición colectiva “100 años de Surrealismo” de la Casa Blanca, Gobierno de ... Hualta Hotel Mendoza, Curio Collection by Hilton. https ...
Jornadas Mujer UNCuyo 2025 - Mendoza;https://ffyl.uncuyo.edu.ar/upload/2c465bf8ec95b62a5e6cf9a5bd49fe18.pdf;12 may 2025 ... Municipalidad de Mendoza (Argentina): ... En este trabajo comparo dos variaciones de este gesto femenino de apertura: la exposición de un rostro íntimo de la obra ...
Untitled;https://www.mendoza.gov.ar/wp-content/uploads/sites/26/2025/05/Informe-de-Gestio%CC%81n-2024.pdf;31 may 2025 ... tales como el Poder Judicial, Municipios,. Programa Maltrato Infantil ... servicios, con exposición de casos y evaluación de posibles tratamientos. El ...
Planeamiento Anual de Auditoría;https://www.argentina.gob.ar/sites/default/files/9._pat_2025.pdf;29 may 2025 ... consecuencia de decomisos efectuados por orden del Poder Judicial, como ... exposición, que muestre los niveles de riesgo asociado a cada proceso. Los ...
Colapso judicial del caso Maradona: cómo sigue el proceso tras la ...;https://www.mdzol.com/colapso-judicial-del-caso-maradona-como-sigue-el-proceso-la-salida-makintach-n1255015;28 may 2025 ... Di Tommaso incluso remarcó que no permitiría que se ponga en duda su carrera, que forjó sin vínculos con el poder judicial. Tras la exposición de las ...
Quién es Julieta Makintach, la jueza del escándalo: cámaras ocultas ...;https://www.elsol.com.ar/el-pais/quien-es-julieta-makintach-la-jueza-del-escandalo-camaras-ocultas-y-un-proceso-que-se-derrumbo/;25 may 2025 ... Tiene más de 25 años de carrera en el Poder Judicial bonaerense, adonde ingresó en 1998. ... La pregunta es si comprendía el alcance de esa exposición —y su ...
APERTURA SESIONES ORDINARIAS 185º PERÍODO LEGISLATIVO;https://www.mendoza.gov.ar/wp-content/uploads/sites/5/2025/05/Anexos-Discruso-2025.pdf;30 abr 2025 ... Juzgados del Poder judicial, el Instituto Provincial de la Vivienda, el Registro Pú- ... 6- Participación en tres Mesas de trabajo de Sedronar: Exposición en 2da ...
Mendoza 26 de Septiembre 2024. Arquitecta SOLEDAD BARROS ...;https://www.mendoza.gov.ar/wp-content/uploads/sites/81/2025/05/IF-2024-08470550-GDEMZA-SAYOT.pdf;31 may 2025 ... El área del flanco oriental muestra en su casi totalidad a la cuenca y al A° Grande con dos vertientes generales una con exposición S y la otra al N. Las mismas ...
El SMN emitió un alerta por temperaturas extremadamente frías en ...;https://www.diariouno.com.ar/sociedad/el-smn-emitio-un-alerta-temperaturas-extremadamente-frias-esta-provincia-n1437970;19 may 2025 ... A nivel global, existen evidencias contundentes de los riesgos a la salud debido a la exposición prolongada a temperaturas muy elevadas o muy bajas. El SAT ...
Jornadas Mujer UNCuyo 2025 - Mendoza;https://ffyl.uncuyo.edu.ar/upload/2c465bf8ec95b62a5e6cf9a5bd49fe18.pdf;12 may 2025 ... En este trabajo comparo dos variaciones de este gesto femenino de apertura: la exposición de un rostro íntimo de la obra en registros heterogéneos.
MEMORIA SEGEMAR 2016-2019 08may.pmd;https://www.argentina.gob.ar/sites/default/files/memoria_2016-2019_0.pdf;7 may 2025 ... ... exposición en la XVI Conferencia Iberoamerica- na de Sistemas de Información ... andino mendocino, provincia de Mendoza. 4. Estudio Geocientífico de ...
Polémica en una escuela de Ciudad por la presentación de los ...;https://www.elsol.com.ar/mendoza/polemica-en-una-escuela-de-ciudad-por-la-presentacion-de-los-buzos-de-quinto-ano/;5 may 2025 ... ... exposición del evento. “Se nos prohibió que los papás asistiéramos a la presentación de los buzos de los chicos. De hecho, se les hizo firmar un papel a los ...
APERTURA SESIONES ORDINARIAS 185º PERÍODO LEGISLATIVO;https://www.mendoza.gov.ar/wp-content/uploads/sites/5/2025/05/Anexos-Discruso-2025.pdf;30 abr 2025 ... 6- Participación en tres Mesas de trabajo de Sedronar: Exposición en 2da mesa de trabajo representando a Mendoza, sobre medidas de acción llevadas ade ...
Diario UNO alcanzó el récord de 18 meses en el top 10 de los más ...;https://www.diariouno.com.ar/sociedad/diario-uno-alcanzo-el-record-18-meses-el-top-10-los-mas-leidos-argentina-n1427989;"29 abr 2025 ... Sitio Andino: 690.856; Mendoza Today ... La empresa ofrece una amplia gama de métricas, incluyendo el alcance de las audiencias, la frecuencia de exposición ..."
Mendoza 26 de Septiembre 2024. Arquitecta SOLEDAD BARROS ...;https://www.mendoza.gov.ar/wp-content/uploads/sites/81/2025/05/IF-2024-08470550-GDEMZA-SAYOT.pdf;31 may 2025 ... Del Departamento General de Irrigación. Calidad de efluentes en cauces de ... exposición norte y sur. El área del flanco oriental muestra en su casi ...
OBRA: Departamento: MAIPÚ Provincia: MENDOZA;https://www.mendoza.gov.ar/wp-content/uploads/sites/100/2025/04/Pliego_RP_33_Tr_20_-_31_-_Num_-_Expte.pdf;30 abr 2025 ... avisar con la necesaria antelación al Departamento General de Irrigación, para que ... no exposición del área a procesos erosivos). ▫ Una vez desmantelados los ...
APERTURA SESIONES ORDINARIAS 185º PERÍODO LEGISLATIVO;https://www.mendoza.gov.ar/wp-content/uploads/sites/5/2025/05/Anexos-Discruso-2025.pdf;30 abr 2025 ... El Departamento General de Irrigación, enfocado en establecer un control sobre ... 6- Participación en tres Mesas de trabajo de Sedronar: Exposición en 2da mesa.
PLIEGO DE ESPECIFICACIONES TÉCNICAS ...;https://www.mendoza.gov.ar/wp-content/uploads/sites/100/2025/04/Pliegos-ambientales-PETSA-y-PGAS.pdf;30 abr 2025 ... fundamentalmente la Resolución Nº 778 y modificatorias del Departamento General de Irrigación. ... mediante hidrosiembra, a fin de garantizar la no exposición del ...
Comunicados de prensa;https://uca.edu.ar/es/comunicacion-institucional/noticias;"29 may 2025 ... La Escuela de Innovación y Tecnología de la UCA, presente en Agroactiva ... Exposición virtual: ""Pinturas negras"", de Eugenia Viña- 11/2/20. Octubre."
“De tus luces y sombras”: Héctor Diéguez expone sus obras en ...;https://www.guaymallen.gob.ar/de-tus-luces-y-sombras-hector-dieguez-expone-sus-obras-en-salas-de-arte-libertad/;29 may 2025 ... La exposición podrá ser visitada hasta el 25 de junio, de lunes a sábados de 9 a 19h y domingos de 9 a 13h, en Libertad 466 de Villa Nueva, con entrada gratuita ...
Agenda de Cultura para el fin de semana | Argentina.gob.ar;https://www.argentina.gob.ar/noticias/agenda-de-cultura-para-el-fin-de-semana-44;"28 may 2025 ... Visita guiada para personas ciegas en el Museo Nacional de Bellas Artes. Exposición: ""Porter-Camnitzer: Los años del New York Graphic Workshop"" | De 11 a 19 h | ..."
Chile celebra en Mendoza su Día de los Patrimonios culturales 2025;https://www.mendoza.gov.ar/prensa/chile-celebra-en-mendoza-su-dia-de-los-patrimonios-culturales-2025/;28 may 2025 ... Emilio Civit 296, Ciudad de Mendoza. Visitas guiadas cada 45 minutos desde las 9 hasta las 14. Participa la Colectividad chilena Gabriela Mistral. Exposición ...
Actividades en todo el país por el Día Nacional de la Donación de ...;https://www.argentina.gob.ar/noticias/actividades-en-todo-el-pais-por-el-dia-nacional-de-la-donacion-de-organos-4;26 may 2025 ... ... Escuela de Comercio 1 desfilarán con el estandarte de “Una Escuela Donante”. ... 3/06 – Feria de Ciencias de la Donación de Órganos – Exposición de alumnos ...
Con distintas actividades, Mendoza conmemora un nuevo ...;https://www.mendoza.gov.ar/prensa/con-distintas-actividades-mendoza-conmemora-un-nuevo-aniversario-del-25-de-mayo/;21 may 2025 ... Será en: Parque de la Familia, boulogne Sur Mer y A. ... Además, se desarrollarán talleres culturales, exposición de artesanos y una feria de platos a cargo de ...
RESPUESTAS A LAS PREGUNTAS FRECUENTES EN EL ...;https://www.argentina.gob.ar/sites/default/files/ft_respuestas_a_las_preguntas_frecuentes_educacion.pdf;21 may 2025 ... La cantidad y tipo de examen dependerá de los agentes de riesgos a los que el trabajador se encuentre expuesto. (Ejemplo: si se declara la exposición a ruido, ...
Agenda de Cultura para el fin de semana | Argentina.gob.ar;https://www.argentina.gob.ar/noticias/agenda-de-cultura-para-el-fin-de-semana-43;"21 may 2025 ... Además, conocé todas las actividades que se realizarán por la semana de mayo. Sábado 24 de mayo. Exposición: ""Chucalezna. Cerro adentro"" | De 9 a 19 h | Museo ..."
Espacio de posters en Congreso Aapresid 2025 - Facultad de ...;https://fca.uncuyo.edu.ar/espacio-de-posters-en-congreso-aapresid-2025-;20 may 2025 ... Dictaminará cuales de ellos son aceptados y, dentro de éstos, cuáles serán los 120 posters seleccionados para exposición. Todos los posters aceptados serán ...
Una semana a pura miel riojana | Argentina.gob.ar;https://www.argentina.gob.ar/noticias/una-semana-pura-miel-riojana;20 may 2025 ... Las propuestas incluyeron degustaciones, exposición y comercialización de los diferentes productos, asistencia técnica y distinciones a los apicultores.
Jornadas Mujer UNCuyo 2025 - Mendoza;https://ffyl.uncuyo.edu.ar/upload/2c465bf8ec95b62a5e6cf9a5bd49fe18.pdf;12 may 2025 ... de las cuentas-registros Nº 228 del Archivo General de Navarra (Sección Comptos, 1395). Este conjunto —que incluye mobiliario, ropa de cama y de vestir ...
Chile celebra en Mendoza su Día de los Patrimonios culturales 2025;https://www.mendoza.gov.ar/prensa/chile-celebra-en-mendoza-su-dia-de-los-patrimonios-culturales-2025/;28 may 2025 ... Exposición Asociación Filatélica y Numismática de Mendoza y Museo Scout ... Plaza Chile, Ciudad de Mendoza. Desde las 12 y hasta las 15 aproximadamente ...
El cultivo del Almendro en la provincia de San Juan es una ...;https://repositorio.inta.gob.ar/xmlui/bitstream/handle/20.500.12123/21869/INTA_CRMendoza-SanJuan_EEASanJuan_Raigon_JM_Produccion_almendros_san_juan_vinculacion.pdf?sequence=1&isAllowed=y;17 may 2025 ... Las observaciones fenológicas en almendro se realizaron en la colección de diferentes variedades existentes en la Estación Experimental Agropecuaria del INTA, ...
Malargüe celebra la Semana de la Miel 2025 – Sitio oficial;https://www.malargue.gov.ar/malargue-celebra-la-semana-de-la-miel-2025/;15 may 2025 ... 3° premio: $30.000 + entradas al Complejo Planetario Malargüe para todo el curso. ... Venta y exposición de diferentes tipos de miel. Demostraciones de la ...
NAVE UNCUYO Convocatoria Mi primera muestra de arte;https://nave.uncuyo.edu.ar/novedad/convocatoria-mi-primera-muestra-de-arte;13 may 2025 ... Exposición de los trabajos: Las obras serán expuestas en la Nave UNCUYO (Maza 250, Ciudad de Mdz.) desde el lunes 7 al domingo 20 de julio. Se realizará una ...
"La Orquesta Sinfónica UNCuyo ofrecerá el ciclo ""Concierto para la ...";https://www.elsol.com.ar/cultura/la-orquesta-sinfonica-uncuyo-ofrecera-el-ciclo-concierto-para-la-familia/;12 may 2025 ... La cita es el viernes 16, a las 20.30, en la Sala Roja de la Nave UNCuyo, Maza 250, Ciudad. ... Tchaikovsky —La cabaña de Baba-Yaga (Cuadros de una Exposición) – ...
Implementan sistemas de crianza colectiva para mejorar el ...;https://www.argentina.gob.ar/noticias/implementan-sistemas-de-crianza-colectiva-para-mejorar-el-bienestar-animal;7 may 2025 ... Frente a esta situación, profesionales de la Estación Experimental Agropecuaria ... En ese marco, el equipo técnico del INTA Rafaela participará en la exposición ...
Con 65 años, así se ve hoy el cantante Morten Harket del grupo A-ha;https://www.diariouno.com.ar/espectaculos/con-65-anos-asi-se-ve-hoy-el-cantante-morten-harket-del-grupo-a-ha-n1440334;27 may 2025 ... Antes de ser cantante, Morten pensó ingresar en un seminario para ser ministro en la Iglesia Luterana. Entró a A-Ha en 1982, por invitación de Paul Waaktaar ...
Ley 12665;https://www.argentina.gob.ar/normativa/nacional/ley-12665-23121/normas-modifican;21 may 2025 ... SEMINARIO DIOCESANO NUESTRA SEÑORA DEL VALLE. DECLARASE MONUMENTO HISTORICO NACIONAL AL EDIFICIO DE PROPIEDAD DEL OBISPADO DE LA PROVINCIA DE CATAMARCA ...
El politólogo Daniel Arroyo estuvo en la FCPyS - Facultad de ...;https://fcp.uncuyo.edu.ar/el-politogo-daniel-arroyo-estuvo-en-la-fcpys;15 may 2025 ... En el marco de su viaje a Mendoza, la Facultad de Ciencias Políticas y Sociales recibió la visita del Esp. Daniel Arroyo, docente del seminario Política de ...
APERTURA SESIONES ORDINARIAS 185º PERÍODO LEGISLATIVO;https://www.mendoza.gov.ar/wp-content/uploads/sites/5/2025/05/Anexos-Discruso-2025.pdf;30 abr 2025 ... Universidad del Aconcagua. En 2024 alcanzó a 2.880 niños y niñas, y en 2025 ... · Universidad Nacional de Cuyo (UNCuyo): Programa de Capacitación Perma-.
La DESAPARICIÓN INEXPLICABLE de la HIJA de DOS FAMOSOS ...;https://viapais.com.ar/policiales/la-desaparicion-inexplicable-de-la-hija-de-dos-famosos-cantantes-que-sigue-causando-terror-tras-30-anos/;29 abr 2025 ... Con el paso del tiempo, surgieron otras conjeturas en torno al caso. En 2011, el seminario alemán Freizet Repuve aseguró que Ylenia Carrisi se encontraba ...
"Pablo Picotto llega a Mendoza con su unipersonal ""Tiempos ...";https://www.unidiversidad.com.ar/pablo-picotto-llega-a-mendoza-con-su-unipersonal-tiempos-modernos;8 may 2025 ... ... de mayo a las 20.30, y un taller-seminario intensivo de comedia de 15.30 a 18.30, ambos en el emblemático Teatro Independencia.
Pablo Picotto llega a Mendoza con su unipersonal “Tiempos ...;https://www.mendoza.gov.ar/prensa/pablo-picotto-llega-a-mendoza-con-su-unipersonal-tiempos-modernos-y-brindara-un-exclusivo-taller-de-comedia/;8 may 2025 ... ... seminario intensivo de comedia, de 15.30 a 18.30, ambos en el emblemático Teatro Independencia. Tiempos modernos plantea un viaje cómico y reflexivo sobre ...
"Pablo Picotto llega a Mendoza con ""Tiempos modernos"" y un taller ...";https://www.mendovoz.com/eskpe/2025/5/5/pablo-picotto-llega-mendoza-con-tiempos-modernos-un-taller-exclusivo-de-comedia-155795.html;4 may 2025 ... La función será el domingo 11 de mayo, a las 20.30, en el Teatro Independencia (Chile 1184). ... Además, el lunes 12 de mayo, el artista ofrecerá un seminario ...
APERTURA SESIONES ORDINARIAS 185º PERÍODO LEGISLATIVO;https://www.mendoza.gov.ar/wp-content/uploads/sites/5/2025/05/Anexos-Discruso-2025.pdf;30 abr 2025 ... OBRA SOCIAL DE LOS EMPLEADOS PÚBLICOS (OSEP). 341. FUESMEN. Page 3. MINISTERIO ... seminario sobre vinos de altura de Mendoza y se realizaron varias ...
APERTURA SESIONES ORDINARIAS 185º PERÍODO LEGISLATIVO;https://www.mendoza.gov.ar/wp-content/uploads/sites/5/2025/05/Anexos-Discruso-2025.pdf;30 abr 2025 ... · Universidad Nacional de Cuyo (UNCuyo): Programa de Capacitación Perma- ... seminario sobre vinos de altura de Mendoza y se realizaron varias reuniones ...
Diplomatura en Pericia Caligráfica y Grafopsicológica;https://www.umaza.edu.ar/landings/diplomatura-en-pericia-caligrafica-y-grafopsicologica;"22 may 2025 ... Derecho Procesal; Pericias caligráficas Judiciales; Fotografía Pericial; El informe Pericial; Seminario de TFI (Dip. Univ)."
Untitled;https://um.edu.ar/wp-content/uploads/MESAS-2025-KINESIOLOGIA-al-06-02-25.pdf;19 may 2025 ... UNIVERSIDAD DE MENDOZA. FACULTAD DE CIENCIAS DE LA SALUD. MESAS DE EXAMENES ... (K15 T) SEMINARIO II (tarde). 19/5/2025. 23/6/2025. 21/7/2025. 15/9/2025. 1/12 ...
Jornada de Conjuntos Inmobiliarios y Propiedad Horizontal ...;https://derecho.uncuyo.edu.ar/primera-jornada-nacional-de-propiedad-horizontal-y-conjuntos-inmobiliarios;19 may 2025 ... Organizada por la Dirección del Seminario en Administración de Consorcios FD UNCUYO en colaboración con AIERH (Asociación Inmobiliaria Edificios de Renta y ...
Jornada de Conjuntos Inmobiliarios y Propiedad Horizontal ...;https://derecho.uncuyo.edu.ar/primera-jornada-nacional-de-propiedad-horizontal-y-conjuntos-inmobiliarios;19 may 2025 ... Organizada por la Dirección del Seminario en Administración de Consorcios FD UNCUYO en colaboración con AIERH (Asociación Inmobiliaria Edificios de Renta y ...
MEMORIA SEGEMAR 2016-2019 08may.pmd;https://www.argentina.gob.ar/sites/default/files/memoria_2016-2019_0.pdf;7 may 2025 ... ... SEMINARIO. CANTERA RELLENO SANITARIO. Bañado. 23ARENAS LITORALES Arenas finas y ... cordillera de los Andes que podrían afectar a nuestro país, con el fin ...
APERTURA SESIONES ORDINARIAS 185º PERÍODO LEGISLATIVO;https://www.mendoza.gov.ar/wp-content/uploads/sites/5/2025/05/Anexos-Discruso-2025.pdf;30 abr 2025 ... El Espacio Cultural Julio Le Parc vivió una etapa de gran vitalidad con más de ... seminario sobre vinos de altura de Mendoza y se realizaron varias ...
Con 65 años, así se ve hoy el cantante Morten Harket del grupo A-ha;https://www.diariouno.com.ar/espectaculos/con-65-anos-asi-se-ve-hoy-el-cantante-morten-harket-del-grupo-a-ha-n1440334;27 may 2025 ... Antes de ser cantante, Morten pensó ingresar en un seminario para ser ministro en la Iglesia Luterana. Entró a A-Ha en 1982, por invitación de Paul Waaktaar ...
Ley 12665;https://www.argentina.gob.ar/normativa/nacional/ley-12665-23121/normas-modifican;21 may 2025 ... SEMINARIO DIOCESANO NUESTRA SEÑORA DEL VALLE. DECLARASE MONUMENTO HISTORICO NACIONAL AL EDIFICIO DE PROPIEDAD DEL OBISPADO DE LA PROVINCIA DE CATAMARCA ...
El politólogo Daniel Arroyo estuvo en la FCPyS - Facultad de ...;https://fcp.uncuyo.edu.ar/el-politogo-daniel-arroyo-estuvo-en-la-fcpys;15 may 2025 ... En el marco de su viaje a Mendoza, la Facultad de Ciencias Políticas y Sociales recibió la visita del Esp. Daniel Arroyo, docente del seminario Política de ...
APERTURA SESIONES ORDINARIAS 185º PERÍODO LEGISLATIVO;https://www.mendoza.gov.ar/wp-content/uploads/sites/5/2025/05/Anexos-Discruso-2025.pdf;30 abr 2025 ... · Curso de Seguridad para personal del Hotel Hyatt: Destinado a personal de ... seminario sobre vinos de altura de Mendoza y se realizaron varias reuniones ...
La DESAPARICIÓN INEXPLICABLE de la HIJA de DOS FAMOSOS ...;https://viapais.com.ar/policiales/la-desaparicion-inexplicable-de-la-hija-de-dos-famosos-cantantes-que-sigue-causando-terror-tras-30-anos/;29 abr 2025 ... Con el paso del tiempo, surgieron otras conjeturas en torno al caso. En 2011, el seminario alemán Freizet Repuve aseguró que Ylenia Carrisi se encontraba ...
APERTURA SESIONES ORDINARIAS 185º PERÍODO LEGISLATIVO;https://www.mendoza.gov.ar/wp-content/uploads/sites/5/2025/05/Anexos-Discruso-2025.pdf;30 abr 2025 ... temente autorizado por el Instituto Nacional de Vitivinicultura. La cantidad ... seminario sobre vinos de altura de Mendoza y se realizaron varias ...
APERTURA SESIONES ORDINARIAS 185º PERÍODO LEGISLATIVO;https://www.mendoza.gov.ar/wp-content/uploads/sites/5/2025/05/Anexos-Discruso-2025.pdf;30 abr 2025 ... por la Municipalidad de Las Heras a través de un convenio marco suscrito con ... seminario sobre vinos de altura de Mendoza y se realizaron varias ...
Universidad Católica Argentina - UCA;https://uca.edu.ar/es/comunicacion-institucional/noticias;29 may 2025 ... Seminario internacional “Juan Pablo II, a 20 años de su fallecimiento”- 3/28/25 · Declaración de interés para la Promoción y Defensa de los Derechos de las ...
Universidad Católica Argentina - UCA;https://uca.edu.ar/es/eventos/jornada-homenaje-el-arbitraje-societario;27 may 2025 ... m. XVII Jornadas Internacionales de Derecho Natural · Ver agenda completa. Seminario: “Amenazas emergentes: terrorismo, el Nexo y el rol de las nuevas ...
"XX Seminario Internacional PROCOAS ""Cooperación y trabajo ...";https://www.uncuyo.edu.ar/ciencia_tecnica_y_posgrado/procoas2025;26 may 2025 ... La Asociación de Universidades Grupo Montevideo (AUGM) junto con la Facultad de Ciencias Económicas de la Universidad ... XX Seminario Internacional PROCOAS “ ...
"Seminario | ""Niños, niñas y adolescentes en conflicto con la ley penal""";https://derecho.uncuyo.edu.ar/seminario-ninos-ninas-y-adolescentes-en-conflicto-con-la-ley-penal;25 may 2025 ... Este seminario propone una aproximación a las problemáticas de los niños ... Secretaría de Ciencia, Técnica y Posgrado. Universidad Nacional de Cuyo.
La jueza Makintach y su mirada sobre el caso Lucio Dupuy: el ...;https://www.mdzol.com/policiales/2025/5/24/la-jueza-makintach-su-mirada-sobre-el-caso-lucio-dupuy-el-antecedente-que-resurge-en-medio-del-escandalo-maradona-1211778.html;23 may 2025 ... Makintach, entre Lucio Dupuy y Maradona: el seminario que vuelve al centro de la escena. Foto: NA. Mientras avanza la investigación judicial por su presunto rol ...
Diplomatura en Pericia Caligráfica y Grafopsicológica;https://www.umaza.edu.ar/landings/diplomatura-en-pericia-caligrafica-y-grafopsicologica;"22 may 2025 ... Derecho Procesal; Pericias caligráficas Judiciales; Fotografía Pericial; El informe Pericial; Seminario de TFI (Dip. Univ)."
Licenciatura en diseno (Facultad de ingenieria y ciencias ... - UCA;https://uca.edu.ar/es/facultades/facultad-de-ingenieria-y-ciencias-agrarias/carrera-de-grado/licenciatura-en-diseno?sede_de_interes=Rosario;20 may 2025 ... Seminario de Profundización Teológica Requisito Curricular: Evaluación de Nivel de Idioma Inglés I. TERCER AÑO. 1° semestre: Global transdisciplinar, local ...
Untitled;https://um.edu.ar/wp-content/uploads/MESAS-2025-KINESIOLOGIA-al-06-02-25.pdf;19 may 2025 ... UNIVERSIDAD DE MENDOZA. FACULTAD DE CIENCIAS DE LA SALUD. MESAS DE EXAMENES ... (K15 T) SEMINARIO II (tarde). 19/5/2025. 23/6/2025. 21/7/2025. 15/9/2025. 1/12 ...
Jornada de Conjuntos Inmobiliarios y Propiedad Horizontal ...;https://derecho.uncuyo.edu.ar/primera-jornada-nacional-de-propiedad-horizontal-y-conjuntos-inmobiliarios;19 may 2025 ... Organizada por la Dirección del Seminario en Administración de Consorcios FD UNCUYO en colaboración con AIERH (Asociación Inmobiliaria Edificios de Renta y ...
Universidad Católica Argentina - UCA;https://uca.edu.ar/es/educacion-continua/artes-y-ciencias-musicales;"19 may 2025 ... Artes y Ciencias Musicales ; Seminario de Dirección de Opera: La Bohème – duettino, arias y dúo final del Acto 1 · 30 de septiembre 2025 ; Matemática aplicada a la ..."
Ley 12665;https://www.argentina.gob.ar/normativa/nacional/ley-12665-23121/normas-modifican;21 may 2025 ... ... BIBLIOTECA POPULAR “ANTONIO MENTRUYT”, DE LA CIUDAD DE LOMAS DE ZAMORA ... SEMINARIO DIOCESANO NUESTRA SEÑORA DEL VALLE. DECLARASE MONUMENTO HISTORICO ...
Con 65 años, así se ve hoy el cantante Morten Harket del grupo A-ha;https://www.diariouno.com.ar/espectaculos/con-65-anos-asi-se-ve-hoy-el-cantante-morten-harket-del-grupo-a-ha-n1440334;"27 may 2025 ... ... Multiespacio Cultural de Luján ""Sold out"". por ... Antes de ser cantante, Morten pensó ingresar en un seminario para ser ministro en la Iglesia Luterana."
"Seminario | ""Niños, niñas y adolescentes en conflicto con la ley penal""";https://derecho.uncuyo.edu.ar/seminario-ninos-ninas-y-adolescentes-en-conflicto-con-la-ley-penal;25 may 2025 ... Este seminario propone una aproximación a las problemáticas de los niños ... Secretaría de Ciencia, Técnica y Posgrado. Universidad Nacional de Cuyo.
Plazos de Entrega PROVINCIA LOCALIDAD Código Postal Plazo ...;https://www.argentina.gob.ar/sites/default/files/renaper_plazosentrega.pdf;24 may 2025 ... ... SEMINARIO PIO XII. 6600. 24 Hs. Buenos Aires. SEVIGNE. 7101. 48 Hs. Buenos Aires ... LOS REYUNOS. 5925 72 Hs. / 96 Hs. Cordoba. LOS RUICES. 5201 72 Hs. / 96 Hs ...
Jornada de Conjuntos Inmobiliarios y Propiedad Horizontal ...;https://derecho.uncuyo.edu.ar/primera-jornada-nacional-de-propiedad-horizontal-y-conjuntos-inmobiliarios;19 may 2025 ... Organizada por la Dirección del Seminario en Administración de Consorcios FD UNCUYO en colaboración con AIERH (Asociación Inmobiliaria Edificios de Renta y ...
Seminario de Posgrado | Tutela Procesal del Consumidor - Facultad ...;https://derecho.uncuyo.edu.ar/seminario-de-posgrado-tutela-procesal-del-consumidor;13 may 2025 ... Con una metodología combinada de clases teóricas, análisis de casos, actividades prácticas, y debates, el Seminario ... Universidad Nacional de Cuyo.
"Pablo Picotto llega a Mendoza con su unipersonal ""Tiempos ...";https://www.unidiversidad.com.ar/pablo-picotto-llega-a-mendoza-con-su-unipersonal-tiempos-modernos;8 may 2025 ... ... de mayo a las 20.30, y un taller-seminario intensivo de comedia de 15.30 a 18.30, ambos en el emblemático Teatro Independencia.
APERTURA SESIONES ORDINARIAS 185º PERÍODO LEGISLATIVO;https://www.mendoza.gov.ar/wp-content/uploads/sites/5/2025/05/Anexos-Discruso-2025.pdf;30 abr 2025 ... · Universidad Nacional de Cuyo (UNCuyo): Programa de Capacitación Perma- ... seminario sobre vinos de altura de Mendoza y se realizaron varias reuniones ...
Con 65 años, así se ve hoy el cantante Morten Harket del grupo A-ha;https://www.diariouno.com.ar/espectaculos/con-65-anos-asi-se-ve-hoy-el-cantante-morten-harket-del-grupo-a-ha-n1440334;27 may 2025 ... Antes de ser cantante, Morten pensó ingresar en un seminario para ser ministro en la Iglesia Luterana. Entró a A-Ha en 1982, por invitación de Paul Waaktaar ...
Ley 12665;https://www.argentina.gob.ar/normativa/nacional/ley-12665-23121/normas-modifican;21 may 2025 ... SEMINARIO DIOCESANO NUESTRA SEÑORA DEL VALLE. DECLARASE MONUMENTO HISTORICO NACIONAL AL EDIFICIO DE PROPIEDAD DEL OBISPADO DE LA PROVINCIA DE CATAMARCA ...
El politólogo Daniel Arroyo estuvo en la FCPyS - Facultad de ...;https://fcp.uncuyo.edu.ar/el-politogo-daniel-arroyo-estuvo-en-la-fcpys;15 may 2025 ... En el marco de su viaje a Mendoza, la Facultad de Ciencias Políticas y Sociales recibió la visita del Esp. Daniel Arroyo, docente del seminario Política de ...
APERTURA SESIONES ORDINARIAS 185º PERÍODO LEGISLATIVO;https://www.mendoza.gov.ar/wp-content/uploads/sites/5/2025/05/Anexos-Discruso-2025.pdf;30 abr 2025 ... · Curso de Seguridad para personal del Hotel Hyatt: Destinado a personal de ... seminario sobre vinos de altura de Mendoza y se realizaron varias reuniones ...
La DESAPARICIÓN INEXPLICABLE de la HIJA de DOS FAMOSOS ...;https://viapais.com.ar/policiales/la-desaparicion-inexplicable-de-la-hija-de-dos-famosos-cantantes-que-sigue-causando-terror-tras-30-anos/;29 abr 2025 ... Con el paso del tiempo, surgieron otras conjeturas en torno al caso. En 2011, el seminario alemán Freizet Repuve aseguró que Ylenia Carrisi se encontraba ...
Diplomatura en Pericia Caligráfica y Grafopsicológica;https://www.umaza.edu.ar/landings/diplomatura-en-pericia-caligrafica-y-grafopsicologica;22 may 2025 ... Seminario de TFI (Dip. Univ). EQUIPO DE GESTIÓN. Director: Lic. Walter ... Universidad Maza. Sede Gran Mendoza: Av. Acceso Este, Lateral Sur 2245 ...
Profesorado en Química;https://www.umaza.edu.ar/landings/quimica;"16 may 2025 ... Seminario; Informática (extracurricular); Inglés técnico (extracurricular) ... Universidad Maza. Sede Gran Mendoza: Av. Acceso Este, Lateral Sur 2245 ..."
APERTURA SESIONES ORDINARIAS 185º PERÍODO LEGISLATIVO;https://www.mendoza.gov.ar/wp-content/uploads/sites/5/2025/05/Anexos-Discruso-2025.pdf;30 abr 2025 ... Inmueble, la Universidad Maza, la Universidad Nacional de Cuyo, municipalidades, ... seminario sobre vinos de altura de Mendoza y se realizaron varias ...
"Seminario | ""Niños, niñas y adolescentes en conflicto con la ley penal""";https://derecho.uncuyo.edu.ar/seminario-ninos-ninas-y-adolescentes-en-conflicto-con-la-ley-penal;25 may 2025 ... Este seminario propone una aproximación a las problemáticas de los niños ... Prácticas selectivas de las fuerzas de seguridad y poder judicial La ...
APERTURA SESIONES ORDINARIAS 185º PERÍODO LEGISLATIVO;https://www.mendoza.gov.ar/wp-content/uploads/sites/5/2025/05/Anexos-Discruso-2025.pdf;30 abr 2025 ... Juzgados del Poder judicial, el Instituto Provincial de la Vivienda, el Registro Pú- ... seminario sobre vinos de altura de Mendoza y se realizaron varias ...
Ley 12665;https://www.argentina.gob.ar/normativa/nacional/ley-12665-23121/normas-modifican;21 may 2025 ... ... SEMINARIO DIOCESANO NUESTRA SEÑORA DEL VALLE, UBICADO EN LA CIUDAD DE CATAMARCA. ... DECLARASE MONUMENTO HISTORICO NACIONAL AL SISTEMA VIAL ANDINO QHAPAQ ...
MEMORIA SEGEMAR 2016-2019 08may.pmd;https://www.argentina.gob.ar/sites/default/files/memoria_2016-2019_0.pdf;7 may 2025 ... ... SEMINARIO. CANTERA RELLENO SANITARIO. Bañado. 23ARENAS LITORALES Arenas finas y limos. 22GRAVAS MARINAS Rodados y gravas. 21b ARENAS EÓLICAS ACTUALES Arenas ...
El primer mensaje de León XIV: un «llamado a la paz» a “todos los ...;https://diariosanrafael.com.ar/el-primer-mensaje-de-leon-xiv-un-llamado-a-la-paz-a-todos-los-pueblos/?print=pdf;7 may 2025 ... gran parte de su vida religiosa en el país andino. Page 6. El recién ... 1988 para dirigir el seminario agustiniano de la ciudad. Page 8. norteña de ...
APERTURA SESIONES ORDINARIAS 185º PERÍODO LEGISLATIVO;https://www.mendoza.gov.ar/wp-content/uploads/sites/5/2025/05/Anexos-Discruso-2025.pdf;30 abr 2025 ... Maestro Cervecero, Guía Náutico Andino, Gestor en Logística Minera, Adminis- ... seminario sobre vinos de altura de Mendoza y se realizaron varias reuniones ...
APERTURA SESIONES ORDINARIAS 185º PERÍODO LEGISLATIVO;https://www.mendoza.gov.ar/wp-content/uploads/sites/5/2025/05/Anexos-Discruso-2025.pdf;30 abr 2025 ... El Departamento General de Irrigación, enfocado en establecer un control sobre ... seminario sobre vinos de altura de Mendoza y se realizaron varias ...
Comunicados de prensa;https://uca.edu.ar/es/comunicacion-institucional/noticias;29 may 2025 ... Seminario: “Interpretando la convulsionada Argentina de los '70 y el rol de ... La Escuela de Innovación y Tecnología de la UCA, presente en Agroactiva ...
Facultad de Educación;https://educacion.uncuyo.edu.ar/novedades/todas/4900;28 may 2025 ... imagen Inclusión de estudiantes con discapacidad será tema de un seminario. Inclusión de estudiantes con discapacidad será tema de un seminario. Mar 15, 2016.
Personal de la Dirección de Tráfico Marítimo, Fluvial y Lacustre ...;https://www.argentina.gob.ar/noticias/personal-de-la-direccion-de-trafico-maritimo-fluvial-y-lacustre-participo-del-seminario;28 may 2025 ... La Prefectura Naval Argentina, a través de su Servicio de Tráfico Marítimo, participó del Seminario sobre Marejadas Anormales, organizado por la Dirección ...
Jornada homenaje: El Arbitraje Societario;https://uca.edu.ar/es/eventos/jornada-homenaje-el-arbitraje-societario;27 may 2025 ... m. XVII Jornadas Internacionales de Derecho Natural · Ver agenda completa. Seminario: “Amenazas emergentes: terrorismo, el Nexo y el rol de las nuevas ...
Cultura Federal: convocatorias abiertas al 28 de mayo de 2025 ...;https://www.argentina.gob.ar/noticias/cultura-federal-convocatorias-abiertas-al-28-de-mayo-de-2025;27 may 2025 ... Cierre: martes 1 de julio de 2025. La Orquesta Sinfónica Nacional abrió la inscripción al seminario de posgrado en Dirección Orquestal. Directores, directoras y ...
Jornada académica en homenaje a Susana Cures;https://uca.edu.ar/es/eventos/jornada-academica-en-homenaje-a-susana-cures;27 may 2025 ... m. XVII Jornadas Internacionales de Derecho Natural · Ver agenda completa. Seminario: “Amenazas emergentes: terrorismo, el Nexo y el rol de las nuevas ...
"Seminario | ""Niños, niñas y adolescentes en conflicto con la ley penal""";https://derecho.uncuyo.edu.ar/seminario-ninos-ninas-y-adolescentes-en-conflicto-con-la-ley-penal;25 may 2025 ... Este seminario propone una aproximación a las problemáticas de los niños, niñas y adolescentes en conflicto con la ley penal, con un abordaje proyectado ...
Plazos de Entrega PROVINCIA LOCALIDAD Código Postal Plazo ...;https://www.argentina.gob.ar/sites/default/files/renaper_plazosentrega.pdf;24 may 2025 ... ... ESCUELA ARGENTINA. 7136. 72 Hs. Buenos Aires. CNIA.FERRARI. 7172. 72 Hs ... SEMINARIO PIO XII. 6600. 24 Hs. Buenos Aires. SEVIGNE. 7101. 48 Hs. Buenos Aires.
Ley 12665;https://www.argentina.gob.ar/normativa/nacional/ley-12665-23121/normas-modifican;21 may 2025 ... SEMINARIO DIOCESANO NUESTRA SEÑORA DEL VALLE. DECLARASE MONUMENTO HISTORICO NACIONAL AL EDIFICIO DE PROPIEDAD DEL OBISPADO DE LA PROVINCIA DE CATAMARCA ...
Licenciatura en diseno (Facultad de ingenieria y ciencias ... - UCA;https://uca.edu.ar/es/facultades/facultad-de-ingenieria-y-ciencias-agrarias/carrera-de-grado/licenciatura-en-diseno?sede_de_interes=Rosario;20 may 2025 ... Seminario de Profundización Teológica Requisito Curricular: Evaluación de Nivel de Idioma Inglés I. TERCER AÑO. 1° semestre: Global transdisciplinar, local ...
Con la participación de referentes mundiales de la especialidad, se ...;https://www.mendoza.gov.ar/prensa/con-la-participacion-de-referentes-mundiales-de-la-especialidad-se-realizara-en-mendoza-el-congreso-nacional-de-cardiologia-2025/;26 may 2025 ... -Tratamiento endovascular en Trombo embolismo Pulmonar Agudo, la revolución es hoy. -Taller para la comunidad: reanimación cardiopulmonar en la mujer. -Simposio ...
No se publica - Facultad de Ciencias Médicas de la UNCUYO;https://fcm.uncuyo.edu.ar/no-se-publica;19 may 2025 ... Simposio Internacional Medicina de altura en el sueño y la vigilia · 1° Simposio Mendocino de Leishmaniasis · III Simposio Internacional de Medicina ...
Mendoza 26 de Septiembre 2024. Arquitecta SOLEDAD BARROS ...;https://www.mendoza.gov.ar/wp-content/uploads/sites/81/2025/05/IF-2024-08470550-GDEMZA-SAYOT.pdf;31 may 2025 ... Cordillera de los Andes. La variabilidad de las nevadas (y de los caudales ... ) Segundo Simposio Geología. Regional, Academia Nacional de Ciencias I ...
MEMORIA SEGEMAR 2016-2019 08may.pmd;https://www.argentina.gob.ar/sites/default/files/memoria_2016-2019_0.pdf;7 may 2025 ... ... Cordillera de los Andes, que puedan afectar a nuestro país y/o a países ... Simposio IAGOD cele- brado en Kunming, China, fue aprobada por unanimidad ...
Con la participación de referentes mundiales de la especialidad, se ...;https://www.mendoza.gov.ar/prensa/con-la-participacion-de-referentes-mundiales-de-la-especialidad-se-realizara-en-mendoza-el-congreso-nacional-de-cardiologia-2025/;26 may 2025 ... -Tratamiento endovascular en Trombo embolismo Pulmonar Agudo, la revolución es hoy. -Taller para la comunidad: reanimación cardiopulmonar en la mujer. -Simposio ...
No se publica - Facultad de Ciencias Médicas de la UNCUYO;https://fcm.uncuyo.edu.ar/no-se-publica;19 may 2025 ... Simposio Internacional Medicina de altura en el sueño y la vigilia · 1° Simposio Mendocino de Leishmaniasis · III Simposio Internacional de Medicina ...
Mendoza 26 de Septiembre 2024. Arquitecta SOLEDAD BARROS ...;https://www.mendoza.gov.ar/wp-content/uploads/sites/81/2025/05/IF-2024-08470550-GDEMZA-SAYOT.pdf;31 may 2025 ... ) Segundo Simposio Geología. Regional, Academia Nacional de Ciencias I: 651-694, Córdoba. -Plan de Gestión y Uso Público Reserva Manzano Histórico-Portillo ...
Universidad Católica Argentina - UCA;https://uca.edu.ar/es/comunicacion-institucional/noticias;29 may 2025 ... Simposio Latinoamericano sobre trastornos del espectro autista- 8/26/16 · Presentación del Barómetro de la Deuda Social Argentina, Serie del Bicentenario, Año ...
IV Jornadas de Aracnología Mendoza 2025: Un encuentro para ...;https://fcen.uncuyo.edu.ar/iv-jornadas-de-aracnologia-mendoza-2025-un-encuentro-para-profundizar-en-el-estudio-de-los-aracnidos;"21 may 2025 ... Los interesados deben enviar su postulación a iv.aracnojornadas@gmail.com con el asunto ""Propuesta de simposio"". Un espacio para el debate y la divulgación ..."
No se publica - Facultad de Ciencias Médicas de la UNCUYO;https://fcm.uncuyo.edu.ar/no-se-publica;19 may 2025 ... Simposio Internacional Medicina de altura en el sueño y la vigilia · 1 ... Imagen digital del Título de Médico/a certificado por la Universidad emisora.
MEMORIA SEGEMAR 2016-2019 08may.pmd;https://www.argentina.gob.ar/sites/default/files/memoria_2016-2019_0.pdf;7 may 2025 ... ... Universidad de Buenos Aires y de la Universidad de San Pa- blo ... Simposio IAGOD cele- brado en Kunming, China, fue aprobada por unanimidad la ...
3º Simposio de Higiene, Seguridad Laboral y Ambiente Entradas ...;https://www.eventbrite.com.ar/e/3o-simposio-de-higiene-seguridad-laboral-y-ambiente-tickets-1306943696779;5 may 2025 ... Eventbrite - Universidad Blas Pascal presenta 3º Simposio de Higiene, Seguridad Laboral y Ambiente - Martes, 6 de mayo de 2025 en Universidad Blas Pascal, ...
Concordia fue sede del Primer Simposio Regional de Arándanos ...;https://www.argentina.gob.ar/noticias/concordia-fue-sede-del-primer-simposio-regional-de-arandanos;29 abr 2025 ... Este 29 de abril se realizó en INTA Concordia el Primer Simposio Regional de Arándanos, un evento que convocó a productores, investigadores, profesionales y ...
IV Jornadas de Aracnología Mendoza 2025: Un encuentro para ...;https://fcen.uncuyo.edu.ar/iv-jornadas-de-aracnologia-mendoza-2025-un-encuentro-para-profundizar-en-el-estudio-de-los-aracnidos;"21 may 2025 ... Los interesados deben enviar su postulación a iv.aracnojornadas@gmail.com con el asunto ""Propuesta de simposio"". Un espacio para el debate y la divulgación ..."
No se publica - Facultad de Ciencias Médicas de la UNCUYO;https://fcm.uncuyo.edu.ar/no-se-publica;19 may 2025 ... Simposio Internacional Medicina de altura en el sueño y la vigilia · 1 ... Universidad Nacional de Cuyo. Desarrollado por CICUNC | Login · RSS Noticias · RSS ...
Con la participación de referentes mundiales de la especialidad, se ...;https://www.mendoza.gov.ar/prensa/con-la-participacion-de-referentes-mundiales-de-la-especialidad-se-realizara-en-mendoza-el-congreso-nacional-de-cardiologia-2025/;26 may 2025 ... -Tratamiento endovascular en Trombo embolismo Pulmonar Agudo, la revolución es hoy. -Taller para la comunidad: reanimación cardiopulmonar en la mujer. -Simposio ...
No se publica - Facultad de Ciencias Médicas de la UNCUYO;https://fcm.uncuyo.edu.ar/no-se-publica;19 may 2025 ... Simposio Internacional Medicina de altura en el sueño y la vigilia · 1° Simposio Mendocino de Leishmaniasis · III Simposio Internacional de Medicina ...
Mendoza 26 de Septiembre 2024. Arquitecta SOLEDAD BARROS ...;https://www.mendoza.gov.ar/wp-content/uploads/sites/81/2025/05/IF-2024-08470550-GDEMZA-SAYOT.pdf;31 may 2025 ... Clubes andinos y grupos de montaña (Club Andino San Carlos, Club Andino Tunuyán, etc.) ... ) Segundo Simposio Geología. Regional, Academia Nacional de Ciencias I: ...
MEMORIA SEGEMAR 2016-2019 08may.pmd;https://www.argentina.gob.ar/sites/default/files/memoria_2016-2019_0.pdf;7 may 2025 ... ... Simposio. I.A.G.O.D. con sede en la ciudad de Salta, los días 28 al 31 de ... andino mendocino, provincia de Mendoza. 4. Estudio Geocientífico de ...
Mendoza 26 de Septiembre 2024. Arquitecta SOLEDAD BARROS ...;https://www.mendoza.gov.ar/wp-content/uploads/sites/81/2025/05/IF-2024-08470550-GDEMZA-SAYOT.pdf;31 may 2025 ... Del Departamento General de Irrigación. Calidad de efluentes en cauces de ... ) Segundo Simposio Geología. Regional, Academia Nacional de Ciencias I ...
Comunicados de prensa;https://uca.edu.ar/es/comunicacion-institucional/noticias;29 may 2025 ... Simposio Latinoamericano sobre trastornos del espectro autista- 8/26/16 · Presentación del Barómetro de la Deuda Social Argentina, Serie del Bicentenario, Año ...
Circular de vigilancia;https://www.argentina.gob.ar/sites/default/files/2024/05/circular_vigilancia-hantavirus-16052025.pdf;16 may 2025 ... - No concurrir a escuela, trabajo, clubes, eventos sociales, viajes en vehículo, etc. ... XII Congreso Argentino de Virología, V Simposio de Virología. Clínica, ...
MEMORIA SEGEMAR 2016-2019 08may.pmd;https://www.argentina.gob.ar/sites/default/files/memoria_2016-2019_0.pdf;7 may 2025 ... ... Escuela. Faro. _ Hipódromo- Autódromo. Cementerio. Mina o Cantera ... Simposio. I.A.G.O.D. con sede en la ciudad de Salta, los días 28 al 31 de ...
El nitrógeno podría ayudar a mitigar el impacto de la sequía en la ...;https://www.argentina.gob.ar/noticias/el-nitrogeno-podria-ayudar-mitigar-el-impacto-de-la-sequia-en-la-soja;27 may 2025 ... La investigación, realizada en ensayos a campo en colaboración con la Estación Experimental Agropecuaria ... Los resultados del trabajo fueron presentados en el ...
Convención ANADIM 2025;https://www.intramed.net/content/convencion-anadim-2025;"27 may 2025 ... Convención ANADIM 2025 ; Comienza: 7 de agosto de 2025 ; Finaliza: 10 de agosto de 2025 ; Ubicación: Grand Fiesta Americana Coral Beach Cancún -. Cancún, Quintana ..."
Convención ANADIM 2025;https://www.intramed.net/content/convencion-anadim-2025;"27 may 2025 ... Convención ANADIM 2025 ; Comienza: 7 de agosto de 2025 ; Finaliza: 10 de agosto de 2025 ; Ubicación: Grand Fiesta Americana Coral Beach Cancún -. Cancún, Quintana ..."
Convención ANADIM 2025;https://www.intramed.net/content/convencion-anadim-2025;"27 may 2025 ... Convención ANADIM 2025 ; Comienza: 7 de agosto de 2025 ; Finaliza: 10 de agosto de 2025 ; Ubicación: Grand Fiesta Americana Coral Beach Cancún -. Cancún, Quintana ..."
Digesto Normativa Electoral Provincial;https://www.argentina.gob.ar/sites/default/files/2025/06/digesto_normativaprovincial_2025_b.pdf;17 may 2025 ... Poder Judicial de la provincia de Córdoba, por Tribunales Nacionales ... GERARDO RUBEN MORALES PRESIDENTE CONVENCION CONSTITUYENTE. LUIS SEBASTIAN ...
Digesto Normativa Electoral Provincial;https://www.argentina.gob.ar/sites/default/files/2025/06/digesto_normativaprovincial_2025_b.pdf;17 may 2025 ... GERARDO RUBEN MORALES PRESIDENTE CONVENCION CONSTITUYENTE. LUIS SEBASTIAN ... ESCUELA DE FORMACIÓN DE LA MAGISTRATURA. Artículo 182º - Escuela de ...
Ley 11723;https://www.argentina.gob.ar/normativa/nacional/ley-11723-42755/normas-modifican;5 may 2025 ... 11723, LOS EDITORES DE LIBROS Y FOLLETOS IMPRESOS EN EL PAIS DEBERÁN ENVIAR AL ARCHIVO GENERAL ... CONVENCION DE BERNA PARA LA PROTECCION DE OBRAS ARTISTICAS Y ...
Wine Expo 2025: Comenzó la preventa de entradas para la feria de ...;https://mendoza.puntoapunto.com.ar/wine-expo-2025-comenzo-la-preventa-de-entradas-para-la-feria-de-vinos-mas-convocante-de-mendoza/;27 may 2025 ... Es la edición 12° de la feria de vinos organizada por Hotel Hilton Mendoza y Wine of Mendoza, que permite conocer la amplitud de terruños, la calidad y variedad ...
La Gran Dulce: los precios del mega outlet que revoluciona el ...;https://viapais.com.ar/economia/la-gran-dulce-los-precios-del-mega-outlet-que-revoluciona-el-invierno-para-competir-con-flores-y-la-salada/;26 may 2025 ... También hay pijamas desde $20.000, pantuflas desde $6.000 y acolchados doble plaza desde $20.000. Dónde queda La Gran Dulce, la nueva feria de ropa que comparan ...
APERTURA SESIONES ORDINARIAS 185º PERÍODO LEGISLATIVO;https://www.mendoza.gov.ar/wp-content/uploads/sites/5/2025/05/Anexos-Discruso-2025.pdf;30 abr 2025 ... Universidad del Aconcagua. En 2024 alcanzó a 2.880 niños y niñas, y en 2025 ... dores de la feria Foodex en Tokio, Japón, para realizar un seminario sobre vinos ...
Música y teatro en la agenda cultural del fin de semana;https://www.elsol.com.ar/cultura/musica-y-teatro-en-la-agenda-cultural-del-fin-de-semana/;1 may 2025 ... Habrá shows en San Rafael y, en Mendoza, en el Teatro Independencia, La Nave Cultural y el Teatro Plaza, entre otros espacios. Programación completa. Viernes ...
APERTURA SESIONES ORDINARIAS 185º PERÍODO LEGISLATIVO;https://www.mendoza.gov.ar/wp-content/uploads/sites/5/2025/05/Anexos-Discruso-2025.pdf;30 abr 2025 ... talecieron espacios emblemáticos como el Teatro Independencia y el Le Parc, y se ... · Feria del Libro (con más de 300 presentaciones literarias),. · Festival ...
Música y teatro en la agenda cultural del fin de semana;https://www.elsol.com.ar/cultura/musica-y-teatro-en-la-agenda-cultural-del-fin-de-semana/;1 may 2025 ... Habrá shows en San Rafael y, en Mendoza, en el Teatro Independencia, La Nave Cultural y el Teatro Plaza, entre otros espacios. Programación completa. Viernes ...
APERTURA SESIONES ORDINARIAS 185º PERÍODO LEGISLATIVO;https://www.mendoza.gov.ar/wp-content/uploads/sites/5/2025/05/Anexos-Discruso-2025.pdf;30 abr 2025 ... · Universidad Nacional de Cuyo (UNCuyo): Programa de Capacitación Perma- ... dores de la feria Foodex en Tokio, Japón, para realizar un seminario sobre vinos de.
Untitled;https://www.mendoza.gov.ar/wp-content/uploads/sites/26/2025/05/Informe-de-Gestio%CC%81n-2024.pdf;31 may 2025 ... En esta ocasión, se realizó una feria de mujeres penitenciarias emprendedoras en el. INFOPE. ... Universidad de Mendoza y la. Universidad Nacional de Cuyo.
Feria de Emprendedores Artesanales por el Día del Padre en ...;https://viapais.com.ar/tres-arroyos/feria-de-emprendedores-artesanales-por-el-dia-del-padre-en-gonzales-chaves/;21 may 2025 ... Feria de Emprendedores Artesanales por el Día del Padre en Gonzales Chaves. Se realizará el domingo 8 de junio en el Gimnasio Polideportivo Municipal.
Feria del Libro 2025 – Sitio oficial;https://www.malargue.gov.ar/tag/feria-del-libro-2025/;9 may 2025 ... Municipalidad de Malargüe. Etiqueta: Feria del Libro 2025. La Feria Anual del Libro se consolido como un espacio literario y cultural. Bajo el lema inspirador ...
Miles de aventuras en la nueva edición de la Feria Anual del Libro ...;https://www.malargue.gov.ar/miles-de-aventuras-en-la-nueva-edicion-de-la-feria-anual-del-libro-2025/;29 abr 2025 ... La esperada Feria llega al Polideportivo Municipal Malal – Hue del 5 al 8 de mayo con una propuesta imperdible para todas las edades.
MEMORIA SEGEMAR 2016-2019 08may.pmd;https://www.argentina.gob.ar/sites/default/files/memoria_2016-2019_0.pdf;7 may 2025 ... ... Feria del Libro de Buenos Aires. En con- secuencia el Museo MUMIN se ha ... cordillera de los Andes que podrían afectar a nuestro país, con el fin de ...
Alfredo Cornejo defendió el modelo minero de Mendoza, pero ...;https://www.elsol.com.ar/mendoza/alfredo-cornejo-defendio-el-modelo-minero-de-mendoza-pero-tambien-lanzo-una-advertencia/;20 may 2025 ... Alfredo Cornejo definió la síntesis económica que quiere para Mendoza en un panel de gobernadores en la feria Arminera 2025 en la Ciudad de Buenos Aires.
Este sábado comienza el XXII Festival Mendoza Flamenca;https://www.elsol.com.ar/cultura/este-sabado-comienza-el-xxii-festival-mendoza-flamenca/;2 may 2025 ... De 13 a 18. Tallando el suelo. Nueva Feria Flamenca + Clase Abierta + Experiencia Tablao. Entrada Gratuita. Participación en Clase Abierta. Sevillanas: 14h. y ...
Música y teatro en la agenda cultural del fin de semana;https://www.elsol.com.ar/cultura/musica-y-teatro-en-la-agenda-cultural-del-fin-de-semana/;1 may 2025 ... Como última opción, el padre recurre a una adivina de feria que lo ... Lugar: Espacio Cultural Julio Le Parc – Sala Chalo Tulián – Mitre y Godoy ...
APERTURA SESIONES ORDINARIAS 185º PERÍODO LEGISLATIVO;https://www.mendoza.gov.ar/wp-content/uploads/sites/5/2025/05/Anexos-Discruso-2025.pdf;30 abr 2025 ... El Espacio Cultural Julio Le Parc vivió una etapa de gran vitalidad con más de ... dores de la feria Foodex en Tokio, Japón, para realizar un seminario sobre ...
Este sábado, llega al Le Parc el “Swiftie Day” : Prensa Gobierno de ...;https://www.mendoza.gov.ar/prensa/este-sabado-llega-al-le-parc-el-swiftie-day/;29 abr 2025 ... El próximo sábado 3, de 16 a 20 en el Espacio Cultural Julio Le Parc (Mitre ... En el lugar habrá feria de emprendedores, juegos y actividades interactivas, ...
Wine Expo 2025: Comenzó la preventa de entradas para la feria de ...;https://mendoza.puntoapunto.com.ar/wine-expo-2025-comenzo-la-preventa-de-entradas-para-la-feria-de-vinos-mas-convocante-de-mendoza/;27 may 2025 ... Es la edición 12° de la feria de vinos organizada por Hotel Hilton Mendoza y Wine of Mendoza, que permite conocer la amplitud de terruños, la calidad y variedad ...
La Gran Dulce: los precios del mega outlet que revoluciona el ...;https://viapais.com.ar/economia/la-gran-dulce-los-precios-del-mega-outlet-que-revoluciona-el-invierno-para-competir-con-flores-y-la-salada/;26 may 2025 ... También hay pijamas desde $20.000, pantuflas desde $6.000 y acolchados doble plaza desde $20.000. Dónde queda La Gran Dulce, la nueva feria de ropa que comparan ...
APERTURA SESIONES ORDINARIAS 185º PERÍODO LEGISLATIVO;https://www.mendoza.gov.ar/wp-content/uploads/sites/5/2025/05/Anexos-Discruso-2025.pdf;30 abr 2025 ... · Curso de Seguridad para personal del Hotel Hyatt: Destinado a personal de ... · Feria del Libro (con más de 300 presentaciones literarias),. · Festival ...
Untitled;https://www.mendoza.gov.ar/wp-content/uploads/sites/26/2025/05/Informe-de-Gestio%CC%81n-2024.pdf;31 may 2025 ... En esta ocasión, se realizó una feria de mujeres penitenciarias emprendedoras en el. INFOPE. Allí, se contó con la exposición de 10 stands de emprendimientos ...
Anuncio de Jurados del 112.º Salón Nacional de Artes Visuales ...;https://www.argentina.gob.ar/noticias/anuncio-de-jurados-del-112o-salon-nacional-de-artes-visuales;29 may 2025 ... Avalada por el Instituto Universitario Patagónico de las Artes. Formada en la ... Contribuye a la gestión de El Fogón de los Arrieros y Feria de Arte a362.
APERTURA SESIONES ORDINARIAS 185º PERÍODO LEGISLATIVO;https://www.mendoza.gov.ar/wp-content/uploads/sites/5/2025/05/Anexos-Discruso-2025.pdf;30 abr 2025 ... temente autorizado por el Instituto Nacional de Vitivinicultura. La cantidad ... dores de la feria Foodex en Tokio, Japón, para realizar un seminario sobre vinos ...
Se viene un Fin de Semana Patrio a pleno en Las Heras | MendoVoz;https://www.mendovoz.com/las-heras/la-comuna/2025/5/20/se-viene-un-fin-de-semana-patrio-pleno-en-las-heras-156409.html;19 may 2025 ... Con motivo del 25 de Mayo, la Municipalidad de Las Heras organizo el evento ... También habrá feria de emprendedores, el tradicional desfile, chocolate ...
Comicruz - Godoy Cruz;https://www.godoycruz.gob.ar/evento/comicruz1/;17 may 2025 ... La exposición reunirá a ilustradores locales y ofrecerá feria artística, coleccionismo y un taller de dibujo. ... Municipalidad de Godoy Cruz. Dirección.
Se celebró el día mundial del reciclaje con actividades para ...;https://www.godoycruz.gob.ar/se-celebro-dia-mundial-del-reciclaje-actividades-promover-la-conciencia-ambiental/;15 may 2025 ... Una de las iniciativas destacadas fue el espacio del programa Costured, que compartió stand junto a la Feria del Ahorro. ... Municipalidad de Godoy Cruz.
Música, visitas guiadas y mansiones increíbles: todo lo que podés ...;https://www.mdzol.com/sociedad/2025/5/16/musica-visitas-guiadas-mansiones-increibles-todo-lo-que-podes-hacer-gratis-el-domingo-en-los-museos-de-mendoza-1210015.html;"15 may 2025 ... ... Museo Fader. (Gobierno de Mendoza). Museo de Ciencia Naturales y ... Feria Ilustrada – Edición Stickers; Ilustraciones en vivo; DJ Locyfer. Archivado en."
Las actividades del Municipio por el Día Mundial del Reciclaje ...;https://www.godoycruz.gob.ar/las-actividades-del-municipio-dia-mundial-del-reciclaje/;12 may 2025 ... Asimismo, junto a la Feria del Ahorro habrá un stand del programa Costured. ... Municipalidad de Godoy Cruz. Dirección. Rivadavia 448. Horario. Lunes a viernes ...
Se viene Comicruz: Homenaje a la Historieta Argentina - Godoy Cruz;https://www.godoycruz.gob.ar/se-viene-comicruz-homenaje-la-historieta-argentina-3/;11 may 2025 ... La exposición reunirá a ilustradores locales y ofrecerá feria artística, coleccionismo y un taller de dibujo. ... Municipalidad de Godoy Cruz. Dirección.
Mendoza participa en la Feria del Libro de Buenos Aires y hoy es la ...;https://www.mendoza.gov.ar/prensa/mendoza-participa-de-la-feria-del-libro-de-buenos-aires-y-hoy-es-la-protagonista/;"8 may 2025 ... La 49ª Feria ... Historia del Monumento Cristo Redentor de los Andes (Ediciones Culturales, 2004; y reeditado por la Municipalidad de Las Heras ..."
El 170º aniversario de Godoy Cruz se celebra a lo grande - Godoy ...;https://www.godoycruz.gob.ar/170o-aniversario-godoy-cruz-se-celebra-lo-grande3/;7 may 2025 ... Feria de Intercambio de Coleccionables – Edición Aniversario de Godoy Cruz ... Municipalidad de Godoy Cruz. Dirección. Rivadavia 448. Horario. Lunes a viernes ...
Las Heras se prepara para vivir la tercera edición de la Feria de las ...;https://www.mendovoz.com/las-heras/2025/5/3/las-heras-se-prepara-para-vivir-la-tercera-edicion-de-la-feria-de-las-mascotas-155660.html;2 may 2025 ... Las mascotas tendrán su feria en Las Heras. ... Habrá diversas actividades. ... La Municipalidad de Las Heras invita a toda la comunidad a sumarse a la tercera ...
Costarelli sobre el discurso de Alfredo Cornejo: «sin orden ...;https://www.godoycruz.gob.ar/costarelli-discurso-alfredo-cornejo-sin-orden-inversion-publica-seguridad-no-desarrollo-posible/;30 abr 2025 ... En cada feria internacional de minería, energía, vitivinicultura o turismo nos lo hacen saber. ... Municipalidad de Godoy Cruz. Dirección. Rivadavia 448.
